Status,Solve,Objval
OPTIMAL,6.052000045776367,53777.16484096313
