Status,Solve,Objval
OPTIMAL,0.0820000171661377,4.0605502244011215e10
