Status,Solve,Objval
OPTIMAL,5.371999979019165,66437.1646156902
