Costs,TotalCosts_p1,TotalCosts_p2,TotalCosts_p3
cFix,2.7896940459920883e10,4.478879144612393e9,3.97535558533392e10
cVar,2.2813498574301025e10,1.375576170818735e10,1.680308633950731e9
cNSE,0.0,0.0,0.0
cStart,0.0,0.0,0.0
cUnmetRsv,0.0,0.0,0.0
cNetworkExp,7.932258543588086e8,5.666549992916266e7,4.1461438362094676e8
