Status,Solve,Objval
OPTIMAL,40.96600008010864,5311.304962888373
