Status,Solve,Objval
OPTIMAL,2.575000047683716,53777.16484096313
