Fuel,AnnualSum
NG,0.0
None,0.0
coal,279430.9899999999
blue_ammonia,5.84390154999999e8
