Status,Solve,Objval
OPTIMAL,0.016000032424926758,23433.114698621597
