Status,Solve,Objval
OPTIMAL,5.816999912261963,66437.1646156902
