Status,Solve,Objval
OPTIMAL,28.40499997138977,14728.54255386839
