Costs,Total,Zone1,Zone2,Zone3
cTotal,5.377716484096313e10,1.751548320285483e9,9.27667396851947e8,2.794177641542225e7
cFix,1.781324659738657e9,1.0393045074810839e9,7.100015297914245e8,3.2018622466148492e7
cVar,9.361969495693718e8,7.122438128043993e8,2.1766586706052235e8,6.287269704453684e6
cNSE,0.0,0.0,0.0,0.0
cStart,0.0,0.0,0.0,0.0
cUnmetRsv,0.0,-,-,-
cNetworkExp,0.0,-,-,-
