Status,Solve,Objval
OPTIMAL,2.1059999465942383,53777.16484096313
