Voll,Demand_Segment,Cost_of_Demand_Curtailment_per_MW,Max_Demand_Curtailment,$/MWh,Rep_Periods,Timesteps_per_Rep_Period,Sub_Weights,Time_Index,Demand_MW_z1,Demand_MW_z2,Demand_MW_z3,Demand_MW_z4,Demand_MW_z5,Demand_MW_z6,Demand_MW_z7,Demand_MW_z8,Demand_MW_z9
2000000,1,1,1,2000,1,8760,8760,1,0,0,0,0,108,0,120,0,150
,2,0.9,0.04,1800,,,,2,0,0,0,0,94.2,0,134.52,0,128.4
,3,0.55,0.024,1100,,,,3,0,0,0,0,89.088,0,127.2,0,121.44
,4,0.2,0.003,400,,,,4,0,0,0,0,85.284,0,121.74,0,116.28
,,,,,,,,5,0,0,0,0,83.364,0,119.04,0,113.64
,,,,,,,,6,0,0,0,0,83.064,0,118.62,0,113.28
,,,,,,,,7,0,0,0,0,84.54,0,120.72,0,115.2
,,,,,,,,8,0,0,0,0,87.684,0,125.22,0,119.52
,,,,,,,,9,0,0,0,0,90.528,0,129.24,0,123.48
,,,,,,,,10,0,0,0,0,95.352,0,136.14,0,129.96
,,,,,,,,11,0,0,0,0,100.08,0,142.92,0,136.44
,,,,,,,,12,0,0,0,0,102.936,0,146.94,0,140.28
,,,,,,,,13,0,0,0,0,103.992,0,148.44,0,141.72
,,,,,,,,14,0,0,0,0,104.484,0,149.22,0,142.44
,,,,,,,,15,0,0,0,0,103.56,0,147.84,0,141.12
,,,,,,,,16,0,0,0,0,102.528,0,146.4,0,139.8
,,,,,,,,17,0,0,0,0,103.128,0,147.24,0,140.52
,,,,,,,,18,0,0,0,0,113.172,0,161.58,0,154.32
,,,,,,,,19,0,0,0,0,122.7,0,175.2,0,167.28
,,,,,,,,20,0,0,0,0,121.98,0,174.18,0,166.32
,,,,,,,,21,0,0,0,0,118.248,0,168.9,0,161.16
,,,,,,,,22,0,0,0,0,113.88,0,162.6,0,155.28
,,,,,,,,23,0,0,0,0,107.784,0,153.9,0,147
,,,,,,,,24,0,0,0,0,100.236,0,143.1,0,136.68
,,,,,,,,25,0,0,0,0,91.776,0,131.04,0,125.04
,,,,,,,,26,0,0,0,0,84.612,0,120.78,0,115.32
,,,,,,,,27,0,0,0,0,80.268,0,114.6,0,109.44
,,,,,,,,28,0,0,0,0,78.18,0,111.66,0,106.56
,,,,,,,,29,0,0,0,0,77.712,0,110.94,0,105.96
,,,,,,,,30,0,0,0,0,79.416,0,113.4,0,108.24
,,,,,,,,31,0,0,0,0,83.76,0,119.58,0,114.12
,,,,,,,,32,0,0,0,0,90.276,0,128.88,0,123
,,,,,,,,33,0,0,0,0,95.616,0,136.5,0,130.32
,,,,,,,,34,0,0,0,0,102.156,0,145.86,0,139.32
,,,,,,,,35,0,0,0,0,108.864,0,155.46,0,148.32
,,,,,,,,36,0,0,0,0,113.784,0,162.48,0,155.04
,,,,,,,,37,0,0,0,0,115.8,0,165.3,0,157.92
,,,,,,,,38,0,0,0,0,115.62,0,165.06,0,157.56
,,,,,,,,39,0,0,0,0,114.864,0,164.04,0,156.6
,,,,,,,,40,0,0,0,0,114.504,0,163.5,0,156.12
,,,,,,,,41,0,0,0,0,116.244,0,165.96,0,158.52
,,,,,,,,42,0,0,0,0,127.152,0,181.56,0,173.28
,,,,,,,,43,0,0,0,0,138.18,0,197.34,0,188.4
,,,,,,,,44,0,0,0,0,136.968,0,195.6,0,186.72
,,,,,,,,45,0,0,0,0,133.656,0,190.86,0,182.28
,,,,,,,,46,0,0,0,0,128.256,0,183.12,0,174.84
,,,,,,,,47,0,0,0,0,119.748,0,171,0,163.2
,,,,,,,,48,0,0,0,0,109.2,0,155.94,0,148.92
,,,,,,,,49,0,0,0,0,99.648,0,142.32,0,135.84
,,,,,,,,50,0,0,0,0,93.312,0,133.26,0,127.2
,,,,,,,,51,0,0,0,0,90.156,0,128.7,0,122.88
,,,,,,,,52,0,0,0,0,88.632,0,126.54,0,120.84
,,,,,,,,53,0,0,0,0,88.812,0,126.84,0,121.08
,,,,,,,,54,0,0,0,0,92.004,0,131.34,0,125.4
,,,,,,,,55,0,0,0,0,101.46,0,144.84,0,138.24
,,,,,,,,56,0,0,0,0,118.176,0,168.72,0,161.16
,,,,,,,,57,0,0,0,0,127.548,0,182.1,0,173.88
,,,,,,,,58,0,0,0,0,129.132,0,184.38,0,176.04
,,,,,,,,59,0,0,0,0,130.02,0,185.64,0,177.24
,,,,,,,,60,0,0,0,0,131.184,0,187.32,0,178.8
,,,,,,,,61,0,0,0,0,131.4,0,187.62,0,179.16
,,,,,,,,62,0,0,0,0,130.86,0,186.9,0,178.44
,,,,,,,,63,0,0,0,0,130.68,0,186.66,0,178.08
,,,,,,,,64,0,0,0,0,130.188,0,185.88,0,177.48
,,,,,,,,65,0,0,0,0,131.988,0,188.46,0,179.88
,,,,,,,,66,0,0,0,0,142.296,0,203.16,0,193.92
,,,,,,,,67,0,0,0,0,153.552,0,219.24,0,209.4
,,,,,,,,68,0,0,0,0,153.852,0,219.66,0,209.76
,,,,,,,,69,0,0,0,0,151.26,0,216,0,206.28
,,,,,,,,70,0,0,0,0,146.34,0,208.98,0,199.56
,,,,,,,,71,0,0,0,0,137.712,0,196.62,0,187.8
,,,,,,,,72,0,0,0,0,126.18,0,180.18,0,172.08
,,,,,,,,73,0,0,0,0,116.088,0,165.78,0,158.28
,,,,,,,,74,0,0,0,0,109.812,0,156.84,0,149.64
,,,,,,,,75,0,0,0,0,106.512,0,152.1,0,145.2
,,,,,,,,76,0,0,0,0,104.832,0,149.7,0,142.92
,,,,,,,,77,0,0,0,0,105.024,0,149.94,0,143.16
,,,,,,,,78,0,0,0,0,107.88,0,154.08,0,147.12
,,,,,,,,79,0,0,0,0,116.796,0,166.8,0,159.24
,,,,,,,,80,0,0,0,0,133.008,0,189.96,0,181.32
,,,,,,,,81,0,0,0,0,141.84,0,202.56,0,193.32
,,,,,,,,82,0,0,0,0,142.008,0,202.8,0,193.68
,,,,,,,,83,0,0,0,0,141.636,0,202.26,0,193.08
,,,,,,,,84,0,0,0,0,141.324,0,201.78,0,192.6
,,,,,,,,85,0,0,0,0,139.932,0,199.8,0,190.8
,,,,,,,,86,0,0,0,0,137.928,0,196.98,0,188.04
,,,,,,,,87,0,0,0,0,136.74,0,195.3,0,186.48
,,,,,,,,88,0,0,0,0,135.672,0,193.74,0,184.92
,,,,,,,,89,0,0,0,0,137.076,0,195.72,0,186.84
,,,,,,,,90,0,0,0,0,146.652,0,209.46,0,199.92
,,,,,,,,91,0,0,0,0,154.452,0,220.56,0,210.6
,,,,,,,,92,0,0,0,0,153.264,0,218.82,0,208.92
,,,,,,,,93,0,0,0,0,149.688,0,213.72,0,204.12
,,,,,,,,94,0,0,0,0,143.964,0,205.56,0,196.2
,,,,,,,,95,0,0,0,0,134.484,0,192.06,0,183.36
,,,,,,,,96,0,0,0,0,122.412,0,174.84,0,166.92
,,,,,,,,97,0,0,0,0,111.24,0,158.88,0,151.68
,,,,,,,,98,0,0,0,0,104.112,0,148.68,0,141.84
,,,,,,,,99,0,0,0,0,100.296,0,143.22,0,136.8
,,,,,,,,100,0,0,0,0,98.376,0,140.46,0,134.04
,,,,,,,,101,0,0,0,0,98.016,0,139.98,0,133.68
,,,,,,,,102,0,0,0,0,100.536,0,143.58,0,137.04
,,,,,,,,103,0,0,0,0,108.78,0,155.34,0,148.32
,,,,,,,,104,0,0,0,0,124.452,0,177.72,0,169.68
,,,,,,,,105,0,0,0,0,133.632,0,190.86,0,182.16
,,,,,,,,106,0,0,0,0,134.604,0,192.24,0,183.6
,,,,,,,,107,0,0,0,0,135.204,0,193.08,0,184.32
,,,,,,,,108,0,0,0,0,134.592,0,192.18,0,183.6
,,,,,,,,109,0,0,0,0,132.708,0,189.54,0,180.96
,,,,,,,,110,0,0,0,0,131.076,0,187.14,0,178.68
,,,,,,,,111,0,0,0,0,130.428,0,186.24,0,177.84
,,,,,,,,112,0,0,0,0,129.396,0,184.8,0,176.4
,,,,,,,,113,0,0,0,0,130.236,0,186,0,177.48
,,,,,,,,114,0,0,0,0,138.504,0,197.76,0,188.88
,,,,,,,,115,0,0,0,0,147.564,0,210.72,0,201.12
,,,,,,,,116,0,0,0,0,147.024,0,209.94,0,200.52
,,,,,,,,117,0,0,0,0,143.688,0,205.2,0,195.84
,,,,,,,,118,0,0,0,0,138.324,0,197.52,0,188.52
,,,,,,,,119,0,0,0,0,129.456,0,184.86,0,176.52
,,,,,,,,120,0,0,0,0,117.54,0,167.82,0,160.2
,,,,,,,,121,0,0,0,0,107.244,0,153.18,0,146.16
,,,,,,,,122,0,0,0,0,100.512,0,143.52,0,136.92
,,,,,,,,123,0,0,0,0,96.852,0,138.3,0,132
,,,,,,,,124,0,0,0,0,94.98,0,135.6,0,129.48
,,,,,,,,125,0,0,0,0,94.512,0,134.94,0,128.88
,,,,,,,,126,0,0,0,0,96.816,0,138.24,0,132
,,,,,,,,127,0,0,0,0,105,0,149.94,0,143.16
,,,,,,,,128,0,0,0,0,120.384,0,171.9,0,164.16
,,,,,,,,129,0,0,0,0,129.6,0,185.1,0,176.76
,,,,,,,,130,0,0,0,0,130.68,0,186.6,0,178.08
,,,,,,,,131,0,0,0,0,130.812,0,186.78,0,178.32
,,,,,,,,132,0,0,0,0,130.236,0,186,0,177.48
,,,,,,,,133,0,0,0,0,128.304,0,183.18,0,174.96
,,,,,,,,134,0,0,0,0,126.18,0,180.18,0,172.08
,,,,,,,,135,0,0,0,0,125.076,0,178.56,0,170.52
,,,,,,,,136,0,0,0,0,123.336,0,176.1,0,168.12
,,,,,,,,137,0,0,0,0,123.924,0,177,0,168.96
,,,,,,,,138,0,0,0,0,131.16,0,187.26,0,178.8
,,,,,,,,139,0,0,0,0,138.084,0,197.16,0,188.28
,,,,,,,,140,0,0,0,0,135.864,0,194.04,0,185.28
,,,,,,,,141,0,0,0,0,131.952,0,188.4,0,179.88
,,,,,,,,142,0,0,0,0,126.732,0,180.96,0,172.8
,,,,,,,,143,0,0,0,0,119.928,0,171.3,0,163.56
,,,,,,,,144,0,0,0,0,110.688,0,158.1,0,150.84
,,,,,,,,145,0,0,0,0,101.184,0,144.48,0,138
,,,,,,,,146,0,0,0,0,93.828,0,134.04,0,127.92
,,,,,,,,147,0,0,0,0,89.76,0,128.16,0,122.4
,,,,,,,,148,0,0,0,0,87.552,0,124.98,0,119.28
,,,,,,,,149,0,0,0,0,86.652,0,123.78,0,118.08
,,,,,,,,150,0,0,0,0,87.516,0,124.98,0,119.28
,,,,,,,,151,0,0,0,0,90.852,0,129.72,0,123.84
,,,,,,,,152,0,0,0,0,96.876,0,138.3,0,132
,,,,,,,,153,0,0,0,0,103.224,0,147.36,0,140.64
,,,,,,,,154,0,0,0,0,109.716,0,156.66,0,149.64
,,,,,,,,155,0,0,0,0,113.652,0,162.24,0,154.92
,,,,,,,,156,0,0,0,0,114.756,0,163.86,0,156.36
,,,,,,,,157,0,0,0,0,113.832,0,162.54,0,155.16
,,,,,,,,158,0,0,0,0,111.744,0,159.54,0,152.28
,,,,,,,,159,0,0,0,0,109.38,0,156.18,0,149.04
,,,,,,,,160,0,0,0,0,107.712,0,153.84,0,146.88
,,,,,,,,161,0,0,0,0,108.864,0,155.46,0,148.32
,,,,,,,,162,0,0,0,0,116.832,0,166.8,0,159.36
,,,,,,,,163,0,0,0,0,124.836,0,178.2,0,170.16
,,,,,,,,164,0,0,0,0,123.36,0,176.16,0,168.24
,,,,,,,,165,0,0,0,0,119.4,0,170.52,0,162.84
,,,,,,,,166,0,0,0,0,115.656,0,165.12,0,157.68
,,,,,,,,167,0,0,0,0,110.244,0,157.44,0,150.24
,,,,,,,,168,0,0,0,0,103.164,0,147.3,0,140.64
,,,,,,,,169,0,0,0,0,95.376,0,136.2,0,130.08
,,,,,,,,170,0,0,0,0,88.848,0,126.84,0,121.2
,,,,,,,,171,0,0,0,0,85.068,0,121.44,0,115.92
,,,,,,,,172,0,0,0,0,82.824,0,118.26,0,112.92
,,,,,,,,173,0,0,0,0,82.224,0,117.42,0,112.08
,,,,,,,,174,0,0,0,0,82.848,0,118.32,0,112.92
,,,,,,,,175,0,0,0,0,85.26,0,121.74,0,116.28
,,,,,,,,176,0,0,0,0,89.928,0,128.4,0,122.52
,,,,,,,,177,0,0,0,0,94.812,0,135.36,0,129.24
,,,,,,,,178,0,0,0,0,101.616,0,145.08,0,138.48
,,,,,,,,179,0,0,0,0,106.872,0,152.64,0,145.68
,,,,,,,,180,0,0,0,0,110.196,0,157.38,0,150.24
,,,,,,,,181,0,0,0,0,112.272,0,160.32,0,153.12
,,,,,,,,182,0,0,0,0,112.632,0,160.8,0,153.6
,,,,,,,,183,0,0,0,0,112.008,0,159.9,0,152.64
,,,,,,,,184,0,0,0,0,111.612,0,159.36,0,152.16
,,,,,,,,185,0,0,0,0,113.172,0,161.64,0,154.32
,,,,,,,,186,0,0,0,0,122.88,0,175.5,0,167.52
,,,,,,,,187,0,0,0,0,132.972,0,189.9,0,181.32
,,,,,,,,188,0,0,0,0,132.768,0,189.6,0,181.08
,,,,,,,,189,0,0,0,0,129.348,0,184.68,0,176.28
,,,,,,,,190,0,0,0,0,124.86,0,178.26,0,170.16
,,,,,,,,191,0,0,0,0,117.492,0,167.76,0,160.2
,,,,,,,,192,0,0,0,0,107.796,0,153.9,0,147
,,,,,,,,193,0,0,0,0,99.312,0,141.84,0,135.36
,,,,,,,,194,0,0,0,0,93.756,0,133.86,0,127.8
,,,,,,,,195,0,0,0,0,91.08,0,130.08,0,124.2
,,,,,,,,196,0,0,0,0,90.084,0,128.64,0,122.88
,,,,,,,,197,0,0,0,0,90.432,0,129.12,0,123.24
,,,,,,,,198,0,0,0,0,93.696,0,133.8,0,127.8
,,,,,,,,199,0,0,0,0,103.104,0,147.24,0,140.52
,,,,,,,,200,0,0,0,0,120.036,0,171.42,0,163.56
,,,,,,,,201,0,0,0,0,129.816,0,185.4,0,177
,,,,,,,,202,0,0,0,0,130.776,0,186.72,0,178.32
,,,,,,,,203,0,0,0,0,130.908,0,186.9,0,178.44
,,,,,,,,204,0,0,0,0,130.836,0,186.84,0,178.44
,,,,,,,,205,0,0,0,0,129.72,0,185.22,0,176.88
,,,,,,,,206,0,0,0,0,127.524,0,182.1,0,173.88
,,,,,,,,207,0,0,0,0,126.156,0,180.12,0,172.08
,,,,,,,,208,0,0,0,0,124.392,0,177.6,0,169.68
,,,,,,,,209,0,0,0,0,124.812,0,178.2,0,170.16
,,,,,,,,210,0,0,0,0,133.212,0,190.2,0,181.68
,,,,,,,,211,0,0,0,0,144.528,0,206.4,0,197.04
,,,,,,,,212,0,0,0,0,144.18,0,205.86,0,196.56
,,,,,,,,213,0,0,0,0,140.316,0,200.34,0,191.28
,,,,,,,,214,0,0,0,0,134.7,0,192.3,0,183.6
,,,,,,,,215,0,0,0,0,125.436,0,179.1,0,171
,,,,,,,,216,0,0,0,0,113.64,0,162.24,0,154.92
,,,,,,,,217,0,0,0,0,103.2,0,147.36,0,140.64
,,,,,,,,218,0,0,0,0,96.348,0,137.58,0,131.4
,,,,,,,,219,0,0,0,0,92.94,0,132.72,0,126.6
,,,,,,,,220,0,0,0,0,91.068,0,130.02,0,124.2
,,,,,,,,221,0,0,0,0,90.936,0,129.84,0,123.96
,,,,,,,,222,0,0,0,0,93.564,0,133.62,0,127.56
,,,,,,,,223,0,0,0,0,102.252,0,146.04,0,139.32
,,,,,,,,224,0,0,0,0,118.716,0,169.5,0,161.88
,,,,,,,,225,0,0,0,0,127.512,0,182.1,0,173.88
,,,,,,,,226,0,0,0,0,127.98,0,182.76,0,174.48
,,,,,,,,227,0,0,0,0,128.628,0,183.66,0,175.32
,,,,,,,,228,0,0,0,0,128.676,0,183.72,0,175.44
,,,,,,,,229,0,0,0,0,127.428,0,181.98,0,173.76
,,,,,,,,230,0,0,0,0,125.328,0,178.98,0,170.88
,,,,,,,,231,0,0,0,0,124.26,0,177.42,0,169.44
,,,,,,,,232,0,0,0,0,123.144,0,175.8,0,167.88
,,,,,,,,233,0,0,0,0,123.984,0,177,0,168.96
,,,,,,,,234,0,0,0,0,132.096,0,188.64,0,180.12
,,,,,,,,235,0,0,0,0,141.336,0,201.78,0,192.6
,,,,,,,,236,0,0,0,0,140.292,0,200.34,0,191.28
,,,,,,,,237,0,0,0,0,136.812,0,195.36,0,186.6
,,,,,,,,238,0,0,0,0,131.676,0,188.04,0,179.52
,,,,,,,,239,0,0,0,0,123,0,175.62,0,167.76
,,,,,,,,240,0,0,0,0,111.564,0,159.3,0,152.04
,,,,,,,,241,0,0,0,0,101.616,0,145.08,0,138.48
,,,,,,,,242,0,0,0,0,95.304,0,136.14,0,129.96
,,,,,,,,243,0,0,0,0,92.148,0,131.58,0,125.64
,,,,,,,,244,0,0,0,0,90.696,0,129.48,0,123.6
,,,,,,,,245,0,0,0,0,91.104,0,130.08,0,124.2
,,,,,,,,246,0,0,0,0,93.96,0,134.16,0,128.04
,,,,,,,,247,0,0,0,0,103.356,0,147.54,0,140.88
,,,,,,,,248,0,0,0,0,119.892,0,171.24,0,163.56
,,,,,,,,249,0,0,0,0,128.664,0,183.72,0,175.44
,,,,,,,,250,0,0,0,0,128.676,0,183.72,0,175.44
,,,,,,,,251,0,0,0,0,127.908,0,182.64,0,174.36
,,,,,,,,252,0,0,0,0,127.452,0,181.98,0,173.76
,,,,,,,,253,0,0,0,0,126.432,0,180.54,0,172.32
,,,,,,,,254,0,0,0,0,124.656,0,177.96,0,169.92
,,,,,,,,255,0,0,0,0,123.936,0,177,0,168.96
,,,,,,,,256,0,0,0,0,122.76,0,175.26,0,167.28
,,,,,,,,257,0,0,0,0,123.588,0,176.46,0,168.48
,,,,,,,,258,0,0,0,0,131.58,0,187.86,0,179.4
,,,,,,,,259,0,0,0,0,141.372,0,201.9,0,192.72
,,,,,,,,260,0,0,0,0,140.844,0,201.12,0,192
,,,,,,,,261,0,0,0,0,137.376,0,196.2,0,187.2
,,,,,,,,262,0,0,0,0,132.108,0,188.64,0,180.12
,,,,,,,,263,0,0,0,0,123.06,0,175.74,0,167.76
,,,,,,,,264,0,0,0,0,111.3,0,158.94,0,151.8
,,,,,,,,265,0,0,0,0,100.944,0,144.12,0,137.52
,,,,,,,,266,0,0,0,0,94.104,0,134.34,0,128.28
,,,,,,,,267,0,0,0,0,90.348,0,129,0,123.12
,,,,,,,,268,0,0,0,0,88.572,0,126.48,0,120.72
,,,,,,,,269,0,0,0,0,88.536,0,126.42,0,120.6
,,,,,,,,270,0,0,0,0,91.284,0,130.32,0,124.44
,,,,,,,,271,0,0,0,0,99.864,0,142.56,0,136.2
,,,,,,,,272,0,0,0,0,115.296,0,164.64,0,157.2
,,,,,,,,273,0,0,0,0,125.964,0,179.88,0,171.72
,,,,,,,,274,0,0,0,0,128.928,0,184.08,0,175.68
,,,,,,,,275,0,0,0,0,131.028,0,187.14,0,178.68
,,,,,,,,276,0,0,0,0,132.876,0,189.72,0,181.08
,,,,,,,,277,0,0,0,0,133.344,0,190.38,0,181.8
,,,,,,,,278,0,0,0,0,132.816,0,189.66,0,181.08
,,,,,,,,279,0,0,0,0,132.228,0,188.82,0,180.24
,,,,,,,,280,0,0,0,0,130.476,0,186.3,0,177.84
,,,,,,,,281,0,0,0,0,130.164,0,185.88,0,177.48
,,,,,,,,282,0,0,0,0,136.368,0,194.76,0,186
,,,,,,,,283,0,0,0,0,143.412,0,204.78,0,195.6
,,,,,,,,284,0,0,0,0,141.96,0,202.68,0,193.56
,,,,,,,,285,0,0,0,0,137.748,0,196.68,0,187.8
,,,,,,,,286,0,0,0,0,131.964,0,188.4,0,179.88
,,,,,,,,287,0,0,0,0,122.688,0,175.2,0,167.16
,,,,,,,,288,0,0,0,0,111.012,0,158.52,0,151.32
,,,,,,,,289,0,0,0,0,100.86,0,144,0,137.52
,,,,,,,,290,0,0,0,0,93.732,0,133.86,0,127.8
,,,,,,,,291,0,0,0,0,90.156,0,128.7,0,122.88
,,,,,,,,292,0,0,0,0,88.452,0,126.3,0,120.48
,,,,,,,,293,0,0,0,0,88.128,0,125.88,0,120.12
,,,,,,,,294,0,0,0,0,90.504,0,129.24,0,123.36
,,,,,,,,295,0,0,0,0,98.604,0,140.82,0,134.4
,,,,,,,,296,0,0,0,0,114.012,0,162.78,0,155.4
,,,,,,,,297,0,0,0,0,124.08,0,177.18,0,169.08
,,,,,,,,298,0,0,0,0,126.036,0,180,0,171.84
,,,,,,,,299,0,0,0,0,126.576,0,180.72,0,172.56
,,,,,,,,300,0,0,0,0,126.744,0,180.96,0,172.8
,,,,,,,,301,0,0,0,0,126.192,0,180.18,0,172.08
,,,,,,,,302,0,0,0,0,125.04,0,178.56,0,170.52
,,,,,,,,303,0,0,0,0,124.536,0,177.84,0,169.8
,,,,,,,,304,0,0,0,0,124.068,0,177.18,0,169.08
,,,,,,,,305,0,0,0,0,125.868,0,179.7,0,171.6
,,,,,,,,306,0,0,0,0,133.692,0,190.92,0,182.28
,,,,,,,,307,0,0,0,0,141.54,0,202.14,0,192.96
,,,,,,,,308,0,0,0,0,140.256,0,200.28,0,191.28
,,,,,,,,309,0,0,0,0,136.668,0,195.18,0,186.36
,,,,,,,,310,0,0,0,0,132.12,0,188.7,0,180.12
,,,,,,,,311,0,0,0,0,125.34,0,178.98,0,170.88
,,,,,,,,312,0,0,0,0,116.244,0,165.96,0,158.52
,,,,,,,,313,0,0,0,0,107.172,0,153,0,146.04
,,,,,,,,314,0,0,0,0,100.092,0,142.92,0,136.44
,,,,,,,,315,0,0,0,0,95.952,0,137.04,0,130.8
,,,,,,,,316,0,0,0,0,93.624,0,133.74,0,127.68
,,,,,,,,317,0,0,0,0,92.904,0,132.66,0,126.6
,,,,,,,,318,0,0,0,0,93.876,0,134.04,0,127.92
,,,,,,,,319,0,0,0,0,97.164,0,138.78,0,132.48
,,,,,,,,320,0,0,0,0,103.332,0,147.54,0,140.88
,,,,,,,,321,0,0,0,0,109.536,0,156.42,0,149.28
,,,,,,,,322,0,0,0,0,116.556,0,166.44,0,158.88
,,,,,,,,323,0,0,0,0,122.076,0,174.3,0,166.44
,,,,,,,,324,0,0,0,0,124.404,0,177.6,0,169.68
,,,,,,,,325,0,0,0,0,123.624,0,176.52,0,168.48
,,,,,,,,326,0,0,0,0,121.656,0,173.7,0,165.96
,,,,,,,,327,0,0,0,0,119.376,0,170.46,0,162.72
,,,,,,,,328,0,0,0,0,118.296,0,168.9,0,161.28
,,,,,,,,329,0,0,0,0,119.256,0,170.28,0,162.6
,,,,,,,,330,0,0,0,0,127.032,0,181.38,0,173.28
,,,,,,,,331,0,0,0,0,137.64,0,196.56,0,187.68
,,,,,,,,332,0,0,0,0,137.604,0,196.5,0,187.68
,,,,,,,,333,0,0,0,0,134.52,0,192.06,0,183.48
,,,,,,,,334,0,0,0,0,130.284,0,186.06,0,177.6
,,,,,,,,335,0,0,0,0,125.124,0,178.68,0,170.64
,,,,,,,,336,0,0,0,0,118.992,0,169.92,0,162.24
,,,,,,,,337,0,0,0,0,111.852,0,159.72,0,152.52
,,,,,,,,338,0,0,0,0,105.132,0,150.12,0,143.4
,,,,,,,,339,0,0,0,0,101.112,0,144.36,0,137.88
,,,,,,,,340,0,0,0,0,99.48,0,142.08,0,135.6
,,,,,,,,341,0,0,0,0,99.288,0,141.78,0,135.36
,,,,,,,,342,0,0,0,0,100.404,0,143.34,0,136.8
,,,,,,,,343,0,0,0,0,103.2,0,147.36,0,140.64
,,,,,,,,344,0,0,0,0,108.024,0,154.26,0,147.24
,,,,,,,,345,0,0,0,0,113.232,0,161.64,0,154.44
,,,,,,,,346,0,0,0,0,120.588,0,172.2,0,164.4
,,,,,,,,347,0,0,0,0,126.12,0,180.06,0,171.96
,,,,,,,,348,0,0,0,0,129.144,0,184.38,0,176.04
,,,,,,,,349,0,0,0,0,130.152,0,185.82,0,177.48
,,,,,,,,350,0,0,0,0,130.044,0,185.7,0,177.36
,,,,,,,,351,0,0,0,0,128.724,0,183.84,0,175.56
,,,,,,,,352,0,0,0,0,127.932,0,182.7,0,174.48
,,,,,,,,353,0,0,0,0,128.964,0,184.14,0,175.8
,,,,,,,,354,0,0,0,0,137.316,0,196.08,0,187.2
,,,,,,,,355,0,0,0,0,148.236,0,211.68,0,202.08
,,,,,,,,356,0,0,0,0,148.416,0,211.92,0,202.32
,,,,,,,,357,0,0,0,0,144.288,0,206.04,0,196.8
,,,,,,,,358,0,0,0,0,140.16,0,200.16,0,191.04
,,,,,,,,359,0,0,0,0,133.176,0,190.2,0,181.56
,,,,,,,,360,0,0,0,0,124.836,0,178.26,0,170.16
,,,,,,,,361,0,0,0,0,116.484,0,166.32,0,158.76
,,,,,,,,362,0,0,0,0,110.616,0,157.98,0,150.84
,,,,,,,,363,0,0,0,0,107.556,0,153.54,0,146.64
,,,,,,,,364,0,0,0,0,106.32,0,151.8,0,144.96
,,,,,,,,365,0,0,0,0,106.368,0,151.92,0,144.96
,,,,,,,,366,0,0,0,0,108.828,0,155.4,0,148.32
,,,,,,,,367,0,0,0,0,115.248,0,164.58,0,157.08
,,,,,,,,368,0,0,0,0,125.856,0,179.7,0,171.6
,,,,,,,,369,0,0,0,0,133.668,0,190.86,0,182.28
,,,,,,,,370,0,0,0,0,139.044,0,198.54,0,189.6
,,,,,,,,371,0,0,0,0,142.044,0,202.86,0,193.68
,,,,,,,,372,0,0,0,0,143.196,0,204.48,0,195.24
,,,,,,,,373,0,0,0,0,142.056,0,202.86,0,193.68
,,,,,,,,374,0,0,0,0,139.776,0,199.56,0,190.56
,,,,,,,,375,0,0,0,0,138.18,0,197.34,0,188.4
,,,,,,,,376,0,0,0,0,136.44,0,194.82,0,186
,,,,,,,,377,0,0,0,0,136.704,0,195.24,0,186.36
,,,,,,,,378,0,0,0,0,143.664,0,205.14,0,195.84
,,,,,,,,379,0,0,0,0,152.94,0,218.4,0,208.44
,,,,,,,,380,0,0,0,0,151.248,0,216,0,206.16
,,,,,,,,381,0,0,0,0,146.676,0,209.46,0,199.92
,,,,,,,,382,0,0,0,0,140.016,0,199.92,0,190.8
,,,,,,,,383,0,0,0,0,130.416,0,186.24,0,177.84
,,,,,,,,384,0,0,0,0,118.932,0,169.8,0,162.12
,,,,,,,,385,0,0,0,0,108.336,0,154.74,0,147.72
,,,,,,,,386,0,0,0,0,101.064,0,144.3,0,137.76
,,,,,,,,387,0,0,0,0,96.96,0,138.48,0,132.12
,,,,,,,,388,0,0,0,0,95.112,0,135.84,0,129.6
,,,,,,,,389,0,0,0,0,94.62,0,135.12,0,129
,,,,,,,,390,0,0,0,0,97.008,0,138.54,0,132.24
,,,,,,,,391,0,0,0,0,105.252,0,150.24,0,143.52
,,,,,,,,392,0,0,0,0,120.204,0,171.66,0,163.92
,,,,,,,,393,0,0,0,0,128.976,0,184.2,0,175.8
,,,,,,,,394,0,0,0,0,130.272,0,186.06,0,177.6
,,,,,,,,395,0,0,0,0,130.332,0,186.06,0,177.6
,,,,,,,,396,0,0,0,0,130.236,0,186,0,177.48
,,,,,,,,397,0,0,0,0,129.732,0,185.22,0,176.88
,,,,,,,,398,0,0,0,0,129.048,0,184.26,0,175.92
,,,,,,,,399,0,0,0,0,128.892,0,184.08,0,175.68
,,,,,,,,400,0,0,0,0,128.46,0,183.42,0,175.08
,,,,,,,,401,0,0,0,0,129.696,0,185.16,0,176.88
,,,,,,,,402,0,0,0,0,136.896,0,195.48,0,186.6
,,,,,,,,403,0,0,0,0,143.88,0,205.44,0,196.2
,,,,,,,,404,0,0,0,0,141.876,0,202.56,0,193.44
,,,,,,,,405,0,0,0,0,137.604,0,196.5,0,187.56
,,,,,,,,406,0,0,0,0,131.232,0,187.44,0,178.92
,,,,,,,,407,0,0,0,0,121.74,0,173.82,0,165.96
,,,,,,,,408,0,0,0,0,109.896,0,156.9,0,149.76
,,,,,,,,409,0,0,0,0,99.24,0,141.72,0,135.24
,,,,,,,,410,0,0,0,0,92.076,0,131.46,0,125.52
,,,,,,,,411,0,0,0,0,88.416,0,126.24,0,120.48
,,,,,,,,412,0,0,0,0,86.52,0,123.54,0,117.96
,,,,,,,,413,0,0,0,0,86.304,0,123.24,0,117.6
,,,,,,,,414,0,0,0,0,89.136,0,127.26,0,121.56
,,,,,,,,415,0,0,0,0,98.34,0,140.4,0,134.04
,,,,,,,,416,0,0,0,0,115.212,0,164.52,0,157.08
,,,,,,,,417,0,0,0,0,124.044,0,177.12,0,169.08
,,,,,,,,418,0,0,0,0,124.968,0,178.44,0,170.28
,,,,,,,,419,0,0,0,0,125.724,0,179.52,0,171.36
,,,,,,,,420,0,0,0,0,126.696,0,180.9,0,172.68
,,,,,,,,421,0,0,0,0,126.756,0,181.02,0,172.8
,,,,,,,,422,0,0,0,0,126.168,0,180.18,0,172.08
,,,,,,,,423,0,0,0,0,126.024,0,180,0,171.84
,,,,,,,,424,0,0,0,0,125.424,0,179.1,0,171
,,,,,,,,425,0,0,0,0,126.48,0,180.6,0,172.44
,,,,,,,,426,0,0,0,0,134.004,0,191.34,0,182.76
,,,,,,,,427,0,0,0,0,146.664,0,209.46,0,199.92
,,,,,,,,428,0,0,0,0,147.732,0,210.96,0,201.48
,,,,,,,,429,0,0,0,0,145.164,0,207.3,0,197.88
,,,,,,,,430,0,0,0,0,140.172,0,200.16,0,191.04
,,,,,,,,431,0,0,0,0,131.7,0,188.1,0,179.52
,,,,,,,,432,0,0,0,0,120.912,0,172.68,0,164.76
,,,,,,,,433,0,0,0,0,110.988,0,158.46,0,151.32
,,,,,,,,434,0,0,0,0,104.808,0,149.64,0,142.92
,,,,,,,,435,0,0,0,0,101.856,0,145.44,0,138.84
,,,,,,,,436,0,0,0,0,100.632,0,143.7,0,137.16
,,,,,,,,437,0,0,0,0,100.86,0,144,0,137.52
,,,,,,,,438,0,0,0,0,104.064,0,148.56,0,141.84
,,,,,,,,439,0,0,0,0,113.352,0,161.88,0,154.56
,,,,,,,,440,0,0,0,0,130.32,0,186.06,0,177.6
,,,,,,,,441,0,0,0,0,139.212,0,198.78,0,189.72
,,,,,,,,442,0,0,0,0,139.596,0,199.32,0,190.32
,,,,,,,,443,0,0,0,0,138.888,0,198.36,0,189.36
,,,,,,,,444,0,0,0,0,138.132,0,197.22,0,188.4
,,,,,,,,445,0,0,0,0,136.416,0,194.76,0,186
,,,,,,,,446,0,0,0,0,134.28,0,191.76,0,183
,,,,,,,,447,0,0,0,0,132.936,0,189.84,0,181.2
,,,,,,,,448,0,0,0,0,131.352,0,187.56,0,179.16
,,,,,,,,449,0,0,0,0,132.252,0,188.88,0,180.36
,,,,,,,,450,0,0,0,0,138.924,0,198.36,0,189.48
,,,,,,,,451,0,0,0,0,148.224,0,211.68,0,202.08
,,,,,,,,452,0,0,0,0,147.96,0,211.26,0,201.72
,,,,,,,,453,0,0,0,0,145.404,0,207.66,0,198.24
,,,,,,,,454,0,0,0,0,139.572,0,199.32,0,190.2
,,,,,,,,455,0,0,0,0,130.38,0,186.18,0,177.72
,,,,,,,,456,0,0,0,0,118.8,0,169.62,0,162
,,,,,,,,457,0,0,0,0,108.3,0,154.68,0,147.72
,,,,,,,,458,0,0,0,0,101.208,0,144.54,0,138
,,,,,,,,459,0,0,0,0,97.2,0,138.84,0,132.6
,,,,,,,,460,0,0,0,0,95.364,0,136.14,0,129.96
,,,,,,,,461,0,0,0,0,94.956,0,135.6,0,129.48
,,,,,,,,462,0,0,0,0,97.824,0,139.74,0,133.32
,,,,,,,,463,0,0,0,0,106.392,0,151.92,0,145.08
,,,,,,,,464,0,0,0,0,122.256,0,174.6,0,166.68
,,,,,,,,465,0,0,0,0,130.692,0,186.66,0,178.08
,,,,,,,,466,0,0,0,0,131.64,0,187.98,0,179.4
,,,,,,,,467,0,0,0,0,132.024,0,188.52,0,180
,,,,,,,,468,0,0,0,0,132.396,0,189.06,0,180.48
,,,,,,,,469,0,0,0,0,131.856,0,188.28,0,179.76
,,,,,,,,470,0,0,0,0,130.38,0,186.18,0,177.72
,,,,,,,,471,0,0,0,0,129.432,0,184.86,0,176.4
,,,,,,,,472,0,0,0,0,127.872,0,182.58,0,174.36
,,,,,,,,473,0,0,0,0,128.088,0,182.94,0,174.6
,,,,,,,,474,0,0,0,0,133.776,0,191.04,0,182.4
,,,,,,,,475,0,0,0,0,144.3,0,206.1,0,196.8
,,,,,,,,476,0,0,0,0,143.76,0,205.26,0,195.96
,,,,,,,,477,0,0,0,0,140.232,0,200.22,0,191.16
,,,,,,,,478,0,0,0,0,135.66,0,193.74,0,184.92
,,,,,,,,479,0,0,0,0,129.132,0,184.38,0,176.04
,,,,,,,,480,0,0,0,0,120.228,0,171.66,0,163.92
,,,,,,,,481,0,0,0,0,110.916,0,158.34,0,151.2
,,,,,,,,482,0,0,0,0,104.28,0,148.92,0,142.2
,,,,,,,,483,0,0,0,0,100.56,0,143.58,0,137.04
,,,,,,,,484,0,0,0,0,98.28,0,140.34,0,133.92
,,,,,,,,485,0,0,0,0,97.392,0,139.08,0,132.72
,,,,,,,,486,0,0,0,0,98.22,0,140.28,0,133.92
,,,,,,,,487,0,0,0,0,101.4,0,144.84,0,138.24
,,,,,,,,488,0,0,0,0,107.676,0,153.78,0,146.76
,,,,,,,,489,0,0,0,0,115.152,0,164.4,0,156.96
,,,,,,,,490,0,0,0,0,123.48,0,176.34,0,168.36
,,,,,,,,491,0,0,0,0,130.74,0,186.66,0,178.2
,,,,,,,,492,0,0,0,0,135.204,0,193.08,0,184.32
,,,,,,,,493,0,0,0,0,137.112,0,195.78,0,186.96
,,,,,,,,494,0,0,0,0,137.1,0,195.78,0,186.96
,,,,,,,,495,0,0,0,0,135.36,0,193.26,0,184.56
,,,,,,,,496,0,0,0,0,133.152,0,190.14,0,181.56
,,,,,,,,497,0,0,0,0,132.216,0,188.76,0,180.24
,,,,,,,,498,0,0,0,0,137.268,0,195.96,0,187.2
,,,,,,,,499,0,0,0,0,145.932,0,208.38,0,198.96
,,,,,,,,500,0,0,0,0,144.432,0,206.22,0,196.92
,,,,,,,,501,0,0,0,0,139.428,0,199.08,0,190.08
,,,,,,,,502,0,0,0,0,134.28,0,191.7,0,183
,,,,,,,,503,0,0,0,0,127.608,0,182.22,0,173.88
,,,,,,,,504,0,0,0,0,119.412,0,170.52,0,162.84
,,,,,,,,505,0,0,0,0,111.396,0,159.06,0,151.92
,,,,,,,,506,0,0,0,0,105.132,0,150.12,0,143.4
,,,,,,,,507,0,0,0,0,101.688,0,145.2,0,138.72
,,,,,,,,508,0,0,0,0,100.032,0,142.8,0,136.32
,,,,,,,,509,0,0,0,0,99.3,0,141.84,0,135.36
,,,,,,,,510,0,0,0,0,99.96,0,142.74,0,136.32
,,,,,,,,511,0,0,0,0,102.684,0,146.64,0,139.92
,,,,,,,,512,0,0,0,0,107.508,0,153.54,0,146.64
,,,,,,,,513,0,0,0,0,112.788,0,161.04,0,153.84
,,,,,,,,514,0,0,0,0,119.784,0,171,0,163.32
,,,,,,,,515,0,0,0,0,124.092,0,177.18,0,169.2
,,,,,,,,516,0,0,0,0,125.796,0,179.64,0,171.48
,,,,,,,,517,0,0,0,0,125.772,0,179.58,0,171.36
,,,,,,,,518,0,0,0,0,125.016,0,178.5,0,170.4
,,,,,,,,519,0,0,0,0,124.068,0,177.18,0,169.08
,,,,,,,,520,0,0,0,0,123.696,0,176.64,0,168.6
,,,,,,,,521,0,0,0,0,123.912,0,176.94,0,168.96
,,,,,,,,522,0,0,0,0,129.696,0,185.16,0,176.88
,,,,,,,,523,0,0,0,0,138.324,0,197.52,0,188.52
,,,,,,,,524,0,0,0,0,138.372,0,197.58,0,188.64
,,,,,,,,525,0,0,0,0,135.84,0,193.98,0,185.28
,,,,,,,,526,0,0,0,0,130.86,0,186.9,0,178.44
,,,,,,,,527,0,0,0,0,122.664,0,175.2,0,167.16
,,,,,,,,528,0,0,0,0,113.496,0,162.06,0,154.68
,,,,,,,,529,0,0,0,0,104.196,0,148.74,0,142.08
,,,,,,,,530,0,0,0,0,97.512,0,139.26,0,132.96
,,,,,,,,531,0,0,0,0,94.104,0,134.34,0,128.28
,,,,,,,,532,0,0,0,0,92.724,0,132.42,0,126.48
,,,,,,,,533,0,0,0,0,92.796,0,132.54,0,126.6
,,,,,,,,534,0,0,0,0,95.676,0,136.62,0,130.44
,,,,,,,,535,0,0,0,0,104.448,0,149.1,0,142.32
,,,,,,,,536,0,0,0,0,120.408,0,171.9,0,164.16
,,,,,,,,537,0,0,0,0,129.372,0,184.74,0,176.28
,,,,,,,,538,0,0,0,0,131.304,0,187.56,0,179.04
,,,,,,,,539,0,0,0,0,132.396,0,189.06,0,180.48
,,,,,,,,540,0,0,0,0,133.428,0,190.56,0,181.92
,,,,,,,,541,0,0,0,0,133.236,0,190.2,0,181.68
,,,,,,,,542,0,0,0,0,131.952,0,188.4,0,179.88
,,,,,,,,543,0,0,0,0,131.052,0,187.14,0,178.68
,,,,,,,,544,0,0,0,0,129.636,0,185.1,0,176.76
,,,,,,,,545,0,0,0,0,129.696,0,185.16,0,176.88
,,,,,,,,546,0,0,0,0,135.612,0,193.62,0,184.8
,,,,,,,,547,0,0,0,0,144.228,0,205.92,0,196.68
,,,,,,,,548,0,0,0,0,143.028,0,204.24,0,195
,,,,,,,,549,0,0,0,0,138.492,0,197.76,0,188.88
,,,,,,,,550,0,0,0,0,131.964,0,188.4,0,179.88
,,,,,,,,551,0,0,0,0,122.364,0,174.72,0,166.8
,,,,,,,,552,0,0,0,0,110.328,0,157.5,0,150.36
,,,,,,,,553,0,0,0,0,99.42,0,141.96,0,135.6
,,,,,,,,554,0,0,0,0,92.484,0,132.06,0,126
,,,,,,,,555,0,0,0,0,88.092,0,125.82,0,120
,,,,,,,,556,0,0,0,0,85.944,0,122.7,0,117.12
,,,,,,,,557,0,0,0,0,85.392,0,121.92,0,116.4
,,,,,,,,558,0,0,0,0,87.828,0,125.4,0,119.76
,,,,,,,,559,0,0,0,0,95.928,0,136.98,0,130.8
,,,,,,,,560,0,0,0,0,112.044,0,159.96,0,152.76
,,,,,,,,561,0,0,0,0,120.936,0,172.68,0,164.88
,,,,,,,,562,0,0,0,0,121.836,0,174,0,166.08
,,,,,,,,563,0,0,0,0,121.332,0,173.28,0,165.36
,,,,,,,,564,0,0,0,0,121.476,0,173.46,0,165.6
,,,,,,,,565,0,0,0,0,120.972,0,172.74,0,164.88
,,,,,,,,566,0,0,0,0,119.58,0,170.76,0,162.96
,,,,,,,,567,0,0,0,0,118.668,0,169.5,0,161.76
,,,,,,,,568,0,0,0,0,117.396,0,167.64,0,159.96
,,,,,,,,569,0,0,0,0,117.492,0,167.76,0,160.2
,,,,,,,,570,0,0,0,0,123.372,0,176.16,0,168.24
,,,,,,,,571,0,0,0,0,134.184,0,191.64,0,183
,,,,,,,,572,0,0,0,0,134.304,0,191.76,0,183.12
,,,,,,,,573,0,0,0,0,131.112,0,187.2,0,178.68
,,,,,,,,574,0,0,0,0,125.916,0,179.82,0,171.6
,,,,,,,,575,0,0,0,0,117.312,0,167.52,0,159.84
,,,,,,,,576,0,0,0,0,106.56,0,152.16,0,145.32
,,,,,,,,577,0,0,0,0,96.504,0,137.82,0,131.52
,,,,,,,,578,0,0,0,0,90.036,0,128.58,0,122.76
,,,,,,,,579,0,0,0,0,86.784,0,123.9,0,118.32
,,,,,,,,580,0,0,0,0,85.332,0,121.86,0,116.28
,,,,,,,,581,0,0,0,0,85.404,0,121.98,0,116.4
,,,,,,,,582,0,0,0,0,88.152,0,125.88,0,120.12
,,,,,,,,583,0,0,0,0,97.044,0,138.54,0,132.24
,,,,,,,,584,0,0,0,0,113.88,0,162.6,0,155.28
,,,,,,,,585,0,0,0,0,123.276,0,176.04,0,168.12
,,,,,,,,586,0,0,0,0,124.056,0,177.12,0,169.08
,,,,,,,,587,0,0,0,0,124.752,0,178.14,0,170.16
,,,,,,,,588,0,0,0,0,125.316,0,178.92,0,170.88
,,,,,,,,589,0,0,0,0,124.992,0,178.5,0,170.4
,,,,,,,,590,0,0,0,0,123.744,0,176.7,0,168.72
,,,,,,,,591,0,0,0,0,123.072,0,175.74,0,167.76
,,,,,,,,592,0,0,0,0,121.656,0,173.7,0,165.96
,,,,,,,,593,0,0,0,0,121.464,0,173.46,0,165.6
,,,,,,,,594,0,0,0,0,126.936,0,181.26,0,173.04
,,,,,,,,595,0,0,0,0,138.876,0,198.36,0,189.36
,,,,,,,,596,0,0,0,0,139.68,0,199.5,0,190.44
,,,,,,,,597,0,0,0,0,136.5,0,194.94,0,186.12
,,,,,,,,598,0,0,0,0,131.496,0,187.8,0,179.28
,,,,,,,,599,0,0,0,0,122.532,0,174.96,0,167.04
,,,,,,,,600,0,0,0,0,110.916,0,158.34,0,151.2
,,,,,,,,601,0,0,0,0,100.62,0,143.64,0,137.16
,,,,,,,,602,0,0,0,0,93.9,0,134.1,0,128.04
,,,,,,,,603,0,0,0,0,90.468,0,129.18,0,123.36
,,,,,,,,604,0,0,0,0,88.848,0,126.84,0,121.2
,,,,,,,,605,0,0,0,0,88.776,0,126.78,0,121.08
,,,,,,,,606,0,0,0,0,91.584,0,130.8,0,124.8
,,,,,,,,607,0,0,0,0,100.116,0,142.98,0,136.44
,,,,,,,,608,0,0,0,0,116.844,0,166.8,0,159.36
,,,,,,,,609,0,0,0,0,125.784,0,179.64,0,171.48
,,,,,,,,610,0,0,0,0,126.384,0,180.48,0,172.32
,,,,,,,,611,0,0,0,0,126,0,179.94,0,171.84
,,,,,,,,612,0,0,0,0,125.688,0,179.46,0,171.36
,,,,,,,,613,0,0,0,0,124.86,0,178.32,0,170.16
,,,,,,,,614,0,0,0,0,123.864,0,176.88,0,168.84
,,,,,,,,615,0,0,0,0,123.768,0,176.7,0,168.72
,,,,,,,,616,0,0,0,0,123.42,0,176.22,0,168.24
,,,,,,,,617,0,0,0,0,124.368,0,177.6,0,169.56
,,,,,,,,618,0,0,0,0,130.416,0,186.24,0,177.84
,,,,,,,,619,0,0,0,0,139.92,0,199.8,0,190.8
,,,,,,,,620,0,0,0,0,139.56,0,199.26,0,190.2
,,,,,,,,621,0,0,0,0,136.332,0,194.7,0,185.88
,,,,,,,,622,0,0,0,0,130.932,0,186.96,0,178.56
,,,,,,,,623,0,0,0,0,122.292,0,174.6,0,166.68
,,,,,,,,624,0,0,0,0,110.928,0,158.4,0,151.2
,,,,,,,,625,0,0,0,0,100.752,0,143.88,0,137.4
,,,,,,,,626,0,0,0,0,93.864,0,134.04,0,127.92
,,,,,,,,627,0,0,0,0,89.928,0,128.4,0,122.52
,,,,,,,,628,0,0,0,0,88.116,0,125.82,0,120.12
,,,,,,,,629,0,0,0,0,87.468,0,124.92,0,119.28
,,,,,,,,630,0,0,0,0,89.784,0,128.22,0,122.4
,,,,,,,,631,0,0,0,0,97.704,0,139.5,0,133.2
,,,,,,,,632,0,0,0,0,112.656,0,160.86,0,153.6
,,,,,,,,633,0,0,0,0,122.796,0,175.32,0,167.4
,,,,,,,,634,0,0,0,0,125.928,0,179.82,0,171.72
,,,,,,,,635,0,0,0,0,127.98,0,182.76,0,174.48
,,,,,,,,636,0,0,0,0,129.36,0,184.74,0,176.28
,,,,,,,,637,0,0,0,0,129.804,0,185.34,0,176.88
,,,,,,,,638,0,0,0,0,128.916,0,184.08,0,175.68
,,,,,,,,639,0,0,0,0,127.884,0,182.64,0,174.36
,,,,,,,,640,0,0,0,0,126.192,0,180.18,0,172.08
,,,,,,,,641,0,0,0,0,125.616,0,179.4,0,171.24
,,,,,,,,642,0,0,0,0,129.456,0,184.86,0,176.52
,,,,,,,,643,0,0,0,0,135.048,0,192.84,0,184.2
,,,,,,,,644,0,0,0,0,133.056,0,190.02,0,181.44
,,,,,,,,645,0,0,0,0,128.58,0,183.6,0,175.32
,,,,,,,,646,0,0,0,0,123.744,0,176.7,0,168.72
,,,,,,,,647,0,0,0,0,117.204,0,167.4,0,159.84
,,,,,,,,648,0,0,0,0,108.492,0,154.92,0,147.84
,,,,,,,,649,0,0,0,0,99.66,0,142.32,0,135.84
,,,,,,,,650,0,0,0,0,92.556,0,132.18,0,126.12
,,,,,,,,651,0,0,0,0,88.272,0,126.06,0,120.36
,,,,,,,,652,0,0,0,0,86.088,0,122.88,0,117.36
,,,,,,,,653,0,0,0,0,85.272,0,121.74,0,116.28
,,,,,,,,654,0,0,0,0,86.04,0,122.88,0,117.36
,,,,,,,,655,0,0,0,0,89.64,0,128.04,0,122.28
,,,,,,,,656,0,0,0,0,95.868,0,136.92,0,130.68
,,,,,,,,657,0,0,0,0,102.516,0,146.34,0,139.8
,,,,,,,,658,0,0,0,0,109.548,0,156.42,0,149.4
,,,,,,,,659,0,0,0,0,114.048,0,162.9,0,155.52
,,,,,,,,660,0,0,0,0,116.052,0,165.72,0,158.16
,,,,,,,,661,0,0,0,0,114.936,0,164.1,0,156.72
,,,,,,,,662,0,0,0,0,112.764,0,161.04,0,153.72
,,,,,,,,663,0,0,0,0,109.824,0,156.84,0,149.64
,,,,,,,,664,0,0,0,0,108.024,0,154.26,0,147.24
,,,,,,,,665,0,0,0,0,108.06,0,154.32,0,147.24
,,,,,,,,666,0,0,0,0,113.22,0,161.64,0,154.44
,,,,,,,,667,0,0,0,0,124.092,0,177.18,0,169.2
,,,,,,,,668,0,0,0,0,124.992,0,178.5,0,170.4
,,,,,,,,669,0,0,0,0,121.344,0,173.28,0,165.36
,,,,,,,,670,0,0,0,0,117.624,0,168,0,160.44
,,,,,,,,671,0,0,0,0,111.972,0,159.9,0,152.64
,,,,,,,,672,0,0,0,0,104.76,0,149.58,0,142.8
,,,,,,,,673,0,0,0,0,97.056,0,138.6,0,132.36
,,,,,,,,674,0,0,0,0,90.804,0,129.66,0,123.72
,,,,,,,,675,0,0,0,0,87.048,0,124.32,0,118.68
,,,,,,,,676,0,0,0,0,85.056,0,121.44,0,115.92
,,,,,,,,677,0,0,0,0,84.408,0,120.48,0,115.08
,,,,,,,,678,0,0,0,0,85.212,0,121.68,0,116.16
,,,,,,,,679,0,0,0,0,87.744,0,125.34,0,119.64
,,,,,,,,680,0,0,0,0,92.388,0,131.94,0,126
,,,,,,,,681,0,0,0,0,97.08,0,138.6,0,132.36
,,,,,,,,682,0,0,0,0,104.076,0,148.62,0,141.84
,,,,,,,,683,0,0,0,0,108.828,0,155.4,0,148.32
,,,,,,,,684,0,0,0,0,111.42,0,159.12,0,151.92
,,,,,,,,685,0,0,0,0,112.332,0,160.44,0,153.12
,,,,,,,,686,0,0,0,0,111.984,0,159.9,0,152.64
,,,,,,,,687,0,0,0,0,110.844,0,158.28,0,151.08
,,,,,,,,688,0,0,0,0,109.644,0,156.6,0,149.52
,,,,,,,,689,0,0,0,0,110.124,0,157.26,0,150.12
,,,,,,,,690,0,0,0,0,116.472,0,166.32,0,158.76
,,,,,,,,691,0,0,0,0,129.384,0,184.74,0,176.4
,,,,,,,,692,0,0,0,0,131.4,0,187.62,0,179.16
,,,,,,,,693,0,0,0,0,128.292,0,183.18,0,174.96
,,,,,,,,694,0,0,0,0,123.456,0,176.28,0,168.36
,,,,,,,,695,0,0,0,0,115.656,0,165.18,0,157.68
,,,,,,,,696,0,0,0,0,106.188,0,151.62,0,144.72
,,,,,,,,697,0,0,0,0,97.38,0,139.08,0,132.72
,,,,,,,,698,0,0,0,0,91.428,0,130.56,0,124.68
,,,,,,,,699,0,0,0,0,88.488,0,126.36,0,120.6
,,,,,,,,700,0,0,0,0,87.336,0,124.74,0,119.04
,,,,,,,,701,0,0,0,0,87.684,0,125.22,0,119.52
,,,,,,,,702,0,0,0,0,90.852,0,129.72,0,123.84
,,,,,,,,703,0,0,0,0,99.816,0,142.5,0,136.08
,,,,,,,,704,0,0,0,0,116.712,0,166.68,0,159.12
,,,,,,,,705,0,0,0,0,125.772,0,179.58,0,171.36
,,,,,,,,706,0,0,0,0,126.96,0,181.26,0,173.16
,,,,,,,,707,0,0,0,0,128.04,0,182.82,0,174.48
,,,,,,,,708,0,0,0,0,127.932,0,182.7,0,174.48
,,,,,,,,709,0,0,0,0,127.38,0,181.86,0,173.64
,,,,,,,,710,0,0,0,0,126.384,0,180.48,0,172.32
,,,,,,,,711,0,0,0,0,125.448,0,179.1,0,171
,,,,,,,,712,0,0,0,0,124.116,0,177.24,0,169.2
,,,,,,,,713,0,0,0,0,124.548,0,177.9,0,169.8
,,,,,,,,714,0,0,0,0,129.804,0,185.34,0,176.88
,,,,,,,,715,0,0,0,0,142.14,0,202.98,0,193.8
,,,,,,,,716,0,0,0,0,143.688,0,205.2,0,195.96
,,,,,,,,717,0,0,0,0,140.304,0,200.34,0,191.28
,,,,,,,,718,0,0,0,0,135.036,0,192.84,0,184.2
,,,,,,,,719,0,0,0,0,125.82,0,179.7,0,171.48
,,,,,,,,720,0,0,0,0,114.108,0,162.9,0,155.64
,,,,,,,,721,0,0,0,0,103.596,0,147.9,0,141.12
,,,,,,,,722,0,0,0,0,97.008,0,138.54,0,132.24
,,,,,,,,723,0,0,0,0,93.408,0,133.44,0,127.32
,,,,,,,,724,0,0,0,0,91.68,0,130.92,0,124.92
,,,,,,,,725,0,0,0,0,91.512,0,130.68,0,124.8
,,,,,,,,726,0,0,0,0,94.152,0,134.46,0,128.4
,,,,,,,,727,0,0,0,0,102.684,0,146.64,0,139.92
,,,,,,,,728,0,0,0,0,118.92,0,169.8,0,162.12
,,,,,,,,729,0,0,0,0,127.908,0,182.64,0,174.48
,,,,,,,,730,0,0,0,0,128.784,0,183.9,0,175.56
,,,,,,,,731,0,0,0,0,128.652,0,183.66,0,175.44
,,,,,,,,732,0,0,0,0,128.04,0,182.82,0,174.48
,,,,,,,,733,0,0,0,0,126.564,0,180.72,0,172.56
,,,,,,,,734,0,0,0,0,124.392,0,177.6,0,169.68
,,,,,,,,735,0,0,0,0,122.64,0,175.14,0,167.16
,,,,,,,,736,0,0,0,0,120.576,0,172.2,0,164.4
,,,,,,,,737,0,0,0,0,119.88,0,171.18,0,163.44
,,,,,,,,738,0,0,0,0,124.008,0,177.06,0,168.96
,,,,,,,,739,0,0,0,0,135.516,0,193.56,0,184.8
,,,,,,,,740,0,0,0,0,137.076,0,195.72,0,186.84
,,,,,,,,741,0,0,0,0,133.776,0,191.04,0,182.4
,,,,,,,,742,0,0,0,0,128.328,0,183.24,0,174.96
,,,,,,,,743,0,0,0,0,119.652,0,170.88,0,163.08
,,,,,,,,744,0,0,0,0,108.192,0,154.44,0,147.48
,,,,,,,,745,0,0,0,0,97.968,0,139.92,0,133.56
,,,,,,,,746,0,0,0,0,91.404,0,130.5,0,124.56
,,,,,,,,747,0,0,0,0,87.78,0,125.34,0,119.64
,,,,,,,,748,0,0,0,0,86.04,0,122.88,0,117.24
,,,,,,,,749,0,0,0,0,86.04,0,122.88,0,117.36
,,,,,,,,750,0,0,0,0,88.476,0,126.3,0,120.6
,,,,,,,,751,0,0,0,0,97.14,0,138.72,0,132.48
,,,,,,,,752,0,0,0,0,113.364,0,161.88,0,154.56
,,,,,,,,753,0,0,0,0,122.736,0,175.26,0,167.28
,,,,,,,,754,0,0,0,0,123.66,0,176.58,0,168.6
,,,,,,,,755,0,0,0,0,123.744,0,176.7,0,168.72
,,,,,,,,756,0,0,0,0,123.648,0,176.58,0,168.6
,,,,,,,,757,0,0,0,0,123.396,0,176.22,0,168.24
,,,,,,,,758,0,0,0,0,122.124,0,174.36,0,166.56
,,,,,,,,759,0,0,0,0,120.948,0,172.74,0,164.88
,,,,,,,,760,0,0,0,0,118.524,0,169.2,0,161.64
,,,,,,,,761,0,0,0,0,117.504,0,167.76,0,160.2
,,,,,,,,762,0,0,0,0,120.9,0,172.62,0,164.76
,,,,,,,,763,0,0,0,0,131.64,0,187.98,0,179.4
,,,,,,,,764,0,0,0,0,133.104,0,190.08,0,181.44
,,,,,,,,765,0,0,0,0,129.84,0,185.4,0,177
,,,,,,,,766,0,0,0,0,124.608,0,177.9,0,169.92
,,,,,,,,767,0,0,0,0,116.136,0,165.84,0,158.28
,,,,,,,,768,0,0,0,0,104.856,0,149.7,0,142.92
,,,,,,,,769,0,0,0,0,94.848,0,135.48,0,129.24
,,,,,,,,770,0,0,0,0,88.38,0,126.18,0,120.48
,,,,,,,,771,0,0,0,0,85.044,0,121.44,0,115.92
,,,,,,,,772,0,0,0,0,83.52,0,119.28,0,113.88
,,,,,,,,773,0,0,0,0,83.652,0,119.46,0,114
,,,,,,,,774,0,0,0,0,86.436,0,123.42,0,117.84
,,,,,,,,775,0,0,0,0,95.436,0,136.26,0,130.08
,,,,,,,,776,0,0,0,0,112.26,0,160.32,0,153
,,,,,,,,777,0,0,0,0,121.176,0,173.04,0,165.24
,,,,,,,,778,0,0,0,0,122.832,0,175.38,0,167.4
,,,,,,,,779,0,0,0,0,123.948,0,177,0,168.96
,,,,,,,,780,0,0,0,0,125.148,0,178.74,0,170.64
,,,,,,,,781,0,0,0,0,125.424,0,179.1,0,171
,,,,,,,,782,0,0,0,0,124.92,0,178.38,0,170.28
,,,,,,,,783,0,0,0,0,124.704,0,178.08,0,170.04
,,,,,,,,784,0,0,0,0,124.308,0,177.48,0,169.44
,,,,,,,,785,0,0,0,0,125.436,0,179.1,0,171
,,,,,,,,786,0,0,0,0,130.86,0,186.9,0,178.44
,,,,,,,,787,0,0,0,0,138.96,0,198.42,0,189.48
,,,,,,,,788,0,0,0,0,139.356,0,198.96,0,189.96
,,,,,,,,789,0,0,0,0,136.152,0,194.46,0,185.64
,,,,,,,,790,0,0,0,0,131.208,0,187.38,0,178.92
,,,,,,,,791,0,0,0,0,122.712,0,175.2,0,167.28
,,,,,,,,792,0,0,0,0,111.648,0,159.42,0,152.16
,,,,,,,,793,0,0,0,0,101.724,0,145.26,0,138.72
,,,,,,,,794,0,0,0,0,95.22,0,135.96,0,129.84
,,,,,,,,795,0,0,0,0,91.752,0,131.04,0,125.04
,,,,,,,,796,0,0,0,0,90.516,0,129.24,0,123.36
,,,,,,,,797,0,0,0,0,90.696,0,129.48,0,123.6
,,,,,,,,798,0,0,0,0,93.492,0,133.5,0,127.44
,,,,,,,,799,0,0,0,0,102.564,0,146.4,0,139.8
,,,,,,,,800,0,0,0,0,119.28,0,170.34,0,162.6
,,,,,,,,801,0,0,0,0,127.512,0,182.1,0,173.88
,,,,,,,,802,0,0,0,0,128.52,0,183.54,0,175.2
,,,,,,,,803,0,0,0,0,128.22,0,183.06,0,174.84
,,,,,,,,804,0,0,0,0,127.92,0,182.7,0,174.48
,,,,,,,,805,0,0,0,0,126.684,0,180.9,0,172.68
,,,,,,,,806,0,0,0,0,124.38,0,177.6,0,169.56
,,,,,,,,807,0,0,0,0,122.82,0,175.38,0,167.4
,,,,,,,,808,0,0,0,0,120.912,0,172.68,0,164.76
,,,,,,,,809,0,0,0,0,120.276,0,171.78,0,164.04
,,,,,,,,810,0,0,0,0,123.864,0,176.88,0,168.84
,,,,,,,,811,0,0,0,0,133.776,0,191.04,0,182.28
,,,,,,,,812,0,0,0,0,135.12,0,192.96,0,184.2
,,,,,,,,813,0,0,0,0,131.784,0,188.16,0,179.64
,,,,,,,,814,0,0,0,0,127.356,0,181.8,0,173.64
,,,,,,,,815,0,0,0,0,120.732,0,172.38,0,164.64
,,,,,,,,816,0,0,0,0,111.708,0,159.54,0,152.28
,,,,,,,,817,0,0,0,0,101.988,0,145.62,0,139.08
,,,,,,,,818,0,0,0,0,94.812,0,135.36,0,129.24
,,,,,,,,819,0,0,0,0,90.84,0,129.72,0,123.84
,,,,,,,,820,0,0,0,0,88.644,0,126.54,0,120.84
,,,,,,,,821,0,0,0,0,87.792,0,125.34,0,119.64
,,,,,,,,822,0,0,0,0,88.452,0,126.3,0,120.48
,,,,,,,,823,0,0,0,0,91.656,0,130.86,0,124.92
,,,,,,,,824,0,0,0,0,97.956,0,139.86,0,133.56
,,,,,,,,825,0,0,0,0,104.436,0,149.1,0,142.32
,,,,,,,,826,0,0,0,0,111.264,0,158.88,0,151.68
,,,,,,,,827,0,0,0,0,115.428,0,164.82,0,157.44
,,,,,,,,828,0,0,0,0,116.856,0,166.86,0,159.36
,,,,,,,,829,0,0,0,0,115.956,0,165.6,0,158.16
,,,,,,,,830,0,0,0,0,114.036,0,162.84,0,155.52
,,,,,,,,831,0,0,0,0,111.636,0,159.42,0,152.16
,,,,,,,,832,0,0,0,0,110.136,0,157.26,0,150.24
,,,,,,,,833,0,0,0,0,110.268,0,157.5,0,150.24
,,,,,,,,834,0,0,0,0,114.612,0,163.68,0,156.24
,,,,,,,,835,0,0,0,0,125.676,0,179.46,0,171.36
,,,,,,,,836,0,0,0,0,128.088,0,182.88,0,174.6
,,,,,,,,837,0,0,0,0,125.124,0,178.68,0,170.64
,,,,,,,,838,0,0,0,0,121.596,0,173.64,0,165.84
,,,,,,,,839,0,0,0,0,116.22,0,165.96,0,158.4
,,,,,,,,840,0,0,0,0,109.044,0,155.7,0,148.68
,,,,,,,,841,0,0,0,0,101.508,0,144.96,0,138.36
,,,,,,,,842,0,0,0,0,95.472,0,136.32,0,130.2
,,,,,,,,843,0,0,0,0,92.052,0,131.46,0,125.4
,,,,,,,,844,0,0,0,0,90.456,0,129.18,0,123.36
,,,,,,,,845,0,0,0,0,90.012,0,128.52,0,122.76
,,,,,,,,846,0,0,0,0,90.708,0,129.48,0,123.6
,,,,,,,,847,0,0,0,0,93.348,0,133.32,0,127.2
,,,,,,,,848,0,0,0,0,97.752,0,139.56,0,133.2
,,,,,,,,849,0,0,0,0,103.14,0,147.24,0,140.52
,,,,,,,,850,0,0,0,0,110.268,0,157.5,0,150.24
,,,,,,,,851,0,0,0,0,114.84,0,163.98,0,156.6
,,,,,,,,852,0,0,0,0,116.748,0,166.68,0,159.12
,,,,,,,,853,0,0,0,0,117.384,0,167.64,0,159.96
,,,,,,,,854,0,0,0,0,116.904,0,166.92,0,159.36
,,,,,,,,855,0,0,0,0,115.248,0,164.58,0,157.08
,,,,,,,,856,0,0,0,0,114.072,0,162.9,0,155.52
,,,,,,,,857,0,0,0,0,114.708,0,163.8,0,156.36
,,,,,,,,858,0,0,0,0,119.7,0,170.94,0,163.2
,,,,,,,,859,0,0,0,0,130.44,0,186.24,0,177.84
,,,,,,,,860,0,0,0,0,128.724,0,183.78,0,175.56
,,,,,,,,861,0,0,0,0,122.448,0,174.9,0,166.92
,,,,,,,,862,0,0,0,0,119.28,0,170.34,0,162.6
,,,,,,,,863,0,0,0,0,114.132,0,162.96,0,155.64
,,,,,,,,864,0,0,0,0,110.208,0,157.38,0,150.24
,,,,,,,,865,0,0,0,0,101.172,0,144.48,0,137.88
,,,,,,,,866,0,0,0,0,94.392,0,134.76,0,128.64
,,,,,,,,867,0,0,0,0,91.188,0,130.2,0,124.32
,,,,,,,,868,0,0,0,0,90.024,0,128.58,0,122.76
,,,,,,,,869,0,0,0,0,90.348,0,129,0,123.12
,,,,,,,,870,0,0,0,0,93.216,0,133.14,0,127.08
,,,,,,,,871,0,0,0,0,101.964,0,145.62,0,138.96
,,,,,,,,872,0,0,0,0,117.924,0,168.36,0,160.8
,,,,,,,,873,0,0,0,0,125.868,0,179.7,0,171.6
,,,,,,,,874,0,0,0,0,126.984,0,181.32,0,173.16
,,,,,,,,875,0,0,0,0,126.312,0,180.36,0,172.2
,,,,,,,,876,0,0,0,0,125.976,0,179.88,0,171.72
,,,,,,,,877,0,0,0,0,124.86,0,178.26,0,170.16
,,,,,,,,878,0,0,0,0,122.64,0,175.14,0,167.16
,,,,,,,,879,0,0,0,0,120.924,0,172.68,0,164.88
,,,,,,,,880,0,0,0,0,118.776,0,169.62,0,161.88
,,,,,,,,881,0,0,0,0,117.9,0,168.3,0,160.68
,,,,,,,,882,0,0,0,0,121.56,0,173.58,0,165.72
,,,,,,,,883,0,0,0,0,133.128,0,190.08,0,181.56
,,,,,,,,884,0,0,0,0,136.464,0,194.88,0,186
,,,,,,,,885,0,0,0,0,133.08,0,190.02,0,181.44
,,,,,,,,886,0,0,0,0,127.224,0,181.68,0,173.4
,,,,,,,,887,0,0,0,0,118.104,0,168.66,0,161.04
,,,,,,,,888,0,0,0,0,107.136,0,152.94,0,146.04
,,,,,,,,889,0,0,0,0,97.14,0,138.72,0,132.48
,,,,,,,,890,0,0,0,0,90.84,0,129.72,0,123.84
,,,,,,,,891,0,0,0,0,87.552,0,124.98,0,119.28
,,,,,,,,892,0,0,0,0,86.244,0,123.18,0,117.48
,,,,,,,,893,0,0,0,0,86.412,0,123.36,0,117.84
,,,,,,,,894,0,0,0,0,89.292,0,127.5,0,121.68
,,,,,,,,895,0,0,0,0,98.364,0,140.46,0,134.04
,,,,,,,,896,0,0,0,0,114.528,0,163.5,0,156.12
,,,,,,,,897,0,0,0,0,122.616,0,175.08,0,167.16
,,,,,,,,898,0,0,0,0,123.468,0,176.34,0,168.36
,,,,,,,,899,0,0,0,0,123.564,0,176.4,0,168.36
,,,,,,,,900,0,0,0,0,123.672,0,176.64,0,168.6
,,,,,,,,901,0,0,0,0,123.276,0,176.04,0,168
,,,,,,,,902,0,0,0,0,122.028,0,174.24,0,166.32
,,,,,,,,903,0,0,0,0,121.092,0,172.92,0,165.12
,,,,,,,,904,0,0,0,0,119.58,0,170.76,0,162.96
,,,,,,,,905,0,0,0,0,119.676,0,170.88,0,163.08
,,,,,,,,906,0,0,0,0,123.804,0,176.76,0,168.84
,,,,,,,,907,0,0,0,0,134.724,0,192.36,0,183.6
,,,,,,,,908,0,0,0,0,137.448,0,196.26,0,187.32
,,,,,,,,909,0,0,0,0,134.676,0,192.3,0,183.6
,,,,,,,,910,0,0,0,0,129.768,0,185.28,0,176.88
,,,,,,,,911,0,0,0,0,121.344,0,173.28,0,165.36
,,,,,,,,912,0,0,0,0,110.28,0,157.5,0,150.36
,,,,,,,,913,0,0,0,0,100.764,0,143.88,0,137.4
,,,,,,,,914,0,0,0,0,94.764,0,135.3,0,129.12
,,,,,,,,915,0,0,0,0,91.896,0,131.22,0,125.28
,,,,,,,,916,0,0,0,0,90.96,0,129.84,0,123.96
,,,,,,,,917,0,0,0,0,91.524,0,130.74,0,124.8
,,,,,,,,918,0,0,0,0,94.608,0,135.12,0,129
,,,,,,,,919,0,0,0,0,104.148,0,148.74,0,141.96
,,,,,,,,920,0,0,0,0,120.96,0,172.74,0,164.88
,,,,,,,,921,0,0,0,0,129.12,0,184.38,0,176.04
,,,,,,,,922,0,0,0,0,130.128,0,185.76,0,177.48
,,,,,,,,923,0,0,0,0,129.468,0,184.86,0,176.52
,,,,,,,,924,0,0,0,0,128.664,0,183.72,0,175.44
,,,,,,,,925,0,0,0,0,127.212,0,181.68,0,173.4
,,,,,,,,926,0,0,0,0,125.232,0,178.8,0,170.76
,,,,,,,,927,0,0,0,0,124.176,0,177.3,0,169.32
,,,,,,,,928,0,0,0,0,123.084,0,175.8,0,167.76
,,,,,,,,929,0,0,0,0,124.26,0,177.42,0,169.44
,,,,,,,,930,0,0,0,0,129.396,0,184.8,0,176.4
,,,,,,,,931,0,0,0,0,139.404,0,199.08,0,190.08
,,,,,,,,932,0,0,0,0,140.988,0,201.36,0,192.24
,,,,,,,,933,0,0,0,0,137.472,0,196.26,0,187.44
,,,,,,,,934,0,0,0,0,132.048,0,188.58,0,180
,,,,,,,,935,0,0,0,0,123.096,0,175.8,0,167.76
,,,,,,,,936,0,0,0,0,111.168,0,158.76,0,151.56
,,,,,,,,937,0,0,0,0,101.088,0,144.36,0,137.76
,,,,,,,,938,0,0,0,0,94.464,0,134.94,0,128.76
,,,,,,,,939,0,0,0,0,91.14,0,130.14,0,124.2
,,,,,,,,940,0,0,0,0,89.58,0,127.92,0,122.16
,,,,,,,,941,0,0,0,0,89.688,0,128.04,0,122.28
,,,,,,,,942,0,0,0,0,92.7,0,132.36,0,126.36
,,,,,,,,943,0,0,0,0,102.096,0,145.74,0,139.2
,,,,,,,,944,0,0,0,0,118.716,0,169.5,0,161.88
,,,,,,,,945,0,0,0,0,126.372,0,180.48,0,172.32
,,,,,,,,946,0,0,0,0,126.396,0,180.48,0,172.32
,,,,,,,,947,0,0,0,0,125.376,0,179.04,0,170.88
,,,,,,,,948,0,0,0,0,124.668,0,178.02,0,169.92
,,,,,,,,949,0,0,0,0,123.276,0,176.04,0,168.12
,,,,,,,,950,0,0,0,0,121.284,0,173.16,0,165.36
,,,,,,,,951,0,0,0,0,120,0,171.36,0,163.56
,,,,,,,,952,0,0,0,0,118.104,0,168.6,0,161.04
,,,,,,,,953,0,0,0,0,117.78,0,168.18,0,160.56
,,,,,,,,954,0,0,0,0,121.26,0,173.16,0,165.36
,,,,,,,,955,0,0,0,0,132.18,0,188.76,0,180.24
,,,,,,,,956,0,0,0,0,136.284,0,194.64,0,185.88
,,,,,,,,957,0,0,0,0,133.8,0,191.1,0,182.4
,,,,,,,,958,0,0,0,0,129.336,0,184.68,0,176.28
,,,,,,,,959,0,0,0,0,121.356,0,173.28,0,165.36
,,,,,,,,960,0,0,0,0,110.244,0,157.44,0,150.24
,,,,,,,,961,0,0,0,0,100.596,0,143.64,0,137.16
,,,,,,,,962,0,0,0,0,94.584,0,135.06,0,129
,,,,,,,,963,0,0,0,0,91.452,0,130.62,0,124.68
,,,,,,,,964,0,0,0,0,90.12,0,128.7,0,122.88
,,,,,,,,965,0,0,0,0,90.384,0,129.06,0,123.24
,,,,,,,,966,0,0,0,0,93.3,0,133.2,0,127.2
,,,,,,,,967,0,0,0,0,102.072,0,145.74,0,139.2
,,,,,,,,968,0,0,0,0,118.008,0,168.54,0,160.92
,,,,,,,,969,0,0,0,0,126.048,0,180,0,171.84
,,,,,,,,970,0,0,0,0,126.06,0,180,0,171.84
,,,,,,,,971,0,0,0,0,124.68,0,178.02,0,170.04
,,,,,,,,972,0,0,0,0,123.72,0,176.7,0,168.6
,,,,,,,,973,0,0,0,0,122.124,0,174.36,0,166.56
,,,,,,,,974,0,0,0,0,119.64,0,170.88,0,163.08
,,,,,,,,975,0,0,0,0,118.236,0,168.84,0,161.16
,,,,,,,,976,0,0,0,0,116.628,0,166.5,0,159
,,,,,,,,977,0,0,0,0,116.088,0,165.78,0,158.28
,,,,,,,,978,0,0,0,0,119.508,0,170.7,0,162.96
,,,,,,,,979,0,0,0,0,129.06,0,184.26,0,175.92
,,,,,,,,980,0,0,0,0,130.632,0,186.54,0,178.08
,,,,,,,,981,0,0,0,0,126.912,0,181.2,0,173.04
,,,,,,,,982,0,0,0,0,122.136,0,174.42,0,166.56
,,,,,,,,983,0,0,0,0,115.524,0,164.94,0,157.44
,,,,,,,,984,0,0,0,0,106.74,0,152.4,0,145.44
,,,,,,,,985,0,0,0,0,97.944,0,139.86,0,133.56
,,,,,,,,986,0,0,0,0,91.356,0,130.44,0,124.56
,,,,,,,,987,0,0,0,0,87.672,0,125.16,0,119.52
,,,,,,,,988,0,0,0,0,85.464,0,122.04,0,116.52
,,,,,,,,989,0,0,0,0,84.66,0,120.9,0,115.44
,,,,,,,,990,0,0,0,0,85.584,0,122.22,0,116.64
,,,,,,,,991,0,0,0,0,88.98,0,127.08,0,121.32
,,,,,,,,992,0,0,0,0,95.292,0,136.08,0,129.96
,,,,,,,,993,0,0,0,0,102.24,0,145.98,0,139.32
,,,,,,,,994,0,0,0,0,110.388,0,157.62,0,150.48
,,,,,,,,995,0,0,0,0,116.676,0,166.62,0,159.12
,,,,,,,,996,0,0,0,0,119.64,0,170.88,0,163.08
,,,,,,,,997,0,0,0,0,120.072,0,171.48,0,163.68
,,,,,,,,998,0,0,0,0,118.968,0,169.86,0,162.24
,,,,,,,,999,0,0,0,0,117.252,0,167.4,0,159.84
,,,,,,,,1000,0,0,0,0,115.536,0,164.94,0,157.44
,,,,,,,,1001,0,0,0,0,114.708,0,163.8,0,156.36
,,,,,,,,1002,0,0,0,0,118.224,0,168.84,0,161.16
,,,,,,,,1003,0,0,0,0,127.032,0,181.38,0,173.28
,,,,,,,,1004,0,0,0,0,128.772,0,183.9,0,175.56
,,,,,,,,1005,0,0,0,0,125.064,0,178.56,0,170.52
,,,,,,,,1006,0,0,0,0,120.972,0,172.8,0,164.88
,,,,,,,,1007,0,0,0,0,115.548,0,165,0,157.44
,,,,,,,,1008,0,0,0,0,108.708,0,155.22,0,148.2
,,,,,,,,1009,0,0,0,0,101.616,0,145.14,0,138.6
,,,,,,,,1010,0,0,0,0,96.396,0,137.64,0,131.4
,,,,,,,,1011,0,0,0,0,93.516,0,133.56,0,127.44
,,,,,,,,1012,0,0,0,0,92.532,0,132.18,0,126.12
,,,,,,,,1013,0,0,0,0,92.616,0,132.24,0,126.24
,,,,,,,,1014,0,0,0,0,93.864,0,134.04,0,127.92
,,,,,,,,1015,0,0,0,0,96.744,0,138.18,0,131.88
,,,,,,,,1016,0,0,0,0,101.412,0,144.84,0,138.24
,,,,,,,,1017,0,0,0,0,106.584,0,152.22,0,145.32
,,,,,,,,1018,0,0,0,0,113.868,0,162.6,0,155.16
,,,,,,,,1019,0,0,0,0,119.112,0,170.1,0,162.36
,,,,,,,,1020,0,0,0,0,121.704,0,173.76,0,165.96
,,,,,,,,1021,0,0,0,0,122.268,0,174.6,0,166.68
,,,,,,,,1022,0,0,0,0,121.752,0,173.88,0,165.96
,,,,,,,,1023,0,0,0,0,120.432,0,171.96,0,164.16
,,,,,,,,1024,0,0,0,0,119.112,0,170.1,0,162.36
,,,,,,,,1025,0,0,0,0,119.772,0,171,0,163.32
,,,,,,,,1026,0,0,0,0,124.848,0,178.26,0,170.16
,,,,,,,,1027,0,0,0,0,136.428,0,194.82,0,186
,,,,,,,,1028,0,0,0,0,141.096,0,201.48,0,192.36
,,,,,,,,1029,0,0,0,0,138.672,0,198.06,0,189
,,,,,,,,1030,0,0,0,0,133.824,0,191.1,0,182.4
,,,,,,,,1031,0,0,0,0,125.808,0,179.64,0,171.48
,,,,,,,,1032,0,0,0,0,116.664,0,166.56,0,159
,,,,,,,,1033,0,0,0,0,107.976,0,154.14,0,147.12
,,,,,,,,1034,0,0,0,0,102.06,0,145.74,0,139.2
,,,,,,,,1035,0,0,0,0,99.18,0,141.6,0,135.12
,,,,,,,,1036,0,0,0,0,98.016,0,139.98,0,133.68
,,,,,,,,1037,0,0,0,0,98.268,0,140.34,0,133.92
,,,,,,,,1038,0,0,0,0,101.136,0,144.42,0,137.88
,,,,,,,,1039,0,0,0,0,109.764,0,156.72,0,149.64
,,,,,,,,1040,0,0,0,0,125.508,0,179.22,0,171.12
,,,,,,,,1041,0,0,0,0,133.188,0,190.2,0,181.68
,,,,,,,,1042,0,0,0,0,133.776,0,191.04,0,182.4
,,,,,,,,1043,0,0,0,0,132.972,0,189.9,0,181.2
,,,,,,,,1044,0,0,0,0,132.18,0,188.76,0,180.24
,,,,,,,,1045,0,0,0,0,131.004,0,187.08,0,178.68
,,,,,,,,1046,0,0,0,0,128.52,0,183.54,0,175.2
,,,,,,,,1047,0,0,0,0,126.588,0,180.78,0,172.68
,,,,,,,,1048,0,0,0,0,124.308,0,177.48,0,169.44
,,,,,,,,1049,0,0,0,0,123.48,0,176.34,0,168.36
,,,,,,,,1050,0,0,0,0,126.432,0,180.54,0,172.32
,,,,,,,,1051,0,0,0,0,136.836,0,195.36,0,186.6
,,,,,,,,1052,0,0,0,0,141.168,0,201.6,0,192.48
,,,,,,,,1053,0,0,0,0,138.528,0,197.76,0,188.88
,,,,,,,,1054,0,0,0,0,133.596,0,190.8,0,182.16
,,,,,,,,1055,0,0,0,0,125.052,0,178.56,0,170.52
,,,,,,,,1056,0,0,0,0,113.808,0,162.54,0,155.16
,,,,,,,,1057,0,0,0,0,103.608,0,147.9,0,141.24
,,,,,,,,1058,0,0,0,0,97.08,0,138.6,0,132.36
,,,,,,,,1059,0,0,0,0,93.732,0,133.86,0,127.8
,,,,,,,,1060,0,0,0,0,92.508,0,132.12,0,126.12
,,,,,,,,1061,0,0,0,0,92.484,0,132.06,0,126
,,,,,,,,1062,0,0,0,0,95.316,0,136.14,0,129.96
,,,,,,,,1063,0,0,0,0,104.16,0,148.74,0,141.96
,,,,,,,,1064,0,0,0,0,120.276,0,171.78,0,164.04
,,,,,,,,1065,0,0,0,0,127.908,0,182.64,0,174.48
,,,,,,,,1066,0,0,0,0,128.412,0,183.36,0,175.08
,,,,,,,,1067,0,0,0,0,128.016,0,182.76,0,174.48
,,,,,,,,1068,0,0,0,0,127.776,0,182.46,0,174.24
,,,,,,,,1069,0,0,0,0,126.672,0,180.9,0,172.68
,,,,,,,,1070,0,0,0,0,125.208,0,178.8,0,170.76
,,,,,,,,1071,0,0,0,0,124.092,0,177.18,0,169.2
,,,,,,,,1072,0,0,0,0,122.7,0,175.2,0,167.28
,,,,,,,,1073,0,0,0,0,122.028,0,174.24,0,166.32
,,,,,,,,1074,0,0,0,0,124.596,0,177.9,0,169.8
,,,,,,,,1075,0,0,0,0,134.208,0,191.64,0,183
,,,,,,,,1076,0,0,0,0,137.856,0,196.86,0,187.92
,,,,,,,,1077,0,0,0,0,134.364,0,191.88,0,183.12
,,,,,,,,1078,0,0,0,0,129.144,0,184.38,0,176.04
,,,,,,,,1079,0,0,0,0,120.672,0,172.32,0,164.52
,,,,,,,,1080,0,0,0,0,109.608,0,156.54,0,149.4
,,,,,,,,1081,0,0,0,0,99.816,0,142.5,0,136.08
,,,,,,,,1082,0,0,0,0,93.156,0,133.02,0,126.96
,,,,,,,,1083,0,0,0,0,89.592,0,127.92,0,122.16
,,,,,,,,1084,0,0,0,0,87.864,0,125.46,0,119.76
,,,,,,,,1085,0,0,0,0,87.684,0,125.22,0,119.52
,,,,,,,,1086,0,0,0,0,90.12,0,128.64,0,122.88
,,,,,,,,1087,0,0,0,0,99.024,0,141.42,0,135
,,,,,,,,1088,0,0,0,0,114.972,0,164.16,0,156.72
,,,,,,,,1089,0,0,0,0,123.492,0,176.34,0,168.36
,,,,,,,,1090,0,0,0,0,125.172,0,178.74,0,170.64
,,,,,,,,1091,0,0,0,0,125.58,0,179.34,0,171.24
,,,,,,,,1092,0,0,0,0,125.94,0,179.82,0,171.72
,,,,,,,,1093,0,0,0,0,125.388,0,179.04,0,170.88
,,,,,,,,1094,0,0,0,0,123.888,0,176.94,0,168.96
,,,,,,,,1095,0,0,0,0,123.192,0,175.92,0,167.88
,,,,,,,,1096,0,0,0,0,121.788,0,173.94,0,165.96
,,,,,,,,1097,0,0,0,0,121.32,0,173.22,0,165.36
,,,,,,,,1098,0,0,0,0,124.308,0,177.54,0,169.56
,,,,,,,,1099,0,0,0,0,133.188,0,190.2,0,181.56
,,,,,,,,1100,0,0,0,0,136.26,0,194.58,0,185.76
,,,,,,,,1101,0,0,0,0,133.056,0,190.02,0,181.44
,,,,,,,,1102,0,0,0,0,127.632,0,182.22,0,174
,,,,,,,,1103,0,0,0,0,119.124,0,170.1,0,162.36
,,,,,,,,1104,0,0,0,0,107.916,0,154.14,0,147.12
,,,,,,,,1105,0,0,0,0,97.704,0,139.5,0,133.2
,,,,,,,,1106,0,0,0,0,91.5,0,130.68,0,124.8
,,,,,,,,1107,0,0,0,0,88.224,0,125.94,0,120.24
,,,,,,,,1108,0,0,0,0,86.964,0,124.14,0,118.56
,,,,,,,,1109,0,0,0,0,87.564,0,125.04,0,119.28
,,,,,,,,1110,0,0,0,0,90.384,0,129.06,0,123.24
,,,,,,,,1111,0,0,0,0,99.768,0,142.44,0,135.96
,,,,,,,,1112,0,0,0,0,115.692,0,165.24,0,157.68
,,,,,,,,1113,0,0,0,0,123.444,0,176.28,0,168.36
,,,,,,,,1114,0,0,0,0,124.44,0,177.66,0,169.68
,,,,,,,,1115,0,0,0,0,124.62,0,177.96,0,169.92
,,,,,,,,1116,0,0,0,0,124.38,0,177.6,0,169.56
,,,,,,,,1117,0,0,0,0,123.72,0,176.7,0,168.6
,,,,,,,,1118,0,0,0,0,122.964,0,175.56,0,167.64
,,,,,,,,1119,0,0,0,0,122.928,0,175.5,0,167.64
,,,,,,,,1120,0,0,0,0,122.016,0,174.24,0,166.32
,,,,,,,,1121,0,0,0,0,122.448,0,174.9,0,166.92
,,,,,,,,1122,0,0,0,0,126.864,0,181.2,0,172.92
,,,,,,,,1123,0,0,0,0,135.108,0,192.96,0,184.2
,,,,,,,,1124,0,0,0,0,136.872,0,195.42,0,186.6
,,,,,,,,1125,0,0,0,0,133.452,0,190.56,0,181.92
,,,,,,,,1126,0,0,0,0,128.148,0,183,0,174.72
,,,,,,,,1127,0,0,0,0,119.592,0,170.76,0,162.96
,,,,,,,,1128,0,0,0,0,108.3,0,154.68,0,147.72
,,,,,,,,1129,0,0,0,0,98.244,0,140.28,0,133.92
,,,,,,,,1130,0,0,0,0,91.332,0,130.44,0,124.56
,,,,,,,,1131,0,0,0,0,87.408,0,124.8,0,119.16
,,,,,,,,1132,0,0,0,0,85.32,0,121.86,0,116.28
,,,,,,,,1133,0,0,0,0,84.984,0,121.38,0,115.8
,,,,,,,,1134,0,0,0,0,87.192,0,124.5,0,118.8
,,,,,,,,1135,0,0,0,0,95.292,0,136.08,0,129.96
,,,,,,,,1136,0,0,0,0,110.28,0,157.5,0,150.36
,,,,,,,,1137,0,0,0,0,119.22,0,170.22,0,162.48
,,,,,,,,1138,0,0,0,0,121.74,0,173.82,0,165.96
,,,,,,,,1139,0,0,0,0,122.388,0,174.78,0,166.8
,,,,,,,,1140,0,0,0,0,122.556,0,175.02,0,167.16
,,,,,,,,1141,0,0,0,0,121.62,0,173.7,0,165.84
,,,,,,,,1142,0,0,0,0,119.568,0,170.7,0,162.96
,,,,,,,,1143,0,0,0,0,118.104,0,168.66,0,161.04
,,,,,,,,1144,0,0,0,0,116.124,0,165.84,0,158.28
,,,,,,,,1145,0,0,0,0,115.056,0,164.34,0,156.96
,,,,,,,,1146,0,0,0,0,117.084,0,167.16,0,159.6
,,,,,,,,1147,0,0,0,0,125.076,0,178.56,0,170.52
,,,,,,,,1148,0,0,0,0,128.784,0,183.9,0,175.56
,,,,,,,,1149,0,0,0,0,125.58,0,179.34,0,171.24
,,,,,,,,1150,0,0,0,0,121.344,0,173.28,0,165.36
,,,,,,,,1151,0,0,0,0,115.296,0,164.64,0,157.2
,,,,,,,,1152,0,0,0,0,106.824,0,152.58,0,145.68
,,,,,,,,1153,0,0,0,0,98.028,0,139.98,0,133.68
,,,,,,,,1154,0,0,0,0,91.512,0,130.68,0,124.8
,,,,,,,,1155,0,0,0,0,87.828,0,125.4,0,119.76
,,,,,,,,1156,0,0,0,0,86.1,0,122.94,0,117.36
,,,,,,,,1157,0,0,0,0,85.38,0,121.92,0,116.28
,,,,,,,,1158,0,0,0,0,86.256,0,123.18,0,117.6
,,,,,,,,1159,0,0,0,0,89.916,0,128.4,0,122.52
,,,,,,,,1160,0,0,0,0,95.652,0,136.62,0,130.32
,,,,,,,,1161,0,0,0,0,101.844,0,145.44,0,138.84
,,,,,,,,1162,0,0,0,0,108.648,0,155.16,0,148.08
,,,,,,,,1163,0,0,0,0,112.536,0,160.74,0,153.36
,,,,,,,,1164,0,0,0,0,113.7,0,162.36,0,155.04
,,,,,,,,1165,0,0,0,0,112.764,0,161.04,0,153.72
,,,,,,,,1166,0,0,0,0,110.556,0,157.86,0,150.72
,,,,,,,,1167,0,0,0,0,107.844,0,154.02,0,147
,,,,,,,,1168,0,0,0,0,106.152,0,151.56,0,144.72
,,,,,,,,1169,0,0,0,0,106.26,0,151.74,0,144.84
,,,,,,,,1170,0,0,0,0,109.872,0,156.84,0,149.76
,,,,,,,,1171,0,0,0,0,118.788,0,169.62,0,161.88
,,,,,,,,1172,0,0,0,0,122.436,0,174.84,0,166.92
,,,,,,,,1173,0,0,0,0,119.22,0,170.28,0,162.48
,,,,,,,,1174,0,0,0,0,115.5,0,164.94,0,157.44
,,,,,,,,1175,0,0,0,0,110.16,0,157.32,0,150.24
,,,,,,,,1176,0,0,0,0,102.972,0,147.06,0,140.4
,,,,,,,,1177,0,0,0,0,95.652,0,136.62,0,130.32
,,,,,,,,1178,0,0,0,0,89.88,0,128.28,0,122.52
,,,,,,,,1179,0,0,0,0,86.52,0,123.54,0,117.96
,,,,,,,,1180,0,0,0,0,84.708,0,120.96,0,115.44
,,,,,,,,1181,0,0,0,0,84.132,0,120.18,0,114.72
,,,,,,,,1182,0,0,0,0,84.84,0,121.14,0,115.68
,,,,,,,,1183,0,0,0,0,87.516,0,124.98,0,119.28
,,,,,,,,1184,0,0,0,0,91.308,0,130.38,0,124.44
,,,,,,,,1185,0,0,0,0,96.144,0,137.28,0,131.04
,,,,,,,,1186,0,0,0,0,102.456,0,146.34,0,139.68
,,,,,,,,1187,0,0,0,0,106.8,0,152.52,0,145.56
,,,,,,,,1188,0,0,0,0,108.408,0,154.8,0,147.84
,,,,,,,,1189,0,0,0,0,108.648,0,155.1,0,148.08
,,,,,,,,1190,0,0,0,0,107.436,0,153.42,0,146.52
,,,,,,,,1191,0,0,0,0,105.372,0,150.48,0,143.64
,,,,,,,,1192,0,0,0,0,103.5,0,147.78,0,141.12
,,,,,,,,1193,0,0,0,0,103.332,0,147.54,0,140.88
,,,,,,,,1194,0,0,0,0,107.004,0,152.82,0,145.92
,,,,,,,,1195,0,0,0,0,117.3,0,167.46,0,159.84
,,,,,,,,1196,0,0,0,0,123.54,0,176.4,0,168.36
,,,,,,,,1197,0,0,0,0,120.912,0,172.68,0,164.76
,,,,,,,,1198,0,0,0,0,117.072,0,167.16,0,159.6
,,,,,,,,1199,0,0,0,0,111.012,0,158.52,0,151.32
,,,,,,,,1200,0,0,0,0,103.44,0,147.72,0,141
,,,,,,,,1201,0,0,0,0,96.048,0,137.16,0,130.92
,,,,,,,,1202,0,0,0,0,91.092,0,130.08,0,124.2
,,,,,,,,1203,0,0,0,0,88.188,0,125.94,0,120.24
,,,,,,,,1204,0,0,0,0,86.52,0,123.54,0,117.96
,,,,,,,,1205,0,0,0,0,86.796,0,123.96,0,118.32
,,,,,,,,1206,0,0,0,0,89.136,0,127.26,0,121.56
,,,,,,,,1207,0,0,0,0,95.532,0,136.44,0,130.2
,,,,,,,,1208,0,0,0,0,104.928,0,149.82,0,143.04
,,,,,,,,1209,0,0,0,0,112.164,0,160.2,0,152.88
,,,,,,,,1210,0,0,0,0,117.936,0,168.42,0,160.8
,,,,,,,,1211,0,0,0,0,121.548,0,173.58,0,165.72
,,,,,,,,1212,0,0,0,0,123.156,0,175.86,0,167.88
,,,,,,,,1213,0,0,0,0,122.736,0,175.26,0,167.28
,,,,,,,,1214,0,0,0,0,120.744,0,172.44,0,164.64
,,,,,,,,1215,0,0,0,0,118.584,0,169.32,0,161.76
,,,,,,,,1216,0,0,0,0,116.856,0,166.86,0,159.36
,,,,,,,,1217,0,0,0,0,116.352,0,166.14,0,158.64
,,,,,,,,1218,0,0,0,0,119.88,0,171.18,0,163.44
,,,,,,,,1219,0,0,0,0,130.344,0,186.12,0,177.72
,,,,,,,,1220,0,0,0,0,135.816,0,193.92,0,185.16
,,,,,,,,1221,0,0,0,0,132.48,0,189.18,0,180.6
,,,,,,,,1222,0,0,0,0,127.38,0,181.86,0,173.64
,,,,,,,,1223,0,0,0,0,119.544,0,170.7,0,162.96
,,,,,,,,1224,0,0,0,0,109.536,0,156.42,0,149.28
,,,,,,,,1225,0,0,0,0,100.464,0,143.46,0,136.92
,,,,,,,,1226,0,0,0,0,94.656,0,135.18,0,129
,,,,,,,,1227,0,0,0,0,91.68,0,130.92,0,124.92
,,,,,,,,1228,0,0,0,0,90.54,0,129.24,0,123.48
,,,,,,,,1229,0,0,0,0,91.02,0,129.96,0,124.08
,,,,,,,,1230,0,0,0,0,93.972,0,134.16,0,128.16
,,,,,,,,1231,0,0,0,0,102.492,0,146.34,0,139.8
,,,,,,,,1232,0,0,0,0,115.812,0,165.36,0,157.92
,,,,,,,,1233,0,0,0,0,123.492,0,176.34,0,168.36
,,,,,,,,1234,0,0,0,0,125.892,0,179.76,0,171.6
,,,,,,,,1235,0,0,0,0,125.772,0,179.58,0,171.36
,,,,,,,,1236,0,0,0,0,125.46,0,179.16,0,171
,,,,,,,,1237,0,0,0,0,124.212,0,177.36,0,169.32
,,,,,,,,1238,0,0,0,0,122.292,0,174.6,0,166.68
,,,,,,,,1239,0,0,0,0,121.32,0,173.28,0,165.36
,,,,,,,,1240,0,0,0,0,120.468,0,172.02,0,164.16
,,,,,,,,1241,0,0,0,0,120.504,0,172.08,0,164.28
,,,,,,,,1242,0,0,0,0,124.056,0,177.12,0,169.08
,,,,,,,,1243,0,0,0,0,133.476,0,190.56,0,181.92
,,,,,,,,1244,0,0,0,0,137.016,0,195.6,0,186.84
,,,,,,,,1245,0,0,0,0,133.164,0,190.14,0,181.56
,,,,,,,,1246,0,0,0,0,127.212,0,181.62,0,173.4
,,,,,,,,1247,0,0,0,0,118.62,0,169.38,0,161.76
,,,,,,,,1248,0,0,0,0,107.616,0,153.66,0,146.64
,,,,,,,,1249,0,0,0,0,97.836,0,139.74,0,133.32
,,,,,,,,1250,0,0,0,0,91.188,0,130.2,0,124.32
,,,,,,,,1251,0,0,0,0,87.408,0,124.8,0,119.16
,,,,,,,,1252,0,0,0,0,85.764,0,122.46,0,116.88
,,,,,,,,1253,0,0,0,0,85.5,0,122.1,0,116.52
,,,,,,,,1254,0,0,0,0,87.996,0,125.64,0,119.88
,,,,,,,,1255,0,0,0,0,95.892,0,136.92,0,130.8
,,,,,,,,1256,0,0,0,0,108.564,0,155.04,0,147.96
,,,,,,,,1257,0,0,0,0,116.784,0,166.8,0,159.24
,,,,,,,,1258,0,0,0,0,119.4,0,170.52,0,162.84
,,,,,,,,1259,0,0,0,0,119.664,0,170.88,0,163.08
,,,,,,,,1260,0,0,0,0,120.048,0,171.42,0,163.68
,,,,,,,,1261,0,0,0,0,119.4,0,170.52,0,162.84
,,,,,,,,1262,0,0,0,0,117.684,0,168.06,0,160.44
,,,,,,,,1263,0,0,0,0,116.508,0,166.38,0,158.76
,,,,,,,,1264,0,0,0,0,114.72,0,163.8,0,156.36
,,,,,,,,1265,0,0,0,0,113.628,0,162.24,0,154.92
,,,,,,,,1266,0,0,0,0,115.872,0,165.48,0,158.04
,,,,,,,,1267,0,0,0,0,124.572,0,177.9,0,169.8
,,,,,,,,1268,0,0,0,0,129.828,0,185.4,0,177
,,,,,,,,1269,0,0,0,0,126.744,0,180.96,0,172.8
,,,,,,,,1270,0,0,0,0,121.812,0,174,0,166.08
,,,,,,,,1271,0,0,0,0,114.096,0,162.9,0,155.52
,,,,,,,,1272,0,0,0,0,103.656,0,148.02,0,141.24
,,,,,,,,1273,0,0,0,0,94.152,0,134.46,0,128.4
,,,,,,,,1274,0,0,0,0,87.636,0,125.16,0,119.4
,,,,,,,,1275,0,0,0,0,83.988,0,119.94,0,114.48
,,,,,,,,1276,0,0,0,0,82.056,0,117.18,0,111.84
,,,,,,,,1277,0,0,0,0,81.84,0,116.88,0,111.48
,,,,,,,,1278,0,0,0,0,84.012,0,119.94,0,114.48
,,,,,,,,1279,0,0,0,0,91.824,0,131.1,0,125.16
,,,,,,,,1280,0,0,0,0,104.928,0,149.82,0,143.04
,,,,,,,,1281,0,0,0,0,113.412,0,161.94,0,154.56
,,,,,,,,1282,0,0,0,0,117.12,0,167.22,0,159.72
,,,,,,,,1283,0,0,0,0,119.088,0,170.1,0,162.36
,,,,,,,,1284,0,0,0,0,119.772,0,171,0,163.32
,,,,,,,,1285,0,0,0,0,119.688,0,170.94,0,163.2
,,,,,,,,1286,0,0,0,0,118.524,0,169.2,0,161.64
,,,,,,,,1287,0,0,0,0,117.264,0,167.4,0,159.84
,,,,,,,,1288,0,0,0,0,115.824,0,165.36,0,157.92
,,,,,,,,1289,0,0,0,0,114.48,0,163.5,0,156.12
,,,,,,,,1290,0,0,0,0,116.052,0,165.72,0,158.16
,,,,,,,,1291,0,0,0,0,124.26,0,177.42,0,169.44
,,,,,,,,1292,0,0,0,0,130.032,0,185.7,0,177.24
,,,,,,,,1293,0,0,0,0,127.44,0,181.98,0,173.76
,,,,,,,,1294,0,0,0,0,122.604,0,175.08,0,167.16
,,,,,,,,1295,0,0,0,0,115.056,0,164.28,0,156.84
,,,,,,,,1296,0,0,0,0,104.904,0,149.82,0,142.92
,,,,,,,,1297,0,0,0,0,95.724,0,136.74,0,130.44
,,,,,,,,1298,0,0,0,0,89.484,0,127.74,0,121.92
,,,,,,,,1299,0,0,0,0,85.884,0,122.64,0,117
,,,,,,,,1300,0,0,0,0,84.228,0,120.24,0,114.84
,,,,,,,,1301,0,0,0,0,84.324,0,120.42,0,114.96
,,,,,,,,1302,0,0,0,0,86.772,0,123.9,0,118.2
,,,,,,,,1303,0,0,0,0,94.332,0,134.7,0,128.52
,,,,,,,,1304,0,0,0,0,106.932,0,152.7,0,145.8
,,,,,,,,1305,0,0,0,0,116.436,0,166.26,0,158.64
,,,,,,,,1306,0,0,0,0,122.244,0,174.6,0,166.56
,,,,,,,,1307,0,0,0,0,125.292,0,178.92,0,170.88
,,,,,,,,1308,0,0,0,0,127.356,0,181.86,0,173.64
,,,,,,,,1309,0,0,0,0,128.028,0,182.82,0,174.48
,,,,,,,,1310,0,0,0,0,127.248,0,181.68,0,173.4
,,,,,,,,1311,0,0,0,0,126.78,0,181.02,0,172.8
,,,,,,,,1312,0,0,0,0,125.88,0,179.7,0,171.6
,,,,,,,,1313,0,0,0,0,125.316,0,178.98,0,170.88
,,,,,,,,1314,0,0,0,0,127.668,0,182.34,0,174
,,,,,,,,1315,0,0,0,0,132.864,0,189.72,0,181.08
,,,,,,,,1316,0,0,0,0,133.152,0,190.14,0,181.56
,,,,,,,,1317,0,0,0,0,128.94,0,184.14,0,175.8
,,,,,,,,1318,0,0,0,0,123.468,0,176.34,0,168.36
,,,,,,,,1319,0,0,0,0,116.28,0,166.02,0,158.52
,,,,,,,,1320,0,0,0,0,107.16,0,153,0,146.04
,,,,,,,,1321,0,0,0,0,98.136,0,140.1,0,133.8
,,,,,,,,1322,0,0,0,0,91.452,0,130.62,0,124.68
,,,,,,,,1323,0,0,0,0,87.444,0,124.86,0,119.28
,,,,,,,,1324,0,0,0,0,85.32,0,121.8,0,116.28
,,,,,,,,1325,0,0,0,0,84.528,0,120.72,0,115.2
,,,,,,,,1326,0,0,0,0,85.572,0,122.22,0,116.64
,,,,,,,,1327,0,0,0,0,88.92,0,126.96,0,121.2
,,,,,,,,1328,0,0,0,0,93.936,0,134.1,0,128.04
,,,,,,,,1329,0,0,0,0,99.792,0,142.44,0,136.08
,,,,,,,,1330,0,0,0,0,106.836,0,152.58,0,145.68
,,,,,,,,1331,0,0,0,0,112.296,0,160.32,0,153.12
,,,,,,,,1332,0,0,0,0,114.984,0,164.16,0,156.84
,,,,,,,,1333,0,0,0,0,115.044,0,164.28,0,156.84
,,,,,,,,1334,0,0,0,0,113.82,0,162.54,0,155.16
,,,,,,,,1335,0,0,0,0,111.816,0,159.66,0,152.4
,,,,,,,,1336,0,0,0,0,110.34,0,157.56,0,150.36
,,,,,,,,1337,0,0,0,0,110.1,0,157.2,0,150.12
,,,,,,,,1338,0,0,0,0,113.064,0,161.4,0,154.08
,,,,,,,,1339,0,0,0,0,121.152,0,173.04,0,165.24
,,,,,,,,1340,0,0,0,0,126.72,0,180.9,0,172.68
,,,,,,,,1341,0,0,0,0,123.912,0,176.94,0,168.96
,,,,,,,,1342,0,0,0,0,119.94,0,171.3,0,163.56
,,,,,,,,1343,0,0,0,0,114.636,0,163.68,0,156.24
,,,,,,,,1344,0,0,0,0,107.064,0,152.94,0,145.92
,,,,,,,,1345,0,0,0,0,99.816,0,142.5,0,136.08
,,,,,,,,1346,0,0,0,0,94.332,0,134.7,0,128.52
,,,,,,,,1347,0,0,0,0,90.78,0,129.6,0,123.72
,,,,,,,,1348,0,0,0,0,88.956,0,127.02,0,121.2
,,,,,,,,1349,0,0,0,0,88.56,0,126.48,0,120.72
,,,,,,,,1350,0,0,0,0,89.292,0,127.5,0,121.68
,,,,,,,,1351,0,0,0,0,91.98,0,131.34,0,125.4
,,,,,,,,1352,0,0,0,0,95.364,0,136.14,0,129.96
,,,,,,,,1353,0,0,0,0,99.996,0,142.74,0,136.32
,,,,,,,,1354,0,0,0,0,106.62,0,152.28,0,145.44
,,,,,,,,1355,0,0,0,0,110.868,0,158.34,0,151.08
,,,,,,,,1356,0,0,0,0,112.932,0,161.28,0,153.96
,,,,,,,,1357,0,0,0,0,113.544,0,162.12,0,154.8
,,,,,,,,1358,0,0,0,0,112.932,0,161.28,0,153.96
,,,,,,,,1359,0,0,0,0,110.82,0,158.22,0,151.08
,,,,,,,,1360,0,0,0,0,108.6,0,155.04,0,148.08
,,,,,,,,1361,0,0,0,0,108.384,0,154.8,0,147.84
,,,,,,,,1362,0,0,0,0,111.9,0,159.78,0,152.64
,,,,,,,,1363,0,0,0,0,121.176,0,173.04,0,165.24
,,,,,,,,1364,0,0,0,0,129.78,0,185.34,0,176.88
,,,,,,,,1365,0,0,0,0,127.452,0,181.98,0,173.76
,,,,,,,,1366,0,0,0,0,122.712,0,175.2,0,167.28
,,,,,,,,1367,0,0,0,0,115.416,0,164.82,0,157.32
,,,,,,,,1368,0,0,0,0,106.356,0,151.86,0,144.96
,,,,,,,,1369,0,0,0,0,98.304,0,140.34,0,133.92
,,,,,,,,1370,0,0,0,0,93.06,0,132.84,0,126.84
,,,,,,,,1371,0,0,0,0,90.444,0,129.18,0,123.24
,,,,,,,,1372,0,0,0,0,89.556,0,127.86,0,122.04
,,,,,,,,1373,0,0,0,0,90.084,0,128.64,0,122.88
,,,,,,,,1374,0,0,0,0,93.42,0,133.44,0,127.32
,,,,,,,,1375,0,0,0,0,102.732,0,146.7,0,140.04
,,,,,,,,1376,0,0,0,0,117.3,0,167.46,0,159.84
,,,,,,,,1377,0,0,0,0,125.052,0,178.56,0,170.52
,,,,,,,,1378,0,0,0,0,125.892,0,179.76,0,171.6
,,,,,,,,1379,0,0,0,0,125.46,0,179.1,0,171
,,,,,,,,1380,0,0,0,0,124.92,0,178.38,0,170.28
,,,,,,,,1381,0,0,0,0,123.864,0,176.88,0,168.84
,,,,,,,,1382,0,0,0,0,122.472,0,174.9,0,167.04
,,,,,,,,1383,0,0,0,0,121.44,0,173.4,0,165.48
,,,,,,,,1384,0,0,0,0,119.856,0,171.18,0,163.44
,,,,,,,,1385,0,0,0,0,119.784,0,171,0,163.32
,,,,,,,,1386,0,0,0,0,123.36,0,176.16,0,168.24
,,,,,,,,1387,0,0,0,0,131.496,0,187.8,0,179.28
,,,,,,,,1388,0,0,0,0,135.936,0,194.1,0,185.4
,,,,,,,,1389,0,0,0,0,132.444,0,189.12,0,180.48
,,,,,,,,1390,0,0,0,0,126.312,0,180.36,0,172.2
,,,,,,,,1391,0,0,0,0,117.468,0,167.7,0,160.08
,,,,,,,,1392,0,0,0,0,106.476,0,152.1,0,145.2
,,,,,,,,1393,0,0,0,0,96.528,0,137.82,0,131.52
,,,,,,,,1394,0,0,0,0,90.24,0,128.88,0,123
,,,,,,,,1395,0,0,0,0,86.772,0,123.9,0,118.2
,,,,,,,,1396,0,0,0,0,85.284,0,121.74,0,116.28
,,,,,,,,1397,0,0,0,0,85.272,0,121.74,0,116.28
,,,,,,,,1398,0,0,0,0,88.02,0,125.7,0,119.88
,,,,,,,,1399,0,0,0,0,97.116,0,138.66,0,132.36
,,,,,,,,1400,0,0,0,0,111.48,0,159.18,0,152.04
,,,,,,,,1401,0,0,0,0,119.172,0,170.16,0,162.48
,,,,,,,,1402,0,0,0,0,120.732,0,172.44,0,164.64
,,,,,,,,1403,0,0,0,0,121.224,0,173.1,0,165.36
,,,,,,,,1404,0,0,0,0,121.092,0,172.92,0,165.12
,,,,,,,,1405,0,0,0,0,120.216,0,171.66,0,163.92
,,,,,,,,1406,0,0,0,0,118.5,0,169.2,0,161.52
,,,,,,,,1407,0,0,0,0,117.456,0,167.7,0,160.08
,,,,,,,,1408,0,0,0,0,115.908,0,165.54,0,158.04
,,,,,,,,1409,0,0,0,0,115.236,0,164.52,0,157.08
,,,,,,,,1410,0,0,0,0,117.636,0,168,0,160.44
,,,,,,,,1411,0,0,0,0,126.216,0,180.24,0,172.08
,,,,,,,,1412,0,0,0,0,133.992,0,191.34,0,182.64
,,,,,,,,1413,0,0,0,0,138.276,0,197.46,0,188.52
,,,,,,,,1414,0,0,0,0,131.976,0,188.46,0,179.88
,,,,,,,,1415,0,0,0,0,122.58,0,175.02,0,167.16
,,,,,,,,1416,0,0,0,0,111.132,0,158.7,0,151.44
,,,,,,,,1417,0,0,0,0,101.124,0,144.42,0,137.88
,,,,,,,,1418,0,0,0,0,94.5,0,134.94,0,128.88
,,,,,,,,1419,0,0,0,0,91.26,0,130.32,0,124.32
,,,,,,,,1420,0,0,0,0,89.604,0,127.98,0,122.16
,,,,,,,,1421,0,0,0,0,89.628,0,127.98,0,122.16
,,,,,,,,1422,0,0,0,0,92.076,0,131.46,0,125.52
,,,,,,,,1423,0,0,0,0,100.188,0,143.04,0,136.56
,,,,,,,,1424,0,0,0,0,113.916,0,162.66,0,155.28
,,,,,,,,1425,0,0,0,0,122.688,0,175.2,0,167.28
,,,,,,,,1426,0,0,0,0,126.564,0,180.72,0,172.56
,,,,,,,,1427,0,0,0,0,129.024,0,184.2,0,175.92
,,,,,,,,1428,0,0,0,0,131.16,0,187.26,0,178.8
,,,,,,,,1429,0,0,0,0,131.868,0,188.34,0,179.88
,,,,,,,,1430,0,0,0,0,131.496,0,187.8,0,179.28
,,,,,,,,1431,0,0,0,0,130.812,0,186.78,0,178.32
,,,,,,,,1432,0,0,0,0,129.792,0,185.34,0,176.88
,,,,,,,,1433,0,0,0,0,129.42,0,184.86,0,176.4
,,,,,,,,1434,0,0,0,0,131.892,0,188.34,0,179.88
,,,,,,,,1435,0,0,0,0,138.3,0,197.46,0,188.52
,,,,,,,,1436,0,0,0,0,142.404,0,203.34,0,194.16
,,,,,,,,1437,0,0,0,0,139.26,0,198.84,0,189.84
,,,,,,,,1438,0,0,0,0,133.764,0,190.98,0,182.28
,,,,,,,,1439,0,0,0,0,124.992,0,178.5,0,170.4
,,,,,,,,1440,0,0,0,0,113.724,0,162.36,0,155.04
,,,,,,,,1441,0,0,0,0,103.692,0,148.08,0,141.36
,,,,,,,,1442,0,0,0,0,97.44,0,139.14,0,132.84
,,,,,,,,1443,0,0,0,0,94.008,0,134.28,0,128.16
,,,,,,,,1444,0,0,0,0,92.196,0,131.64,0,125.64
,,,,,,,,1445,0,0,0,0,92.316,0,131.82,0,125.88
,,,,,,,,1446,0,0,0,0,94.848,0,135.42,0,129.24
,,,,,,,,1447,0,0,0,0,103.632,0,147.96,0,141.24
,,,,,,,,1448,0,0,0,0,117.684,0,168,0,160.44
,,,,,,,,1449,0,0,0,0,126.108,0,180.06,0,171.96
,,,,,,,,1450,0,0,0,0,128.64,0,183.66,0,175.32
,,,,,,,,1451,0,0,0,0,129.312,0,184.62,0,176.28
,,,,,,,,1452,0,0,0,0,129.78,0,185.28,0,176.88
,,,,,,,,1453,0,0,0,0,129.012,0,184.2,0,175.92
,,,,,,,,1454,0,0,0,0,127.608,0,182.22,0,173.88
,,,,,,,,1455,0,0,0,0,126.864,0,181.14,0,172.92
,,,,,,,,1456,0,0,0,0,125.376,0,179.04,0,170.88
,,,,,,,,1457,0,0,0,0,124.764,0,178.14,0,170.16
,,,,,,,,1458,0,0,0,0,127.116,0,181.5,0,173.28
,,,,,,,,1459,0,0,0,0,132.96,0,189.9,0,181.2
,,,,,,,,1460,0,0,0,0,135.732,0,193.86,0,185.04
,,,,,,,,1461,0,0,0,0,132.204,0,188.76,0,180.24
,,,,,,,,1462,0,0,0,0,127.236,0,181.68,0,173.4
,,,,,,,,1463,0,0,0,0,120.42,0,171.96,0,164.16
,,,,,,,,1464,0,0,0,0,111.384,0,159.06,0,151.92
,,,,,,,,1465,0,0,0,0,102.204,0,145.92,0,139.32
,,,,,,,,1466,0,0,0,0,95.784,0,136.74,0,130.56
,,,,,,,,1467,0,0,0,0,91.848,0,131.16,0,125.28
,,,,,,,,1468,0,0,0,0,89.388,0,127.62,0,121.8
,,,,,,,,1469,0,0,0,0,88.092,0,125.76,0,120
,,,,,,,,1470,0,0,0,0,88.452,0,126.3,0,120.48
,,,,,,,,1471,0,0,0,0,91.38,0,130.44,0,124.56
,,,,,,,,1472,0,0,0,0,96.672,0,138.06,0,131.76
,,,,,,,,1473,0,0,0,0,103.176,0,147.3,0,140.64
,,,,,,,,1474,0,0,0,0,111.12,0,158.7,0,151.44
,,,,,,,,1475,0,0,0,0,116.988,0,167.04,0,159.48
,,,,,,,,1476,0,0,0,0,119.652,0,170.88,0,163.08
,,,,,,,,1477,0,0,0,0,120.204,0,171.6,0,163.92
,,,,,,,,1478,0,0,0,0,118.428,0,169.14,0,161.52
,,,,,,,,1479,0,0,0,0,114.996,0,164.22,0,156.84
,,,,,,,,1480,0,0,0,0,111.504,0,159.24,0,152.04
,,,,,,,,1481,0,0,0,0,109.224,0,156,0,148.92
,,,,,,,,1482,0,0,0,0,109.668,0,156.6,0,149.52
,,,,,,,,1483,0,0,0,0,115.368,0,164.7,0,157.32
,,,,,,,,1484,0,0,0,0,122.664,0,175.2,0,167.16
,,,,,,,,1485,0,0,0,0,119.94,0,171.3,0,163.56
,,,,,,,,1486,0,0,0,0,116.184,0,165.9,0,158.4
,,,,,,,,1487,0,0,0,0,110.424,0,157.68,0,150.48
,,,,,,,,1488,0,0,0,0,103.224,0,147.42,0,140.64
,,,,,,,,1489,0,0,0,0,95.724,0,136.74,0,130.44
,,,,,,,,1490,0,0,0,0,89.724,0,128.1,0,122.4
,,,,,,,,1491,0,0,0,0,86.064,0,122.88,0,117.36
,,,,,,,,1492,0,0,0,0,84.024,0,120,0,114.48
,,,,,,,,1493,0,0,0,0,83.184,0,118.8,0,113.4
,,,,,,,,1494,0,0,0,0,83.82,0,119.7,0,114.24
,,,,,,,,1495,0,0,0,0,86.112,0,122.94,0,117.48
,,,,,,,,1496,0,0,0,0,89.784,0,128.22,0,122.4
,,,,,,,,1497,0,0,0,0,95.052,0,135.72,0,129.6
,,,,,,,,1498,0,0,0,0,102.708,0,146.64,0,139.92
,,,,,,,,1499,0,0,0,0,108.72,0,155.28,0,148.2
,,,,,,,,1500,0,0,0,0,111.396,0,159.06,0,151.92
,,,,,,,,1501,0,0,0,0,112.416,0,160.5,0,153.24
,,,,,,,,1502,0,0,0,0,112.188,0,160.2,0,152.88
,,,,,,,,1503,0,0,0,0,110.472,0,157.74,0,150.6
,,,,,,,,1504,0,0,0,0,109.392,0,156.24,0,149.04
,,,,,,,,1505,0,0,0,0,109.416,0,156.24,0,149.16
,,,,,,,,1506,0,0,0,0,112.116,0,160.08,0,152.76
,,,,,,,,1507,0,0,0,0,119.676,0,170.94,0,163.2
,,,,,,,,1508,0,0,0,0,127.956,0,182.7,0,174.48
,,,,,,,,1509,0,0,0,0,125.952,0,179.88,0,171.72
,,,,,,,,1510,0,0,0,0,121.152,0,173.04,0,165.24
,,,,,,,,1511,0,0,0,0,113.484,0,162,0,154.68
,,,,,,,,1512,0,0,0,0,104.136,0,148.68,0,141.96
,,,,,,,,1513,0,0,0,0,95.916,0,136.98,0,130.8
,,,,,,,,1514,0,0,0,0,90.624,0,129.42,0,123.6
,,,,,,,,1515,0,0,0,0,88.212,0,125.94,0,120.24
,,,,,,,,1516,0,0,0,0,87.384,0,124.74,0,119.16
,,,,,,,,1517,0,0,0,0,88.02,0,125.7,0,119.88
,,,,,,,,1518,0,0,0,0,91.428,0,130.56,0,124.68
,,,,,,,,1519,0,0,0,0,100.98,0,144.18,0,137.64
,,,,,,,,1520,0,0,0,0,115.584,0,165,0,157.56
,,,,,,,,1521,0,0,0,0,123.708,0,176.64,0,168.6
,,,,,,,,1522,0,0,0,0,125.34,0,178.98,0,170.88
,,,,,,,,1523,0,0,0,0,125.652,0,179.46,0,171.36
,,,,,,,,1524,0,0,0,0,125.82,0,179.7,0,171.48
,,,,,,,,1525,0,0,0,0,125.016,0,178.5,0,170.4
,,,,,,,,1526,0,0,0,0,123.144,0,175.8,0,167.88
,,,,,,,,1527,0,0,0,0,121.776,0,173.88,0,165.96
,,,,,,,,1528,0,0,0,0,119.724,0,171,0,163.2
,,,,,,,,1529,0,0,0,0,119.22,0,170.28,0,162.48
,,,,,,,,1530,0,0,0,0,121.92,0,174.12,0,166.2
,,,,,,,,1531,0,0,0,0,130.14,0,185.82,0,177.48
,,,,,,,,1532,0,0,0,0,139.38,0,199.02,0,190.08
,,,,,,,,1533,0,0,0,0,137.508,0,196.32,0,187.44
,,,,,,,,1534,0,0,0,0,132.588,0,189.36,0,180.72
,,,,,,,,1535,0,0,0,0,124.272,0,177.48,0,169.44
,,,,,,,,1536,0,0,0,0,113.304,0,161.76,0,154.56
,,,,,,,,1537,0,0,0,0,103.884,0,148.32,0,141.6
,,,,,,,,1538,0,0,0,0,97.956,0,139.86,0,133.56
,,,,,,,,1539,0,0,0,0,95.34,0,136.14,0,129.96
,,,,,,,,1540,0,0,0,0,94.344,0,134.7,0,128.64
,,,,,,,,1541,0,0,0,0,94.776,0,135.36,0,129.24
,,,,,,,,1542,0,0,0,0,97.98,0,139.92,0,133.56
,,,,,,,,1543,0,0,0,0,107.328,0,153.3,0,146.28
,,,,,,,,1544,0,0,0,0,121.56,0,173.58,0,165.72
,,,,,,,,1545,0,0,0,0,129.108,0,184.32,0,176.04
,,,,,,,,1546,0,0,0,0,129.792,0,185.34,0,176.88
,,,,,,,,1547,0,0,0,0,128.412,0,183.36,0,175.08
,,,,,,,,1548,0,0,0,0,127.812,0,182.52,0,174.24
,,,,,,,,1549,0,0,0,0,126.804,0,181.08,0,172.8
,,,,,,,,1550,0,0,0,0,124.512,0,177.78,0,169.68
,,,,,,,,1551,0,0,0,0,123.072,0,175.74,0,167.76
,,,,,,,,1552,0,0,0,0,121.02,0,172.8,0,165
,,,,,,,,1553,0,0,0,0,119.472,0,170.64,0,162.96
,,,,,,,,1554,0,0,0,0,121.704,0,173.76,0,165.96
,,,,,,,,1555,0,0,0,0,128.604,0,183.6,0,175.32
,,,,,,,,1556,0,0,0,0,137.532,0,196.38,0,187.56
,,,,,,,,1557,0,0,0,0,136.176,0,194.46,0,185.64
,,,,,,,,1558,0,0,0,0,131.52,0,187.8,0,179.28
,,,,,,,,1559,0,0,0,0,122.964,0,175.56,0,167.64
,,,,,,,,1560,0,0,0,0,111.456,0,159.18,0,152.04
,,,,,,,,1561,0,0,0,0,101.244,0,144.54,0,138
,,,,,,,,1562,0,0,0,0,94.92,0,135.54,0,129.36
,,,,,,,,1563,0,0,0,0,91.704,0,130.98,0,125.04
,,,,,,,,1564,0,0,0,0,90.012,0,128.52,0,122.76
,,,,,,,,1565,0,0,0,0,90.06,0,128.64,0,122.76
,,,,,,,,1566,0,0,0,0,92.592,0,132.18,0,126.24
,,,,,,,,1567,0,0,0,0,101.616,0,145.14,0,138.6
,,,,,,,,1568,0,0,0,0,115.212,0,164.52,0,157.08
,,,,,,,,1569,0,0,0,0,121.992,0,174.18,0,166.32
,,,,,,,,1570,0,0,0,0,122.22,0,174.54,0,166.56
,,,,,,,,1571,0,0,0,0,121.392,0,173.4,0,165.48
,,,,,,,,1572,0,0,0,0,120.684,0,172.32,0,164.52
,,,,,,,,1573,0,0,0,0,119.256,0,170.28,0,162.6
,,,,,,,,1574,0,0,0,0,117.492,0,167.76,0,160.2
,,,,,,,,1575,0,0,0,0,116.484,0,166.32,0,158.76
,,,,,,,,1576,0,0,0,0,114.36,0,163.32,0,155.88
,,,,,,,,1577,0,0,0,0,113.316,0,161.82,0,154.56
,,,,,,,,1578,0,0,0,0,114.888,0,164.04,0,156.6
,,,,,,,,1579,0,0,0,0,121.308,0,173.22,0,165.36
,,,,,,,,1580,0,0,0,0,129.66,0,185.1,0,176.76
,,,,,,,,1581,0,0,0,0,127.692,0,182.34,0,174.12
,,,,,,,,1582,0,0,0,0,122.76,0,175.26,0,167.28
,,,,,,,,1583,0,0,0,0,114.204,0,163.08,0,155.76
,,,,,,,,1584,0,0,0,0,103.08,0,147.18,0,140.52
,,,,,,,,1585,0,0,0,0,92.88,0,132.66,0,126.6
,,,,,,,,1586,0,0,0,0,86.724,0,123.84,0,118.2
,,,,,,,,1587,0,0,0,0,83.364,0,119.04,0,113.64
,,,,,,,,1588,0,0,0,0,81.648,0,116.58,0,111.36
,,,,,,,,1589,0,0,0,0,81.276,0,116.04,0,110.76
,,,,,,,,1590,0,0,0,0,83.736,0,119.58,0,114.12
,,,,,,,,1591,0,0,0,0,92.328,0,131.88,0,125.88
,,,,,,,,1592,0,0,0,0,105.276,0,150.3,0,143.52
,,,,,,,,1593,0,0,0,0,113.304,0,161.76,0,154.56
,,,,,,,,1594,0,0,0,0,115.08,0,164.34,0,156.96
,,,,,,,,1595,0,0,0,0,115.692,0,165.24,0,157.68
,,,,,,,,1596,0,0,0,0,116.112,0,165.84,0,158.28
,,,,,,,,1597,0,0,0,0,116.004,0,165.6,0,158.16
,,,,,,,,1598,0,0,0,0,114.9,0,164.1,0,156.6
,,,,,,,,1599,0,0,0,0,114.384,0,163.32,0,155.88
,,,,,,,,1600,0,0,0,0,113.088,0,161.46,0,154.2
,,,,,,,,1601,0,0,0,0,112.296,0,160.38,0,153.12
,,,,,,,,1602,0,0,0,0,113.688,0,162.3,0,155.04
,,,,,,,,1603,0,0,0,0,119.7,0,170.94,0,163.2
,,,,,,,,1604,0,0,0,0,126.216,0,180.24,0,172.08
,,,,,,,,1605,0,0,0,0,123.888,0,176.94,0,168.96
,,,,,,,,1606,0,0,0,0,118.68,0,169.5,0,161.76
,,,,,,,,1607,0,0,0,0,110.268,0,157.5,0,150.24
,,,,,,,,1608,0,0,0,0,99.096,0,141.54,0,135.12
,,,,,,,,1609,0,0,0,0,89.364,0,127.62,0,121.8
,,,,,,,,1610,0,0,0,0,83.028,0,118.56,0,113.28
,,,,,,,,1611,0,0,0,0,79.752,0,113.88,0,108.72
,,,,,,,,1612,0,0,0,0,78.084,0,111.48,0,106.44
,,,,,,,,1613,0,0,0,0,77.76,0,111,0,105.96
,,,,,,,,1614,0,0,0,0,80.268,0,114.6,0,109.44
,,,,,,,,1615,0,0,0,0,88.836,0,126.84,0,121.2
,,,,,,,,1616,0,0,0,0,103.512,0,147.84,0,141.12
,,,,,,,,1617,0,0,0,0,113.316,0,161.82,0,154.56
,,,,,,,,1618,0,0,0,0,116.448,0,166.26,0,158.64
,,,,,,,,1619,0,0,0,0,117.564,0,167.88,0,160.32
,,,,,,,,1620,0,0,0,0,118.104,0,168.6,0,161.04
,,,,,,,,1621,0,0,0,0,117.468,0,167.7,0,160.08
,,,,,,,,1622,0,0,0,0,115.788,0,165.3,0,157.92
,,,,,,,,1623,0,0,0,0,114.732,0,163.8,0,156.36
,,,,,,,,1624,0,0,0,0,113.1,0,161.52,0,154.2
,,,,,,,,1625,0,0,0,0,112.512,0,160.68,0,153.36
,,,,,,,,1626,0,0,0,0,113.892,0,162.6,0,155.28
,,,,,,,,1627,0,0,0,0,118.704,0,169.5,0,161.76
,,,,,,,,1628,0,0,0,0,125.796,0,179.64,0,171.48
,,,,,,,,1629,0,0,0,0,123.66,0,176.58,0,168.6
,,,,,,,,1630,0,0,0,0,119.568,0,170.76,0,162.96
,,,,,,,,1631,0,0,0,0,113.448,0,162,0,154.68
,,,,,,,,1632,0,0,0,0,104.856,0,149.7,0,142.92
,,,,,,,,1633,0,0,0,0,96.072,0,137.22,0,130.92
,,,,,,,,1634,0,0,0,0,89.976,0,128.46,0,122.64
,,,,,,,,1635,0,0,0,0,86.868,0,124.08,0,118.44
,,,,,,,,1636,0,0,0,0,85.332,0,121.86,0,116.28
,,,,,,,,1637,0,0,0,0,84.996,0,121.38,0,115.8
,,,,,,,,1638,0,0,0,0,86.22,0,123.12,0,117.48
,,,,,,,,1639,0,0,0,0,89.82,0,128.28,0,122.4
,,,,,,,,1640,0,0,0,0,94.872,0,135.48,0,129.36
,,,,,,,,1641,0,0,0,0,102.36,0,146.16,0,139.56
,,,,,,,,1642,0,0,0,0,109.464,0,156.3,0,149.16
,,,,,,,,1643,0,0,0,0,113.88,0,162.6,0,155.28
,,,,,,,,1644,0,0,0,0,114.828,0,163.98,0,156.48
,,,,,,,,1645,0,0,0,0,113.964,0,162.72,0,155.4
,,,,,,,,1646,0,0,0,0,111.936,0,159.84,0,152.64
,,,,,,,,1647,0,0,0,0,109.452,0,156.24,0,149.16
,,,,,,,,1648,0,0,0,0,107.28,0,153.18,0,146.28
,,,,,,,,1649,0,0,0,0,106.452,0,152.04,0,145.2
,,,,,,,,1650,0,0,0,0,108.12,0,154.38,0,147.36
,,,,,,,,1651,0,0,0,0,113.412,0,162,0,154.56
,,,,,,,,1652,0,0,0,0,121.764,0,173.88,0,165.96
,,,,,,,,1653,0,0,0,0,120.156,0,171.6,0,163.8
,,,,,,,,1654,0,0,0,0,116.844,0,166.8,0,159.36
,,,,,,,,1655,0,0,0,0,111.444,0,159.12,0,151.92
,,,,,,,,1656,0,0,0,0,104.004,0,148.5,0,141.72
,,,,,,,,1657,0,0,0,0,96.684,0,138.06,0,131.76
,,,,,,,,1658,0,0,0,0,91.092,0,130.08,0,124.2
,,,,,,,,1659,0,0,0,0,89.424,0,127.68,0,121.8
,,,,,,,,1660,0,0,0,0,87.744,0,125.34,0,119.64
,,,,,,,,1661,0,0,0,0,86.028,0,122.88,0,117.24
,,,,,,,,1662,0,0,0,0,85.656,0,122.28,0,116.76
,,,,,,,,1663,0,0,0,0,86.988,0,124.2,0,118.56
,,,,,,,,1664,0,0,0,0,90.144,0,128.7,0,122.88
,,,,,,,,1665,0,0,0,0,93.708,0,133.8,0,127.8
,,,,,,,,1666,0,0,0,0,99.084,0,141.48,0,135.12
,,,,,,,,1667,0,0,0,0,103.968,0,148.44,0,141.72
,,,,,,,,1668,0,0,0,0,106.5,0,152.1,0,145.2
,,,,,,,,1669,0,0,0,0,107.148,0,153,0,146.04
,,,,,,,,1670,0,0,0,0,106.404,0,151.92,0,145.08
,,,,,,,,1671,0,0,0,0,104.268,0,148.86,0,142.2
,,,,,,,,1672,0,0,0,0,101.676,0,145.14,0,138.6
,,,,,,,,1673,0,0,0,0,100.056,0,142.86,0,136.32
,,,,,,,,1674,0,0,0,0,100.5,0,143.52,0,136.92
,,,,,,,,1675,0,0,0,0,103.428,0,147.66,0,141
,,,,,,,,1676,0,0,0,0,108.492,0,154.92,0,147.84
,,,,,,,,1677,0,0,0,0,117.516,0,167.76,0,160.2
,,,,,,,,1678,0,0,0,0,115.692,0,165.24,0,157.68
,,,,,,,,1679,0,0,0,0,108.66,0,155.16,0,148.2
,,,,,,,,1680,0,0,0,0,99.612,0,142.26,0,135.72
,,,,,,,,1681,0,0,0,0,90.156,0,128.7,0,122.88
,,,,,,,,1682,0,0,0,0,84.216,0,120.24,0,114.84
,,,,,,,,1683,0,0,0,0,80.76,0,115.32,0,110.16
,,,,,,,,1684,0,0,0,0,79.464,0,113.46,0,108.36
,,,,,,,,1685,0,0,0,0,79.644,0,113.76,0,108.48
,,,,,,,,1686,0,0,0,0,82.008,0,117.12,0,111.84
,,,,,,,,1687,0,0,0,0,90.54,0,129.24,0,123.48
,,,,,,,,1688,0,0,0,0,106.608,0,152.22,0,145.44
,,,,,,,,1689,0,0,0,0,115.92,0,165.54,0,158.04
,,,,,,,,1690,0,0,0,0,117.18,0,167.34,0,159.72
,,,,,,,,1691,0,0,0,0,116.724,0,166.68,0,159.12
,,,,,,,,1692,0,0,0,0,117.12,0,167.22,0,159.72
,,,,,,,,1693,0,0,0,0,116.856,0,166.86,0,159.36
,,,,,,,,1694,0,0,0,0,115.656,0,165.12,0,157.68
,,,,,,,,1695,0,0,0,0,114.9,0,164.1,0,156.6
,,,,,,,,1696,0,0,0,0,113.136,0,161.58,0,154.2
,,,,,,,,1697,0,0,0,0,111.504,0,159.24,0,152.04
,,,,,,,,1698,0,0,0,0,111.06,0,158.64,0,151.44
,,,,,,,,1699,0,0,0,0,112.524,0,160.68,0,153.36
,,,,,,,,1700,0,0,0,0,116.292,0,166.08,0,158.52
,,,,,,,,1701,0,0,0,0,122.4,0,174.78,0,166.92
,,,,,,,,1702,0,0,0,0,118.74,0,169.56,0,161.88
,,,,,,,,1703,0,0,0,0,110.148,0,157.26,0,150.24
,,,,,,,,1704,0,0,0,0,99.084,0,141.48,0,135.12
,,,,,,,,1705,0,0,0,0,88.848,0,126.84,0,121.2
,,,,,,,,1706,0,0,0,0,81.888,0,116.88,0,111.6
,,,,,,,,1707,0,0,0,0,77.892,0,111.18,0,106.2
,,,,,,,,1708,0,0,0,0,75.996,0,108.48,0,103.56
,,,,,,,,1709,0,0,0,0,75.54,0,107.88,0,102.96
,,,,,,,,1710,0,0,0,0,77.544,0,110.7,0,105.72
,,,,,,,,1711,0,0,0,0,85.128,0,121.56,0,116.04
,,,,,,,,1712,0,0,0,0,100.668,0,143.76,0,137.28
,,,,,,,,1713,0,0,0,0,111.108,0,158.7,0,151.44
,,,,,,,,1714,0,0,0,0,113.964,0,162.72,0,155.4
,,,,,,,,1715,0,0,0,0,115.044,0,164.28,0,156.84
,,,,,,,,1716,0,0,0,0,115.824,0,165.36,0,157.92
,,,,,,,,1717,0,0,0,0,115.968,0,165.6,0,158.16
,,,,,,,,1718,0,0,0,0,115.32,0,164.7,0,157.2
,,,,,,,,1719,0,0,0,0,115.116,0,164.4,0,156.96
,,,,,,,,1720,0,0,0,0,113.94,0,162.72,0,155.28
,,,,,,,,1721,0,0,0,0,112.8,0,161.04,0,153.84
,,,,,,,,1722,0,0,0,0,112.884,0,161.22,0,153.84
,,,,,,,,1723,0,0,0,0,114.132,0,162.96,0,155.64
,,,,,,,,1724,0,0,0,0,115.92,0,165.54,0,158.04
,,,,,,,,1725,0,0,0,0,121.536,0,173.52,0,165.72
,,,,,,,,1726,0,0,0,0,118.2,0,168.78,0,161.16
,,,,,,,,1727,0,0,0,0,109.764,0,156.72,0,149.64
,,,,,,,,1728,0,0,0,0,98.388,0,140.46,0,134.16
,,,,,,,,1729,0,0,0,0,87.9,0,125.52,0,119.88
,,,,,,,,1730,0,0,0,0,80.88,0,115.5,0,110.28
,,,,,,,,1731,0,0,0,0,77.1,0,110.04,0,105.12
,,,,,,,,1732,0,0,0,0,75.168,0,107.34,0,102.36
,,,,,,,,1733,0,0,0,0,75.084,0,107.22,0,102.36
,,,,,,,,1734,0,0,0,0,76.86,0,109.74,0,104.76
,,,,,,,,1735,0,0,0,0,84.636,0,120.84,0,115.32
,,,,,,,,1736,0,0,0,0,100.32,0,143.28,0,136.8
,,,,,,,,1737,0,0,0,0,109.992,0,157.08,0,150
,,,,,,,,1738,0,0,0,0,112.248,0,160.26,0,153
,,,,,,,,1739,0,0,0,0,113.556,0,162.18,0,154.8
,,,,,,,,1740,0,0,0,0,114.6,0,163.62,0,156.24
,,,,,,,,1741,0,0,0,0,114.792,0,163.92,0,156.48
,,,,,,,,1742,0,0,0,0,113.76,0,162.42,0,155.04
,,,,,,,,1743,0,0,0,0,113.52,0,162.06,0,154.8
,,,,,,,,1744,0,0,0,0,112.296,0,160.38,0,153.12
,,,,,,,,1745,0,0,0,0,111.432,0,159.12,0,151.92
,,,,,,,,1746,0,0,0,0,112.272,0,160.32,0,153.12
,,,,,,,,1747,0,0,0,0,114.924,0,164.1,0,156.72
,,,,,,,,1748,0,0,0,0,117.708,0,168.06,0,160.56
,,,,,,,,1749,0,0,0,0,122.028,0,174.24,0,166.32
,,,,,,,,1750,0,0,0,0,118.896,0,169.8,0,162.12
,,,,,,,,1751,0,0,0,0,111.012,0,158.52,0,151.32
,,,,,,,,1752,0,0,0,0,99.972,0,142.74,0,136.32
,,,,,,,,1753,0,0,0,0,89.856,0,128.28,0,122.4
,,,,,,,,1754,0,0,0,0,83.352,0,118.98,0,113.64
,,,,,,,,1755,0,0,0,0,79.752,0,113.88,0,108.72
,,,,,,,,1756,0,0,0,0,78,0,111.36,0,106.32
,,,,,,,,1757,0,0,0,0,77.868,0,111.18,0,106.08
,,,,,,,,1758,0,0,0,0,80.04,0,114.3,0,109.08
,,,,,,,,1759,0,0,0,0,88.212,0,125.94,0,120.24
,,,,,,,,1760,0,0,0,0,104.352,0,149.04,0,142.32
,,,,,,,,1761,0,0,0,0,114.588,0,163.62,0,156.24
,,,,,,,,1762,0,0,0,0,116.952,0,166.98,0,159.36
,,,,,,,,1763,0,0,0,0,118.008,0,168.54,0,160.92
,,,,,,,,1764,0,0,0,0,118.956,0,169.86,0,162.24
,,,,,,,,1765,0,0,0,0,118.428,0,169.14,0,161.52
,,,,,,,,1766,0,0,0,0,116.964,0,167.04,0,159.36
,,,,,,,,1767,0,0,0,0,115.944,0,165.6,0,158.16
,,,,,,,,1768,0,0,0,0,113.808,0,162.54,0,155.16
,,,,,,,,1769,0,0,0,0,112.68,0,160.92,0,153.6
,,,,,,,,1770,0,0,0,0,113.472,0,162,0,154.68
,,,,,,,,1771,0,0,0,0,116.328,0,166.14,0,158.64
,,,,,,,,1772,0,0,0,0,120.168,0,171.6,0,163.8
,,,,,,,,1773,0,0,0,0,125.136,0,178.68,0,170.64
,,,,,,,,1774,0,0,0,0,121.944,0,174.12,0,166.2
,,,,,,,,1775,0,0,0,0,114.624,0,163.68,0,156.24
,,,,,,,,1776,0,0,0,0,103.716,0,148.08,0,141.36
,,,,,,,,1777,0,0,0,0,93.456,0,133.44,0,127.44
,,,,,,,,1778,0,0,0,0,86.568,0,123.6,0,118.08
,,,,,,,,1779,0,0,0,0,82.716,0,118.08,0,112.68
,,,,,,,,1780,0,0,0,0,81.06,0,115.74,0,110.52
,,,,,,,,1781,0,0,0,0,80.628,0,115.14,0,109.92
,,,,,,,,1782,0,0,0,0,82.68,0,118.08,0,112.68
,,,,,,,,1783,0,0,0,0,90.504,0,129.24,0,123.36
,,,,,,,,1784,0,0,0,0,105.864,0,151.14,0,144.24
,,,,,,,,1785,0,0,0,0,115.368,0,164.7,0,157.32
,,,,,,,,1786,0,0,0,0,118.296,0,168.9,0,161.28
,,,,,,,,1787,0,0,0,0,119.808,0,171.06,0,163.32
,,,,,,,,1788,0,0,0,0,121.152,0,173.04,0,165.24
,,,,,,,,1789,0,0,0,0,121.368,0,173.34,0,165.36
,,,,,,,,1790,0,0,0,0,120.492,0,172.08,0,164.28
,,,,,,,,1791,0,0,0,0,120.012,0,171.36,0,163.56
,,,,,,,,1792,0,0,0,0,118.536,0,169.26,0,161.64
,,,,,,,,1793,0,0,0,0,117.36,0,167.58,0,159.96
,,,,,,,,1794,0,0,0,0,117.048,0,167.1,0,159.6
,,,,,,,,1795,0,0,0,0,117.42,0,167.7,0,160.08
,,,,,,,,1796,0,0,0,0,118.476,0,169.2,0,161.52
,,,,,,,,1797,0,0,0,0,121.392,0,173.34,0,165.48
,,,,,,,,1798,0,0,0,0,118.104,0,168.66,0,161.04
,,,,,,,,1799,0,0,0,0,111.984,0,159.9,0,152.64
,,,,,,,,1800,0,0,0,0,103.236,0,147.42,0,140.76
,,,,,,,,1801,0,0,0,0,93.804,0,133.98,0,127.8
,,,,,,,,1802,0,0,0,0,86.52,0,123.54,0,117.96
,,,,,,,,1803,0,0,0,0,82.068,0,117.18,0,111.84
,,,,,,,,1804,0,0,0,0,79.752,0,113.88,0,108.72
,,,,,,,,1805,0,0,0,0,78.672,0,112.32,0,107.16
,,,,,,,,1806,0,0,0,0,79.188,0,113.04,0,107.88
,,,,,,,,1807,0,0,0,0,81.96,0,117.06,0,111.72
,,,,,,,,1808,0,0,0,0,87.576,0,125.04,0,119.28
,,,,,,,,1809,0,0,0,0,94.008,0,134.28,0,128.16
,,,,,,,,1810,0,0,0,0,101.964,0,145.62,0,138.96
,,,,,,,,1811,0,0,0,0,107.316,0,153.3,0,146.28
,,,,,,,,1812,0,0,0,0,109.8,0,156.78,0,149.64
,,,,,,,,1813,0,0,0,0,109.476,0,156.3,0,149.28
,,,,,,,,1814,0,0,0,0,107.508,0,153.54,0,146.64
,,,,,,,,1815,0,0,0,0,105,0,149.94,0,143.04
,,,,,,,,1816,0,0,0,0,102.408,0,146.22,0,139.56
,,,,,,,,1817,0,0,0,0,100.248,0,143.1,0,136.68
,,,,,,,,1818,0,0,0,0,99.78,0,142.44,0,136.08
,,,,,,,,1819,0,0,0,0,100.188,0,143.04,0,136.56
,,,,,,,,1820,0,0,0,0,102.096,0,145.74,0,139.2
,,,,,,,,1821,0,0,0,0,108.72,0,155.28,0,148.2
,,,,,,,,1822,0,0,0,0,107.88,0,154.08,0,147.12
,,,,,,,,1823,0,0,0,0,103.308,0,147.54,0,140.76
,,,,,,,,1824,0,0,0,0,96.636,0,138,0,131.76
,,,,,,,,1825,0,0,0,0,89.16,0,127.32,0,121.56
,,,,,,,,1826,0,0,0,0,83.1,0,118.68,0,113.28
,,,,,,,,1827,0,0,0,0,79.392,0,113.34,0,108.24
,,,,,,,,1828,0,0,0,0,77.472,0,110.58,0,105.6
,,,,,,,,1829,0,0,0,0,76.488,0,109.2,0,104.16
,,,,,,,,1830,0,0,0,0,76.728,0,109.56,0,104.64
,,,,,,,,1831,0,0,0,0,78.672,0,112.32,0,107.16
,,,,,,,,1832,0,0,0,0,82.524,0,117.84,0,112.56
,,,,,,,,1833,0,0,0,0,86.976,0,124.2,0,118.56
,,,,,,,,1834,0,0,0,0,93.708,0,133.8,0,127.8
,,,,,,,,1835,0,0,0,0,99.204,0,141.66,0,135.24
,,,,,,,,1836,0,0,0,0,101.532,0,144.96,0,138.36
,,,,,,,,1837,0,0,0,0,101.964,0,145.56,0,138.96
,,,,,,,,1838,0,0,0,0,100.884,0,144.06,0,137.52
,,,,,,,,1839,0,0,0,0,98.964,0,141.3,0,134.88
,,,,,,,,1840,0,0,0,0,97.308,0,138.96,0,132.72
,,,,,,,,1841,0,0,0,0,96.396,0,137.64,0,131.4
,,,,,,,,1842,0,0,0,0,97.656,0,139.44,0,133.2
,,,,,,,,1843,0,0,0,0,100.128,0,142.98,0,136.44
,,,,,,,,1844,0,0,0,0,103.368,0,147.6,0,140.88
,,,,,,,,1845,0,0,0,0,111.828,0,159.66,0,152.52
,,,,,,,,1846,0,0,0,0,110.316,0,157.5,0,150.36
,,,,,,,,1847,0,0,0,0,102.708,0,146.64,0,139.92
,,,,,,,,1848,0,0,0,0,92.964,0,132.78,0,126.72
,,,,,,,,1849,0,0,0,0,84.108,0,120.12,0,114.6
,,,,,,,,1850,0,0,0,0,77.856,0,111.18,0,106.08
,,,,,,,,1851,0,0,0,0,74.64,0,106.56,0,101.76
,,,,,,,,1852,0,0,0,0,73.164,0,104.46,0,99.72
,,,,,,,,1853,0,0,0,0,73.14,0,104.46,0,99.72
,,,,,,,,1854,0,0,0,0,75.66,0,108.06,0,103.08
,,,,,,,,1855,0,0,0,0,84.108,0,120.12,0,114.6
,,,,,,,,1856,0,0,0,0,99.852,0,142.56,0,136.2
,,,,,,,,1857,0,0,0,0,109.044,0,155.7,0,148.68
,,,,,,,,1858,0,0,0,0,111.636,0,159.42,0,152.16
,,,,,,,,1859,0,0,0,0,113.112,0,161.52,0,154.2
,,,,,,,,1860,0,0,0,0,114.972,0,164.16,0,156.72
,,,,,,,,1861,0,0,0,0,115.92,0,165.54,0,158.04
,,,,,,,,1862,0,0,0,0,115.968,0,165.6,0,158.16
,,,,,,,,1863,0,0,0,0,116.412,0,166.2,0,158.64
,,,,,,,,1864,0,0,0,0,115.5,0,164.94,0,157.44
,,,,,,,,1865,0,0,0,0,114.156,0,163.02,0,155.64
,,,,,,,,1866,0,0,0,0,113.28,0,161.76,0,154.44
,,,,,,,,1867,0,0,0,0,113.256,0,161.7,0,154.44
,,,,,,,,1868,0,0,0,0,114.12,0,162.96,0,155.64
,,,,,,,,1869,0,0,0,0,120.408,0,171.9,0,164.16
,,,,,,,,1870,0,0,0,0,117.636,0,168,0,160.44
,,,,,,,,1871,0,0,0,0,108.636,0,155.1,0,148.08
,,,,,,,,1872,0,0,0,0,97.008,0,138.54,0,132.24
,,,,,,,,1873,0,0,0,0,86.664,0,123.78,0,118.08
,,,,,,,,1874,0,0,0,0,79.884,0,114.06,0,108.96
,,,,,,,,1875,0,0,0,0,76.368,0,109.08,0,104.16
,,,,,,,,1876,0,0,0,0,74.748,0,106.74,0,101.88
,,,,,,,,1877,0,0,0,0,74.256,0,106.02,0,101.16
,,,,,,,,1878,0,0,0,0,76.596,0,109.38,0,104.4
,,,,,,,,1879,0,0,0,0,84.456,0,120.6,0,115.08
,,,,,,,,1880,0,0,0,0,99.792,0,142.5,0,136.08
,,,,,,,,1881,0,0,0,0,108.696,0,155.22,0,148.2
,,,,,,,,1882,0,0,0,0,110.88,0,158.34,0,151.2
,,,,,,,,1883,0,0,0,0,112.02,0,159.96,0,152.64
,,,,,,,,1884,0,0,0,0,113.616,0,162.24,0,154.92
,,,,,,,,1885,0,0,0,0,114.624,0,163.68,0,156.24
,,,,,,,,1886,0,0,0,0,115.08,0,164.34,0,156.96
,,,,,,,,1887,0,0,0,0,115.992,0,165.6,0,158.16
,,,,,,,,1888,0,0,0,0,115.68,0,165.18,0,157.68
,,,,,,,,1889,0,0,0,0,115.128,0,164.4,0,156.96
,,,,,,,,1890,0,0,0,0,115.056,0,164.28,0,156.84
,,,,,,,,1891,0,0,0,0,115.344,0,164.7,0,157.2
,,,,,,,,1892,0,0,0,0,115.488,0,164.94,0,157.44
,,,,,,,,1893,0,0,0,0,121.596,0,173.64,0,165.84
,,,,,,,,1894,0,0,0,0,119.592,0,170.76,0,162.96
,,,,,,,,1895,0,0,0,0,110.892,0,158.34,0,151.2
,,,,,,,,1896,0,0,0,0,98.88,0,141.18,0,134.76
,,,,,,,,1897,0,0,0,0,88.476,0,126.3,0,120.6
,,,,,,,,1898,0,0,0,0,81.348,0,116.16,0,110.88
,,,,,,,,1899,0,0,0,0,77.58,0,110.76,0,105.72
,,,,,,,,1900,0,0,0,0,75.396,0,107.64,0,102.84
,,,,,,,,1901,0,0,0,0,74.844,0,106.86,0,102
,,,,,,,,1902,0,0,0,0,76.788,0,109.68,0,104.76
,,,,,,,,1903,0,0,0,0,84.24,0,120.3,0,114.84
,,,,,,,,1904,0,0,0,0,99.456,0,142.02,0,135.6
,,,,,,,,1905,0,0,0,0,108.432,0,154.8,0,147.84
,,,,,,,,1906,0,0,0,0,111.96,0,159.9,0,152.64
,,,,,,,,1907,0,0,0,0,114.144,0,162.96,0,155.64
,,,,,,,,1908,0,0,0,0,116.52,0,166.38,0,158.76
,,,,,,,,1909,0,0,0,0,117.984,0,168.48,0,160.92
,,,,,,,,1910,0,0,0,0,118.38,0,169.02,0,161.4
,,,,,,,,1911,0,0,0,0,119.052,0,170.04,0,162.36
,,,,,,,,1912,0,0,0,0,118.704,0,169.5,0,161.76
,,,,,,,,1913,0,0,0,0,118.104,0,168.66,0,161.04
,,,,,,,,1914,0,0,0,0,117.804,0,168.24,0,160.56
,,,,,,,,1915,0,0,0,0,117.78,0,168.18,0,160.56
,,,,,,,,1916,0,0,0,0,117.336,0,167.58,0,159.96
,,,,,,,,1917,0,0,0,0,122.94,0,175.5,0,167.64
,,,,,,,,1918,0,0,0,0,120.84,0,172.56,0,164.76
,,,,,,,,1919,0,0,0,0,112.32,0,160.38,0,153.12
,,,,,,,,1920,0,0,0,0,100.584,0,143.64,0,137.04
,,,,,,,,1921,0,0,0,0,89.7,0,128.04,0,122.28
,,,,,,,,1922,0,0,0,0,83.088,0,118.68,0,113.28
,,,,,,,,1923,0,0,0,0,78.732,0,112.38,0,107.28
,,,,,,,,1924,0,0,0,0,76.548,0,109.32,0,104.28
,,,,,,,,1925,0,0,0,0,75.78,0,108.18,0,103.32
,,,,,,,,1926,0,0,0,0,77.472,0,110.58,0,105.6
,,,,,,,,1927,0,0,0,0,84.732,0,121.02,0,115.56
,,,,,,,,1928,0,0,0,0,99.792,0,142.5,0,136.08
,,,,,,,,1929,0,0,0,0,108.804,0,155.4,0,148.32
,,,,,,,,1930,0,0,0,0,112.428,0,160.5,0,153.24
,,,,,,,,1931,0,0,0,0,115.212,0,164.52,0,157.08
,,,,,,,,1932,0,0,0,0,118.056,0,168.6,0,160.92
,,,,,,,,1933,0,0,0,0,119.604,0,170.76,0,163.08
,,,,,,,,1934,0,0,0,0,120.012,0,171.36,0,163.56
,,,,,,,,1935,0,0,0,0,121.368,0,173.34,0,165.48
,,,,,,,,1936,0,0,0,0,121.344,0,173.28,0,165.36
,,,,,,,,1937,0,0,0,0,121.152,0,172.98,0,165.24
,,,,,,,,1938,0,0,0,0,120.948,0,172.74,0,164.88
,,,,,,,,1939,0,0,0,0,120.468,0,172.02,0,164.16
,,,,,,,,1940,0,0,0,0,119.208,0,170.22,0,162.48
,,,,,,,,1941,0,0,0,0,124.356,0,177.6,0,169.56
,,,,,,,,1942,0,0,0,0,122.628,0,175.14,0,167.16
,,,,,,,,1943,0,0,0,0,114.276,0,163.2,0,155.76
,,,,,,,,1944,0,0,0,0,102.156,0,145.86,0,139.32
,,,,,,,,1945,0,0,0,0,91.428,0,130.56,0,124.68
,,,,,,,,1946,0,0,0,0,84.504,0,120.66,0,115.2
,,,,,,,,1947,0,0,0,0,80.208,0,114.48,0,109.32
,,,,,,,,1948,0,0,0,0,77.532,0,110.7,0,105.72
,,,,,,,,1949,0,0,0,0,76.68,0,109.5,0,104.52
,,,,,,,,1950,0,0,0,0,78.324,0,111.78,0,106.68
,,,,,,,,1951,0,0,0,0,85.152,0,121.62,0,116.04
,,,,,,,,1952,0,0,0,0,99.384,0,141.9,0,135.48
,,,,,,,,1953,0,0,0,0,108.468,0,154.92,0,147.84
,,,,,,,,1954,0,0,0,0,112.032,0,159.96,0,152.64
,,,,,,,,1955,0,0,0,0,114.36,0,163.32,0,155.88
,,,,,,,,1956,0,0,0,0,116.388,0,166.2,0,158.64
,,,,,,,,1957,0,0,0,0,116.952,0,166.98,0,159.36
,,,,,,,,1958,0,0,0,0,116.028,0,165.66,0,158.16
,,,,,,,,1959,0,0,0,0,116.304,0,166.08,0,158.52
,,,,,,,,1960,0,0,0,0,115.236,0,164.58,0,157.08
,,,,,,,,1961,0,0,0,0,113.856,0,162.6,0,155.16
,,,,,,,,1962,0,0,0,0,113.1,0,161.46,0,154.2
,,,,,,,,1963,0,0,0,0,111.852,0,159.72,0,152.52
,,,,,,,,1964,0,0,0,0,109.644,0,156.6,0,149.52
,,,,,,,,1965,0,0,0,0,114.228,0,163.14,0,155.76
,,,,,,,,1966,0,0,0,0,112.116,0,160.14,0,152.88
,,,,,,,,1967,0,0,0,0,105.636,0,150.84,0,144
,,,,,,,,1968,0,0,0,0,96.876,0,138.3,0,132
,,,,,,,,1969,0,0,0,0,87.612,0,125.1,0,119.4
,,,,,,,,1970,0,0,0,0,80.592,0,115.08,0,109.8
,,,,,,,,1971,0,0,0,0,76.212,0,108.78,0,103.92
,,,,,,,,1972,0,0,0,0,73.716,0,105.24,0,100.56
,,,,,,,,1973,0,0,0,0,72.396,0,103.38,0,98.76
,,,,,,,,1974,0,0,0,0,72.516,0,103.56,0,98.76
,,,,,,,,1975,0,0,0,0,74.952,0,106.98,0,102.12
,,,,,,,,1976,0,0,0,0,79.92,0,114.12,0,108.96
,,,,,,,,1977,0,0,0,0,85.884,0,122.64,0,117
,,,,,,,,1978,0,0,0,0,94.056,0,134.34,0,128.28
,,,,,,,,1979,0,0,0,0,99.9,0,142.68,0,136.2
,,,,,,,,1980,0,0,0,0,102.468,0,146.34,0,139.68
,,,,,,,,1981,0,0,0,0,102.948,0,147,0,140.4
,,,,,,,,1982,0,0,0,0,101.796,0,145.38,0,138.72
,,,,,,,,1983,0,0,0,0,99.756,0,142.44,0,135.96
,,,,,,,,1984,0,0,0,0,98.1,0,140.04,0,133.8
,,,,,,,,1985,0,0,0,0,97.308,0,138.96,0,132.72
,,,,,,,,1986,0,0,0,0,97.992,0,139.92,0,133.56
,,,,,,,,1987,0,0,0,0,100.476,0,143.46,0,136.92
,,,,,,,,1988,0,0,0,0,102.996,0,147.06,0,140.4
,,,,,,,,1989,0,0,0,0,107.1,0,152.94,0,145.92
,,,,,,,,1990,0,0,0,0,105.132,0,150.12,0,143.4
,,,,,,,,1991,0,0,0,0,99.756,0,142.44,0,135.96
,,,,,,,,1992,0,0,0,0,92.508,0,132.12,0,126.12
,,,,,,,,1993,0,0,0,0,85.044,0,121.38,0,115.92
,,,,,,,,1994,0,0,0,0,78.852,0,112.62,0,107.52
,,,,,,,,1995,0,0,0,0,74.772,0,106.74,0,101.88
,,,,,,,,1996,0,0,0,0,72.708,0,103.8,0,99.12
,,,,,,,,1997,0,0,0,0,71.7,0,102.36,0,97.68
,,,,,,,,1998,0,0,0,0,71.868,0,102.66,0,98.04
,,,,,,,,1999,0,0,0,0,73.512,0,104.94,0,100.2
,,,,,,,,2000,0,0,0,0,77.364,0,110.46,0,105.36
,,,,,,,,2001,0,0,0,0,82.572,0,117.9,0,112.56
,,,,,,,,2002,0,0,0,0,90.816,0,129.66,0,123.72
,,,,,,,,2003,0,0,0,0,97.92,0,139.8,0,133.44
,,,,,,,,2004,0,0,0,0,102.36,0,146.16,0,139.56
,,,,,,,,2005,0,0,0,0,104.976,0,149.88,0,143.04
,,,,,,,,2006,0,0,0,0,105.864,0,151.14,0,144.24
,,,,,,,,2007,0,0,0,0,104.808,0,149.64,0,142.92
,,,,,,,,2008,0,0,0,0,103.632,0,147.96,0,141.24
,,,,,,,,2009,0,0,0,0,102.828,0,146.82,0,140.16
,,,,,,,,2010,0,0,0,0,104.28,0,148.92,0,142.2
,,,,,,,,2011,0,0,0,0,107.196,0,153.06,0,146.16
,,,,,,,,2012,0,0,0,0,109.62,0,156.54,0,149.52
,,,,,,,,2013,0,0,0,0,114.18,0,163.02,0,155.76
,,,,,,,,2014,0,0,0,0,111.864,0,159.72,0,152.52
,,,,,,,,2015,0,0,0,0,104.076,0,148.62,0,141.84
,,,,,,,,2016,0,0,0,0,94.68,0,135.24,0,129
,,,,,,,,2017,0,0,0,0,85.968,0,122.76,0,117.24
,,,,,,,,2018,0,0,0,0,79.872,0,114.06,0,108.96
,,,,,,,,2019,0,0,0,0,76.62,0,109.38,0,104.4
,,,,,,,,2020,0,0,0,0,75.276,0,107.46,0,102.6
,,,,,,,,2021,0,0,0,0,75.384,0,107.64,0,102.72
,,,,,,,,2022,0,0,0,0,78.072,0,111.48,0,106.44
,,,,,,,,2023,0,0,0,0,86.688,0,123.78,0,118.08
,,,,,,,,2024,0,0,0,0,102.708,0,146.64,0,139.92
,,,,,,,,2025,0,0,0,0,112.068,0,160.02,0,152.76
,,,,,,,,2026,0,0,0,0,115.284,0,164.64,0,157.2
,,,,,,,,2027,0,0,0,0,116.616,0,166.5,0,159
,,,,,,,,2028,0,0,0,0,117.276,0,167.46,0,159.84
,,,,,,,,2029,0,0,0,0,116.748,0,166.74,0,159.24
,,,,,,,,2030,0,0,0,0,115.536,0,164.94,0,157.44
,,,,,,,,2031,0,0,0,0,114.84,0,163.98,0,156.6
,,,,,,,,2032,0,0,0,0,113.148,0,161.58,0,154.32
,,,,,,,,2033,0,0,0,0,112.284,0,160.32,0,153.12
,,,,,,,,2034,0,0,0,0,113.136,0,161.58,0,154.2
,,,,,,,,2035,0,0,0,0,116.184,0,165.9,0,158.4
,,,,,,,,2036,0,0,0,0,119.256,0,170.34,0,162.6
,,,,,,,,2037,0,0,0,0,126.684,0,180.9,0,172.68
,,,,,,,,2038,0,0,0,0,125.676,0,179.46,0,171.36
,,,,,,,,2039,0,0,0,0,118.152,0,168.72,0,161.16
,,,,,,,,2040,0,0,0,0,107.196,0,153.06,0,146.16
,,,,,,,,2041,0,0,0,0,97.44,0,139.14,0,132.84
,,,,,,,,2042,0,0,0,0,91.224,0,130.26,0,124.32
,,,,,,,,2043,0,0,0,0,88.188,0,125.94,0,120.24
,,,,,,,,2044,0,0,0,0,86.916,0,124.08,0,118.44
,,,,,,,,2045,0,0,0,0,87.072,0,124.32,0,118.68
,,,,,,,,2046,0,0,0,0,89.88,0,128.28,0,122.52
,,,,,,,,2047,0,0,0,0,98.568,0,140.76,0,134.4
,,,,,,,,2048,0,0,0,0,114.252,0,163.14,0,155.76
,,,,,,,,2049,0,0,0,0,122.868,0,175.5,0,167.52
,,,,,,,,2050,0,0,0,0,123.852,0,176.82,0,168.84
,,,,,,,,2051,0,0,0,0,123.54,0,176.4,0,168.36
,,,,,,,,2052,0,0,0,0,123.192,0,175.92,0,167.88
,,,,,,,,2053,0,0,0,0,122.376,0,174.72,0,166.8
,,,,,,,,2054,0,0,0,0,120.612,0,172.2,0,164.4
,,,,,,,,2055,0,0,0,0,118.884,0,169.8,0,162.12
,,,,,,,,2056,0,0,0,0,116.364,0,166.2,0,158.64
,,,,,,,,2057,0,0,0,0,114.672,0,163.74,0,156.24
,,,,,,,,2058,0,0,0,0,114.492,0,163.5,0,156.12
,,,,,,,,2059,0,0,0,0,116.1,0,165.78,0,158.28
,,,,,,,,2060,0,0,0,0,117.852,0,168.3,0,160.68
,,,,,,,,2061,0,0,0,0,124.992,0,178.5,0,170.4
,,,,,,,,2062,0,0,0,0,124.416,0,177.66,0,169.68
,,,,,,,,2063,0,0,0,0,116.808,0,166.8,0,159.24
,,,,,,,,2064,0,0,0,0,105.624,0,150.84,0,144
,,,,,,,,2065,0,0,0,0,95.4,0,136.2,0,130.08
,,,,,,,,2066,0,0,0,0,89.028,0,127.14,0,121.32
,,,,,,,,2067,0,0,0,0,85.476,0,122.04,0,116.52
,,,,,,,,2068,0,0,0,0,83.82,0,119.7,0,114.24
,,,,,,,,2069,0,0,0,0,83.28,0,118.92,0,113.52
,,,,,,,,2070,0,0,0,0,85.548,0,122.16,0,116.64
,,,,,,,,2071,0,0,0,0,93.768,0,133.92,0,127.8
,,,,,,,,2072,0,0,0,0,109.224,0,156,0,148.92
,,,,,,,,2073,0,0,0,0,118.2,0,168.78,0,161.16
,,,,,,,,2074,0,0,0,0,119.892,0,171.24,0,163.44
,,,,,,,,2075,0,0,0,0,120.108,0,171.54,0,163.68
,,,,,,,,2076,0,0,0,0,120.852,0,172.56,0,164.76
,,,,,,,,2077,0,0,0,0,120.96,0,172.74,0,164.88
,,,,,,,,2078,0,0,0,0,120.384,0,171.9,0,164.16
,,,,,,,,2079,0,0,0,0,120.06,0,171.42,0,163.68
,,,,,,,,2080,0,0,0,0,117.78,0,168.18,0,160.56
,,,,,,,,2081,0,0,0,0,115.848,0,165.42,0,157.92
,,,,,,,,2082,0,0,0,0,116.124,0,165.84,0,158.28
,,,,,,,,2083,0,0,0,0,117.456,0,167.7,0,160.08
,,,,,,,,2084,0,0,0,0,118.752,0,169.56,0,161.88
,,,,,,,,2085,0,0,0,0,123.264,0,176.04,0,168
,,,,,,,,2086,0,0,0,0,121.104,0,172.92,0,165.12
,,,,,,,,2087,0,0,0,0,112.98,0,161.34,0,153.96
,,,,,,,,2088,0,0,0,0,101.28,0,144.6,0,138.12
,,,,,,,,2089,0,0,0,0,90.984,0,129.9,0,124.08
,,,,,,,,2090,0,0,0,0,84.216,0,120.24,0,114.84
,,,,,,,,2091,0,0,0,0,80.724,0,115.26,0,110.04
,,,,,,,,2092,0,0,0,0,78.972,0,112.74,0,107.64
,,,,,,,,2093,0,0,0,0,78.672,0,112.38,0,107.16
,,,,,,,,2094,0,0,0,0,81.036,0,115.68,0,110.4
,,,,,,,,2095,0,0,0,0,89.136,0,127.26,0,121.56
,,,,,,,,2096,0,0,0,0,104.652,0,149.46,0,142.68
,,,,,,,,2097,0,0,0,0,113.724,0,162.36,0,155.04
,,,,,,,,2098,0,0,0,0,116.304,0,166.08,0,158.52
,,,,,,,,2099,0,0,0,0,118.056,0,168.6,0,160.92
,,,,,,,,2100,0,0,0,0,119.412,0,170.52,0,162.84
,,,,,,,,2101,0,0,0,0,119.616,0,170.82,0,163.08
,,,,,,,,2102,0,0,0,0,118.812,0,169.68,0,162
,,,,,,,,2103,0,0,0,0,118.224,0,168.84,0,161.16
,,,,,,,,2104,0,0,0,0,116.352,0,166.14,0,158.64
,,,,,,,,2105,0,0,0,0,115.656,0,165.12,0,157.68
,,,,,,,,2106,0,0,0,0,116.568,0,166.5,0,158.88
,,,,,,,,2107,0,0,0,0,118.68,0,169.5,0,161.76
,,,,,,,,2108,0,0,0,0,120.792,0,172.5,0,164.76
,,,,,,,,2109,0,0,0,0,124.92,0,178.38,0,170.28
,,,,,,,,2110,0,0,0,0,122.58,0,175.02,0,167.16
,,,,,,,,2111,0,0,0,0,114.72,0,163.8,0,156.36
,,,,,,,,2112,0,0,0,0,103.344,0,147.54,0,140.88
,,,,,,,,2113,0,0,0,0,93.42,0,133.44,0,127.32
,,,,,,,,2114,0,0,0,0,86.988,0,124.2,0,118.56
,,,,,,,,2115,0,0,0,0,83.556,0,119.34,0,113.88
,,,,,,,,2116,0,0,0,0,82.032,0,117.18,0,111.84
,,,,,,,,2117,0,0,0,0,81.744,0,116.7,0,111.48
,,,,,,,,2118,0,0,0,0,84.264,0,120.3,0,114.84
,,,,,,,,2119,0,0,0,0,92.46,0,132.06,0,126
,,,,,,,,2120,0,0,0,0,107.052,0,152.88,0,145.92
,,,,,,,,2121,0,0,0,0,115.416,0,164.82,0,157.32
,,,,,,,,2122,0,0,0,0,116.952,0,166.98,0,159.36
,,,,,,,,2123,0,0,0,0,117.204,0,167.4,0,159.84
,,,,,,,,2124,0,0,0,0,117.456,0,167.7,0,160.08
,,,,,,,,2125,0,0,0,0,116.556,0,166.44,0,158.88
,,,,,,,,2126,0,0,0,0,114.552,0,163.56,0,156.24
,,,,,,,,2127,0,0,0,0,113.328,0,161.82,0,154.56
,,,,,,,,2128,0,0,0,0,111.06,0,158.58,0,151.44
,,,,,,,,2129,0,0,0,0,108.984,0,155.64,0,148.56
,,,,,,,,2130,0,0,0,0,108.156,0,154.44,0,147.48
,,,,,,,,2131,0,0,0,0,108.084,0,154.32,0,147.36
,,,,,,,,2132,0,0,0,0,108.744,0,155.28,0,148.32
,,,,,,,,2133,0,0,0,0,114.768,0,163.86,0,156.48
,,,,,,,,2134,0,0,0,0,114.744,0,163.8,0,156.36
,,,,,,,,2135,0,0,0,0,109.524,0,156.42,0,149.28
,,,,,,,,2136,0,0,0,0,101.232,0,144.54,0,138
,,,,,,,,2137,0,0,0,0,92.172,0,131.58,0,125.64
,,,,,,,,2138,0,0,0,0,85.044,0,121.44,0,115.92
,,,,,,,,2139,0,0,0,0,81.144,0,115.86,0,110.64
,,,,,,,,2140,0,0,0,0,79.152,0,112.98,0,107.88
,,,,,,,,2141,0,0,0,0,78.552,0,112.14,0,107.04
,,,,,,,,2142,0,0,0,0,79.188,0,113.1,0,107.88
,,,,,,,,2143,0,0,0,0,82.152,0,117.3,0,112.08
,,,,,,,,2144,0,0,0,0,87.576,0,125.04,0,119.28
,,,,,,,,2145,0,0,0,0,95.148,0,135.84,0,129.72
,,,,,,,,2146,0,0,0,0,103.776,0,148.14,0,141.48
,,,,,,,,2147,0,0,0,0,109.02,0,155.64,0,148.56
,,,,,,,,2148,0,0,0,0,112.008,0,159.9,0,152.64
,,,,,,,,2149,0,0,0,0,112.524,0,160.68,0,153.36
,,,,,,,,2150,0,0,0,0,111.552,0,159.3,0,152.04
,,,,,,,,2151,0,0,0,0,108.996,0,155.64,0,148.56
,,,,,,,,2152,0,0,0,0,106.608,0,152.22,0,145.44
,,,,,,,,2153,0,0,0,0,105.108,0,150.12,0,143.28
,,,,,,,,2154,0,0,0,0,105.276,0,150.3,0,143.52
,,,,,,,,2155,0,0,0,0,106.632,0,152.28,0,145.44
,,,,,,,,2156,0,0,0,0,107.772,0,153.84,0,146.88
,,,,,,,,2157,0,0,0,0,112.368,0,160.5,0,153.24
,,,,,,,,2158,0,0,0,0,111.864,0,159.72,0,152.52
,,,,,,,,2159,0,0,0,0,107.4,0,153.36,0,146.4
,,,,,,,,2160,0,0,0,0,100.668,0,143.76,0,137.28
,,,,,,,,2161,0,0,0,0,92.892,0,132.66,0,126.6
,,,,,,,,2162,0,0,0,0,86.688,0,123.78,0,118.08
,,,,,,,,2163,0,0,0,0,82.836,0,118.26,0,112.92
,,,,,,,,2164,0,0,0,0,80.988,0,115.68,0,110.4
,,,,,,,,2165,0,0,0,0,80.268,0,114.6,0,109.44
,,,,,,,,2166,0,0,0,0,80.616,0,115.08,0,109.92
,,,,,,,,2167,0,0,0,0,82.872,0,118.38,0,112.92
,,,,,,,,2168,0,0,0,0,86.22,0,123.12,0,117.48
,,,,,,,,2169,0,0,0,0,91.152,0,130.14,0,124.2
,,,,,,,,2170,0,0,0,0,97.38,0,139.08,0,132.72
,,,,,,,,2171,0,0,0,0,101.4,0,144.84,0,138.24
,,,,,,,,2172,0,0,0,0,102.924,0,146.94,0,140.28
,,,,,,,,2173,0,0,0,0,103.188,0,147.3,0,140.64
,,,,,,,,2174,0,0,0,0,103.128,0,147.24,0,140.52
,,,,,,,,2175,0,0,0,0,102.48,0,146.34,0,139.68
,,,,,,,,2176,0,0,0,0,101.808,0,145.38,0,138.72
,,,,,,,,2177,0,0,0,0,102.408,0,146.22,0,139.56
,,,,,,,,2178,0,0,0,0,105.384,0,150.48,0,143.64
,,,,,,,,2179,0,0,0,0,109.836,0,156.84,0,149.76
,,,,,,,,2180,0,0,0,0,113.064,0,161.46,0,154.08
,,,,,,,,2181,0,0,0,0,116.832,0,166.8,0,159.36
,,,,,,,,2182,0,0,0,0,113.868,0,162.6,0,155.16
,,,,,,,,2183,0,0,0,0,106.464,0,152.04,0,145.2
,,,,,,,,2184,0,0,0,0,96.984,0,138.48,0,132.12
,,,,,,,,2185,0,0,0,0,88.26,0,126,0,120.36
,,,,,,,,2186,0,0,0,0,82.512,0,117.78,0,112.44
,,,,,,,,2187,0,0,0,0,79.368,0,113.34,0,108.24
,,,,,,,,2188,0,0,0,0,78.204,0,111.66,0,106.56
,,,,,,,,2189,0,0,0,0,78.384,0,111.9,0,106.8
,,,,,,,,2190,0,0,0,0,81.192,0,115.98,0,110.64
,,,,,,,,2191,0,0,0,0,90.276,0,128.88,0,123
,,,,,,,,2192,0,0,0,0,105.792,0,151.08,0,144.24
,,,,,,,,2193,0,0,0,0,115.068,0,164.34,0,156.96
,,,,,,,,2194,0,0,0,0,117.828,0,168.3,0,160.56
,,,,,,,,2195,0,0,0,0,118.992,0,169.92,0,162.24
,,,,,,,,2196,0,0,0,0,119.58,0,170.76,0,162.96
,,,,,,,,2197,0,0,0,0,118.704,0,169.5,0,161.76
,,,,,,,,2198,0,0,0,0,117.012,0,167.1,0,159.48
,,,,,,,,2199,0,0,0,0,115.764,0,165.3,0,157.8
,,,,,,,,2200,0,0,0,0,113.652,0,162.24,0,154.92
,,,,,,,,2201,0,0,0,0,111.984,0,159.9,0,152.64
,,,,,,,,2202,0,0,0,0,111.9,0,159.78,0,152.64
,,,,,,,,2203,0,0,0,0,113.496,0,162.06,0,154.68
,,,,,,,,2204,0,0,0,0,114.684,0,163.8,0,156.24
,,,,,,,,2205,0,0,0,0,121.02,0,172.8,0,165
,,,,,,,,2206,0,0,0,0,121.548,0,173.58,0,165.72
,,,,,,,,2207,0,0,0,0,114.252,0,163.14,0,155.76
,,,,,,,,2208,0,0,0,0,103.188,0,147.3,0,140.64
,,,,,,,,2209,0,0,0,0,92.832,0,132.54,0,126.6
,,,,,,,,2210,0,0,0,0,86.436,0,123.42,0,117.84
,,,,,,,,2211,0,0,0,0,83.184,0,118.74,0,113.4
,,,,,,,,2212,0,0,0,0,81.828,0,116.88,0,111.48
,,,,,,,,2213,0,0,0,0,81.984,0,117.06,0,111.72
,,,,,,,,2214,0,0,0,0,84.924,0,121.26,0,115.68
,,,,,,,,2215,0,0,0,0,93.96,0,134.16,0,128.04
,,,,,,,,2216,0,0,0,0,109.008,0,155.64,0,148.56
,,,,,,,,2217,0,0,0,0,117.216,0,167.4,0,159.84
,,,,,,,,2218,0,0,0,0,117.96,0,168.42,0,160.8
,,,,,,,,2219,0,0,0,0,117.78,0,168.18,0,160.56
,,,,,,,,2220,0,0,0,0,117.588,0,167.88,0,160.32
,,,,,,,,2221,0,0,0,0,116.568,0,166.44,0,158.88
,,,,,,,,2222,0,0,0,0,115.02,0,164.22,0,156.84
,,,,,,,,2223,0,0,0,0,113.748,0,162.42,0,155.04
,,,,,,,,2224,0,0,0,0,112.044,0,159.96,0,152.76
,,,,,,,,2225,0,0,0,0,110.88,0,158.34,0,151.2
,,,,,,,,2226,0,0,0,0,110.796,0,158.22,0,151.08
,,,,,,,,2227,0,0,0,0,111.876,0,159.72,0,152.52
,,,,,,,,2228,0,0,0,0,112.968,0,161.34,0,153.96
,,,,,,,,2229,0,0,0,0,119.244,0,170.28,0,162.6
,,,,,,,,2230,0,0,0,0,119.928,0,171.3,0,163.56
,,,,,,,,2231,0,0,0,0,111.996,0,159.9,0,152.64
,,,,,,,,2232,0,0,0,0,100.668,0,143.76,0,137.28
,,,,,,,,2233,0,0,0,0,90.324,0,128.94,0,123.12
,,,,,,,,2234,0,0,0,0,83.52,0,119.28,0,113.88
,,,,,,,,2235,0,0,0,0,80.148,0,114.48,0,109.2
,,,,,,,,2236,0,0,0,0,78.408,0,111.96,0,106.92
,,,,,,,,2237,0,0,0,0,78.156,0,111.6,0,106.56
,,,,,,,,2238,0,0,0,0,80.448,0,114.84,0,109.56
,,,,,,,,2239,0,0,0,0,88.932,0,127.02,0,121.2
,,,,,,,,2240,0,0,0,0,103.524,0,147.84,0,141.12
,,,,,,,,2241,0,0,0,0,111.768,0,159.6,0,152.4
,,,,,,,,2242,0,0,0,0,113.184,0,161.64,0,154.32
,,,,,,,,2243,0,0,0,0,113.52,0,162.12,0,154.8
,,,,,,,,2244,0,0,0,0,114.264,0,163.2,0,155.76
,,,,,,,,2245,0,0,0,0,114.276,0,163.2,0,155.76
,,,,,,,,2246,0,0,0,0,113.28,0,161.76,0,154.44
,,,,,,,,2247,0,0,0,0,113.016,0,161.4,0,154.08
,,,,,,,,2248,0,0,0,0,112.056,0,160.02,0,152.76
,,,,,,,,2249,0,0,0,0,110.856,0,158.34,0,151.08
,,,,,,,,2250,0,0,0,0,110.868,0,158.34,0,151.2
,,,,,,,,2251,0,0,0,0,111.9,0,159.78,0,152.64
,,,,,,,,2252,0,0,0,0,112.92,0,161.22,0,153.84
,,,,,,,,2253,0,0,0,0,118.356,0,169.02,0,161.4
,,,,,,,,2254,0,0,0,0,118.104,0,168.6,0,161.04
,,,,,,,,2255,0,0,0,0,110.4,0,157.62,0,150.48
,,,,,,,,2256,0,0,0,0,99.444,0,141.96,0,135.6
,,,,,,,,2257,0,0,0,0,89.088,0,127.2,0,121.44
,,,,,,,,2258,0,0,0,0,82.86,0,118.32,0,112.92
,,,,,,,,2259,0,0,0,0,79.56,0,113.58,0,108.36
,,,,,,,,2260,0,0,0,0,78.096,0,111.48,0,106.44
,,,,,,,,2261,0,0,0,0,78.108,0,111.48,0,106.44
,,,,,,,,2262,0,0,0,0,80.82,0,115.38,0,110.28
,,,,,,,,2263,0,0,0,0,89.376,0,127.62,0,121.8
,,,,,,,,2264,0,0,0,0,104.364,0,149.04,0,142.32
,,,,,,,,2265,0,0,0,0,112.968,0,161.34,0,153.96
,,,,,,,,2266,0,0,0,0,114.72,0,163.8,0,156.36
,,,,,,,,2267,0,0,0,0,115.608,0,165.06,0,157.56
,,,,,,,,2268,0,0,0,0,116.22,0,165.96,0,158.4
,,,,,,,,2269,0,0,0,0,115.836,0,165.42,0,157.92
,,,,,,,,2270,0,0,0,0,114.648,0,163.74,0,156.24
,,,,,,,,2271,0,0,0,0,113.868,0,162.6,0,155.16
,,,,,,,,2272,0,0,0,0,111.876,0,159.78,0,152.52
,,,,,,,,2273,0,0,0,0,110.268,0,157.5,0,150.24
,,,,,,,,2274,0,0,0,0,109.92,0,156.96,0,149.88
,,,,,,,,2275,0,0,0,0,110.664,0,158.04,0,150.84
,,,,,,,,2276,0,0,0,0,111.372,0,159,0,151.8
,,,,,,,,2277,0,0,0,0,116.7,0,166.62,0,159.12
,,,,,,,,2278,0,0,0,0,117.924,0,168.36,0,160.8
,,,,,,,,2279,0,0,0,0,111.792,0,159.6,0,152.4
,,,,,,,,2280,0,0,0,0,101.616,0,145.14,0,138.6
,,,,,,,,2281,0,0,0,0,91.824,0,131.1,0,125.16
,,,,,,,,2282,0,0,0,0,85.272,0,121.74,0,116.28
,,,,,,,,2283,0,0,0,0,81.852,0,116.88,0,111.48
,,,,,,,,2284,0,0,0,0,80.28,0,114.66,0,109.44
,,,,,,,,2285,0,0,0,0,80.196,0,114.48,0,109.32
,,,,,,,,2286,0,0,0,0,82.32,0,117.54,0,112.2
,,,,,,,,2287,0,0,0,0,89.244,0,127.44,0,121.68
,,,,,,,,2288,0,0,0,0,99.936,0,142.74,0,136.32
,,,,,,,,2289,0,0,0,0,108.144,0,154.44,0,147.48
,,,,,,,,2290,0,0,0,0,111.876,0,159.78,0,152.52
,,,,,,,,2291,0,0,0,0,113.688,0,162.3,0,155.04
,,,,,,,,2292,0,0,0,0,114.156,0,163.02,0,155.64
,,,,,,,,2293,0,0,0,0,113.076,0,161.46,0,154.2
,,,,,,,,2294,0,0,0,0,111.288,0,158.94,0,151.68
,,,,,,,,2295,0,0,0,0,109.68,0,156.6,0,149.52
,,,,,,,,2296,0,0,0,0,107.352,0,153.3,0,146.4
,,,,,,,,2297,0,0,0,0,105.408,0,150.54,0,143.64
,,,,,,,,2298,0,0,0,0,105.096,0,150.06,0,143.28
,,,,,,,,2299,0,0,0,0,105.768,0,151.02,0,144.24
,,,,,,,,2300,0,0,0,0,106.176,0,151.62,0,144.72
,,,,,,,,2301,0,0,0,0,110.892,0,158.34,0,151.2
,,,,,,,,2302,0,0,0,0,112.116,0,160.08,0,152.76
,,,,,,,,2303,0,0,0,0,107.016,0,152.82,0,145.92
,,,,,,,,2304,0,0,0,0,98.988,0,141.36,0,135
,,,,,,,,2305,0,0,0,0,90.576,0,129.3,0,123.48
,,,,,,,,2306,0,0,0,0,84.288,0,120.36,0,114.96
,,,,,,,,2307,0,0,0,0,80.64,0,115.14,0,109.92
,,,,,,,,2308,0,0,0,0,78.792,0,112.5,0,107.4
,,,,,,,,2309,0,0,0,0,78.18,0,111.6,0,106.56
,,,,,,,,2310,0,0,0,0,79.152,0,113.04,0,107.88
,,,,,,,,2311,0,0,0,0,82.38,0,117.6,0,112.32
,,,,,,,,2312,0,0,0,0,87.024,0,124.26,0,118.68
,,,,,,,,2313,0,0,0,0,94.212,0,134.58,0,128.4
,,,,,,,,2314,0,0,0,0,101.328,0,144.66,0,138.12
,,,,,,,,2315,0,0,0,0,105.048,0,150,0,143.16
,,,,,,,,2316,0,0,0,0,105.888,0,151.2,0,144.36
,,,,,,,,2317,0,0,0,0,105.228,0,150.24,0,143.52
,,,,,,,,2318,0,0,0,0,103.608,0,147.96,0,141.24
,,,,,,,,2319,0,0,0,0,101.532,0,144.96,0,138.36
,,,,,,,,2320,0,0,0,0,99.624,0,142.26,0,135.72
,,,,,,,,2321,0,0,0,0,99.264,0,141.78,0,135.36
,,,,,,,,2322,0,0,0,0,101.1,0,144.36,0,137.88
,,,,,,,,2323,0,0,0,0,103.776,0,148.14,0,141.48
,,,,,,,,2324,0,0,0,0,105.804,0,151.08,0,144.24
,,,,,,,,2325,0,0,0,0,110.04,0,157.14,0,150
,,,,,,,,2326,0,0,0,0,109.932,0,156.96,0,149.88
,,,,,,,,2327,0,0,0,0,104.88,0,149.76,0,142.92
,,,,,,,,2328,0,0,0,0,97.284,0,138.9,0,132.72
,,,,,,,,2329,0,0,0,0,88.968,0,127.02,0,121.2
,,,,,,,,2330,0,0,0,0,82.14,0,117.3,0,111.96
,,,,,,,,2331,0,0,0,0,78.18,0,111.66,0,106.56
,,,,,,,,2332,0,0,0,0,75.828,0,108.24,0,103.32
,,,,,,,,2333,0,0,0,0,74.964,0,107.04,0,102.24
,,,,,,,,2334,0,0,0,0,75.348,0,107.58,0,102.72
,,,,,,,,2335,0,0,0,0,77.496,0,110.64,0,105.6
,,,,,,,,2336,0,0,0,0,81.192,0,115.98,0,110.64
,,,,,,,,2337,0,0,0,0,87.996,0,125.64,0,119.88
,,,,,,,,2338,0,0,0,0,95.736,0,136.74,0,130.56
,,,,,,,,2339,0,0,0,0,100.56,0,143.64,0,137.04
,,,,,,,,2340,0,0,0,0,102.24,0,145.98,0,139.32
,,,,,,,,2341,0,0,0,0,103.212,0,147.36,0,140.64
,,,,,,,,2342,0,0,0,0,102.324,0,146.1,0,139.44
,,,,,,,,2343,0,0,0,0,98.652,0,140.88,0,134.4
,,,,,,,,2344,0,0,0,0,94.944,0,135.54,0,129.48
,,,,,,,,2345,0,0,0,0,92.88,0,132.6,0,126.6
,,,,,,,,2346,0,0,0,0,92.412,0,131.94,0,126
,,,,,,,,2347,0,0,0,0,93.468,0,133.44,0,127.44
,,,,,,,,2348,0,0,0,0,96.012,0,137.1,0,130.8
,,,,,,,,2349,0,0,0,0,103.368,0,147.6,0,140.88
,,,,,,,,2350,0,0,0,0,107.04,0,152.88,0,145.92
,,,,,,,,2351,0,0,0,0,101.268,0,144.54,0,138.12
,,,,,,,,2352,0,0,0,0,92.484,0,132.06,0,126
,,,,,,,,2353,0,0,0,0,84.372,0,120.48,0,115.08
,,,,,,,,2354,0,0,0,0,78.948,0,112.74,0,107.64
,,,,,,,,2355,0,0,0,0,76.308,0,108.96,0,104.04
,,,,,,,,2356,0,0,0,0,75.324,0,107.58,0,102.72
,,,,,,,,2357,0,0,0,0,75.384,0,107.64,0,102.72
,,,,,,,,2358,0,0,0,0,78.132,0,111.54,0,106.56
,,,,,,,,2359,0,0,0,0,86.856,0,124.02,0,118.44
,,,,,,,,2360,0,0,0,0,101.112,0,144.36,0,137.88
,,,,,,,,2361,0,0,0,0,110.7,0,158.1,0,150.84
,,,,,,,,2362,0,0,0,0,114.096,0,162.9,0,155.64
,,,,,,,,2363,0,0,0,0,115.536,0,164.94,0,157.44
,,,,,,,,2364,0,0,0,0,116.82,0,166.8,0,159.36
,,,,,,,,2365,0,0,0,0,116.832,0,166.8,0,159.36
,,,,,,,,2366,0,0,0,0,115.884,0,165.48,0,158.04
,,,,,,,,2367,0,0,0,0,115.02,0,164.22,0,156.84
,,,,,,,,2368,0,0,0,0,113.148,0,161.58,0,154.32
,,,,,,,,2369,0,0,0,0,111.864,0,159.72,0,152.52
,,,,,,,,2370,0,0,0,0,111.876,0,159.78,0,152.52
,,,,,,,,2371,0,0,0,0,113.184,0,161.64,0,154.32
,,,,,,,,2372,0,0,0,0,114.312,0,163.2,0,155.76
,,,,,,,,2373,0,0,0,0,119.136,0,170.1,0,162.36
,,,,,,,,2374,0,0,0,0,119.328,0,170.4,0,162.72
,,,,,,,,2375,0,0,0,0,111.06,0,158.58,0,151.44
,,,,,,,,2376,0,0,0,0,99.744,0,142.44,0,135.96
,,,,,,,,2377,0,0,0,0,89.22,0,127.44,0,121.68
,,,,,,,,2378,0,0,0,0,82.908,0,118.38,0,113.04
,,,,,,,,2379,0,0,0,0,79.716,0,113.88,0,108.72
,,,,,,,,2380,0,0,0,0,78.276,0,111.78,0,106.68
,,,,,,,,2381,0,0,0,0,78.156,0,111.6,0,106.56
,,,,,,,,2382,0,0,0,0,80.844,0,115.44,0,110.28
,,,,,,,,2383,0,0,0,0,89.244,0,127.44,0,121.68
,,,,,,,,2384,0,0,0,0,103.104,0,147.24,0,140.52
,,,,,,,,2385,0,0,0,0,111.792,0,159.6,0,152.4
,,,,,,,,2386,0,0,0,0,113.52,0,162.12,0,154.8
,,,,,,,,2387,0,0,0,0,114.252,0,163.14,0,155.76
,,,,,,,,2388,0,0,0,0,114.996,0,164.22,0,156.84
,,,,,,,,2389,0,0,0,0,114.732,0,163.8,0,156.36
,,,,,,,,2390,0,0,0,0,114.036,0,162.84,0,155.52
,,,,,,,,2391,0,0,0,0,113.76,0,162.42,0,155.04
,,,,,,,,2392,0,0,0,0,112.224,0,160.2,0,153
,,,,,,,,2393,0,0,0,0,110.904,0,158.34,0,151.2
,,,,,,,,2394,0,0,0,0,111.084,0,158.64,0,151.44
,,,,,,,,2395,0,0,0,0,111.972,0,159.9,0,152.64
,,,,,,,,2396,0,0,0,0,112.74,0,160.98,0,153.72
,,,,,,,,2397,0,0,0,0,117.732,0,168.12,0,160.56
,,,,,,,,2398,0,0,0,0,118.176,0,168.78,0,161.16
,,,,,,,,2399,0,0,0,0,110.1,0,157.2,0,150.12
,,,,,,,,2400,0,0,0,0,98.76,0,141,0,134.64
,,,,,,,,2401,0,0,0,0,88.524,0,126.42,0,120.6
,,,,,,,,2402,0,0,0,0,82.2,0,117.42,0,112.08
,,,,,,,,2403,0,0,0,0,78.948,0,112.68,0,107.64
,,,,,,,,2404,0,0,0,0,77.496,0,110.64,0,105.6
,,,,,,,,2405,0,0,0,0,77.496,0,110.64,0,105.6
,,,,,,,,2406,0,0,0,0,80.076,0,114.36,0,109.08
,,,,,,,,2407,0,0,0,0,88.476,0,126.3,0,120.6
,,,,,,,,2408,0,0,0,0,102.492,0,146.34,0,139.8
,,,,,,,,2409,0,0,0,0,111.876,0,159.78,0,152.52
,,,,,,,,2410,0,0,0,0,114.228,0,163.14,0,155.76
,,,,,,,,2411,0,0,0,0,114.636,0,163.68,0,156.24
,,,,,,,,2412,0,0,0,0,115.176,0,164.46,0,156.96
,,,,,,,,2413,0,0,0,0,114.864,0,164.04,0,156.6
,,,,,,,,2414,0,0,0,0,113.724,0,162.36,0,155.04
,,,,,,,,2415,0,0,0,0,113.196,0,161.64,0,154.32
,,,,,,,,2416,0,0,0,0,111.864,0,159.72,0,152.52
,,,,,,,,2417,0,0,0,0,110.7,0,158.1,0,150.84
,,,,,,,,2418,0,0,0,0,110.976,0,158.46,0,151.32
,,,,,,,,2419,0,0,0,0,112.164,0,160.2,0,152.88
,,,,,,,,2420,0,0,0,0,113.304,0,161.76,0,154.56
,,,,,,,,2421,0,0,0,0,118.368,0,169.02,0,161.4
,,,,,,,,2422,0,0,0,0,118.356,0,169.02,0,161.4
,,,,,,,,2423,0,0,0,0,110.496,0,157.74,0,150.72
,,,,,,,,2424,0,0,0,0,99.444,0,142.02,0,135.6
,,,,,,,,2425,0,0,0,0,89.352,0,127.56,0,121.8
,,,,,,,,2426,0,0,0,0,82.776,0,118.2,0,112.8
,,,,,,,,2427,0,0,0,0,79.32,0,113.28,0,108.12
,,,,,,,,2428,0,0,0,0,77.748,0,111,0,105.96
,,,,,,,,2429,0,0,0,0,77.7,0,110.94,0,105.96
,,,,,,,,2430,0,0,0,0,80.112,0,114.42,0,109.2
,,,,,,,,2431,0,0,0,0,88.608,0,126.54,0,120.72
,,,,,,,,2432,0,0,0,0,102.42,0,146.28,0,139.56
,,,,,,,,2433,0,0,0,0,111.336,0,158.94,0,151.8
,,,,,,,,2434,0,0,0,0,113.592,0,162.24,0,154.92
,,,,,,,,2435,0,0,0,0,114.264,0,163.2,0,155.76
,,,,,,,,2436,0,0,0,0,114.66,0,163.74,0,156.24
,,,,,,,,2437,0,0,0,0,114.756,0,163.86,0,156.36
,,,,,,,,2438,0,0,0,0,114.312,0,163.2,0,155.76
,,,,,,,,2439,0,0,0,0,114.18,0,163.02,0,155.76
,,,,,,,,2440,0,0,0,0,112.812,0,161.04,0,153.84
,,,,,,,,2441,0,0,0,0,111.756,0,159.54,0,152.4
,,,,,,,,2442,0,0,0,0,112.092,0,160.08,0,152.76
,,,,,,,,2443,0,0,0,0,113.412,0,161.94,0,154.56
,,,,,,,,2444,0,0,0,0,113.76,0,162.42,0,155.04
,,,,,,,,2445,0,0,0,0,117.876,0,168.3,0,160.68
,,,,,,,,2446,0,0,0,0,118.476,0,169.2,0,161.52
,,,,,,,,2447,0,0,0,0,111.276,0,158.88,0,151.68
,,,,,,,,2448,0,0,0,0,100.572,0,143.64,0,137.04
,,,,,,,,2449,0,0,0,0,90.336,0,128.94,0,123.12
,,,,,,,,2450,0,0,0,0,83.892,0,119.82,0,114.36
,,,,,,,,2451,0,0,0,0,80.688,0,115.2,0,110.04
,,,,,,,,2452,0,0,0,0,79.152,0,112.98,0,107.88
,,,,,,,,2453,0,0,0,0,79.152,0,113.04,0,107.88
,,,,,,,,2454,0,0,0,0,81.612,0,116.58,0,111.24
,,,,,,,,2455,0,0,0,0,89.772,0,128.16,0,122.4
,,,,,,,,2456,0,0,0,0,103.044,0,147.12,0,140.52
,,,,,,,,2457,0,0,0,0,111.672,0,159.48,0,152.16
,,,,,,,,2458,0,0,0,0,113.364,0,161.88,0,154.56
,,,,,,,,2459,0,0,0,0,113.964,0,162.72,0,155.4
,,,,,,,,2460,0,0,0,0,114.492,0,163.5,0,156.12
,,,,,,,,2461,0,0,0,0,113.76,0,162.42,0,155.04
,,,,,,,,2462,0,0,0,0,112.464,0,160.56,0,153.24
,,,,,,,,2463,0,0,0,0,111.708,0,159.54,0,152.28
,,,,,,,,2464,0,0,0,0,109.992,0,157.08,0,150
,,,,,,,,2465,0,0,0,0,108.012,0,154.26,0,147.24
,,,,,,,,2466,0,0,0,0,107.16,0,153,0,146.04
,,,,,,,,2467,0,0,0,0,106.548,0,152.16,0,145.32
,,,,,,,,2468,0,0,0,0,105.66,0,150.84,0,144.12
,,,,,,,,2469,0,0,0,0,109.248,0,156,0,149.04
,,,,,,,,2470,0,0,0,0,111.36,0,159,0,151.8
,,,,,,,,2471,0,0,0,0,105.564,0,150.78,0,143.88
,,,,,,,,2472,0,0,0,0,96.924,0,138.42,0,132.12
,,,,,,,,2473,0,0,0,0,87.6,0,125.1,0,119.4
,,,,,,,,2474,0,0,0,0,81.06,0,115.74,0,110.52
,,,,,,,,2475,0,0,0,0,77.244,0,110.28,0,105.36
,,,,,,,,2476,0,0,0,0,75.072,0,107.22,0,102.36
,,,,,,,,2477,0,0,0,0,74.616,0,106.56,0,101.76
,,,,,,,,2478,0,0,0,0,75.456,0,107.76,0,102.84
,,,,,,,,2479,0,0,0,0,78.696,0,112.38,0,107.28
,,,,,,,,2480,0,0,0,0,82.848,0,118.32,0,112.92
,,,,,,,,2481,0,0,0,0,90.324,0,128.94,0,123.12
,,,,,,,,2482,0,0,0,0,96.948,0,138.42,0,132.12
,,,,,,,,2483,0,0,0,0,101.016,0,144.24,0,137.64
,,,,,,,,2484,0,0,0,0,102.612,0,146.52,0,139.92
,,,,,,,,2485,0,0,0,0,102.192,0,145.92,0,139.32
,,,,,,,,2486,0,0,0,0,100.692,0,143.76,0,137.28
,,,,,,,,2487,0,0,0,0,98.832,0,141.12,0,134.76
,,,,,,,,2488,0,0,0,0,97.2,0,138.84,0,132.6
,,,,,,,,2489,0,0,0,0,96.636,0,138,0,131.76
,,,,,,,,2490,0,0,0,0,97.032,0,138.54,0,132.24
,,,,,,,,2491,0,0,0,0,98.244,0,140.28,0,133.92
,,,,,,,,2492,0,0,0,0,98.832,0,141.12,0,134.76
,,,,,,,,2493,0,0,0,0,102.636,0,146.58,0,139.92
,,,,,,,,2494,0,0,0,0,104.412,0,149.04,0,142.32
,,,,,,,,2495,0,0,0,0,99.264,0,141.78,0,135.36
,,,,,,,,2496,0,0,0,0,91.608,0,130.8,0,124.8
,,,,,,,,2497,0,0,0,0,83.892,0,119.82,0,114.36
,,,,,,,,2498,0,0,0,0,77.76,0,111,0,105.96
,,,,,,,,2499,0,0,0,0,73.896,0,105.48,0,100.68
,,,,,,,,2500,0,0,0,0,71.628,0,102.3,0,97.56
,,,,,,,,2501,0,0,0,0,70.752,0,100.98,0,96.36
,,,,,,,,2502,0,0,0,0,70.908,0,101.28,0,96.6
,,,,,,,,2503,0,0,0,0,72.564,0,103.62,0,98.88
,,,,,,,,2504,0,0,0,0,74.904,0,106.98,0,102.12
,,,,,,,,2505,0,0,0,0,80.508,0,114.96,0,109.68
,,,,,,,,2506,0,0,0,0,88.2,0,125.94,0,120.24
,,,,,,,,2507,0,0,0,0,94.08,0,134.34,0,128.28
,,,,,,,,2508,0,0,0,0,97.176,0,138.78,0,132.48
,,,,,,,,2509,0,0,0,0,98.916,0,141.24,0,134.88
,,,,,,,,2510,0,0,0,0,99.288,0,141.78,0,135.36
,,,,,,,,2511,0,0,0,0,98.556,0,140.7,0,134.4
,,,,,,,,2512,0,0,0,0,97.944,0,139.86,0,133.56
,,,,,,,,2513,0,0,0,0,98.148,0,140.16,0,133.8
,,,,,,,,2514,0,0,0,0,99.732,0,142.44,0,135.96
,,,,,,,,2515,0,0,0,0,102.06,0,145.74,0,139.2
,,,,,,,,2516,0,0,0,0,102.972,0,147,0,140.4
,,,,,,,,2517,0,0,0,0,106.716,0,152.34,0,145.44
,,,,,,,,2518,0,0,0,0,108.372,0,154.8,0,147.84
,,,,,,,,2519,0,0,0,0,102.204,0,145.92,0,139.32
,,,,,,,,2520,0,0,0,0,93.576,0,133.62,0,127.56
,,,,,,,,2521,0,0,0,0,85.332,0,121.86,0,116.28
,,,,,,,,2522,0,0,0,0,79.296,0,113.28,0,108.12
,,,,,,,,2523,0,0,0,0,75.828,0,108.24,0,103.32
,,,,,,,,2524,0,0,0,0,74.052,0,105.78,0,100.92
,,,,,,,,2525,0,0,0,0,73.68,0,105.18,0,100.44
,,,,,,,,2526,0,0,0,0,75.648,0,108,0,103.08
,,,,,,,,2527,0,0,0,0,82.368,0,117.6,0,112.32
,,,,,,,,2528,0,0,0,0,92.028,0,131.4,0,125.4
,,,,,,,,2529,0,0,0,0,102.624,0,146.52,0,139.92
,,,,,,,,2530,0,0,0,0,110.496,0,157.74,0,150.6
,,,,,,,,2531,0,0,0,0,116.136,0,165.84,0,158.28
,,,,,,,,2532,0,0,0,0,120.648,0,172.26,0,164.52
,,,,,,,,2533,0,0,0,0,123.672,0,176.58,0,168.6
,,,,,,,,2534,0,0,0,0,125.556,0,179.28,0,171.24
,,,,,,,,2535,0,0,0,0,126.852,0,181.14,0,172.92
,,,,,,,,2536,0,0,0,0,127.212,0,181.68,0,173.4
,,,,,,,,2537,0,0,0,0,127.14,0,181.5,0,173.28
,,,,,,,,2538,0,0,0,0,126.936,0,181.26,0,173.04
,,,,,,,,2539,0,0,0,0,125.916,0,179.76,0,171.6
,,,,,,,,2540,0,0,0,0,123.564,0,176.4,0,168.36
,,,,,,,,2541,0,0,0,0,124.344,0,177.6,0,169.56
,,,,,,,,2542,0,0,0,0,125.7,0,179.46,0,171.36
,,,,,,,,2543,0,0,0,0,116.904,0,166.92,0,159.36
,,,,,,,,2544,0,0,0,0,104.832,0,149.7,0,142.92
,,,,,,,,2545,0,0,0,0,93.564,0,133.62,0,127.56
,,,,,,,,2546,0,0,0,0,85.752,0,122.46,0,116.88
,,,,,,,,2547,0,0,0,0,81.252,0,115.98,0,110.76
,,,,,,,,2548,0,0,0,0,78.504,0,112.08,0,107.04
,,,,,,,,2549,0,0,0,0,77.352,0,110.46,0,105.36
,,,,,,,,2550,0,0,0,0,79.044,0,112.86,0,107.76
,,,,,,,,2551,0,0,0,0,85.608,0,122.28,0,116.76
,,,,,,,,2552,0,0,0,0,95.856,0,136.86,0,130.68
,,,,,,,,2553,0,0,0,0,107.208,0,153.12,0,146.16
,,,,,,,,2554,0,0,0,0,113.868,0,162.6,0,155.16
,,,,,,,,2555,0,0,0,0,117.9,0,168.36,0,160.68
,,,,,,,,2556,0,0,0,0,120.876,0,172.62,0,164.76
,,,,,,,,2557,0,0,0,0,122.376,0,174.78,0,166.8
,,,,,,,,2558,0,0,0,0,123.012,0,175.68,0,167.76
,,,,,,,,2559,0,0,0,0,124.26,0,177.42,0,169.44
,,,,,,,,2560,0,0,0,0,124.392,0,177.6,0,169.68
,,,,,,,,2561,0,0,0,0,124.128,0,177.3,0,169.2
,,,,,,,,2562,0,0,0,0,123.84,0,176.82,0,168.84
,,,,,,,,2563,0,0,0,0,122.748,0,175.26,0,167.28
,,,,,,,,2564,0,0,0,0,119.652,0,170.88,0,163.08
,,,,,,,,2565,0,0,0,0,120.072,0,171.48,0,163.68
,,,,,,,,2566,0,0,0,0,121.188,0,173.04,0,165.24
,,,,,,,,2567,0,0,0,0,112.404,0,160.5,0,153.24
,,,,,,,,2568,0,0,0,0,100.5,0,143.52,0,136.92
,,,,,,,,2569,0,0,0,0,89.88,0,128.34,0,122.52
,,,,,,,,2570,0,0,0,0,82.224,0,117.42,0,112.08
,,,,,,,,2571,0,0,0,0,77.844,0,111.18,0,106.08
,,,,,,,,2572,0,0,0,0,75.468,0,107.76,0,102.96
,,,,,,,,2573,0,0,0,0,74.496,0,106.38,0,101.52
,,,,,,,,2574,0,0,0,0,76.14,0,108.72,0,103.8
,,,,,,,,2575,0,0,0,0,82.584,0,117.96,0,112.56
,,,,,,,,2576,0,0,0,0,92.196,0,131.64,0,125.64
,,,,,,,,2577,0,0,0,0,102.12,0,145.8,0,139.2
,,,,,,,,2578,0,0,0,0,107.076,0,152.94,0,145.92
,,,,,,,,2579,0,0,0,0,109.824,0,156.84,0,149.64
,,,,,,,,2580,0,0,0,0,111.948,0,159.9,0,152.64
,,,,,,,,2581,0,0,0,0,112.932,0,161.28,0,153.96
,,,,,,,,2582,0,0,0,0,112.62,0,160.8,0,153.48
,,,,,,,,2583,0,0,0,0,112.668,0,160.86,0,153.6
,,,,,,,,2584,0,0,0,0,111.6,0,159.36,0,152.16
,,,,,,,,2585,0,0,0,0,109.956,0,157.02,0,149.88
,,,,,,,,2586,0,0,0,0,109.632,0,156.6,0,149.52
,,,,,,,,2587,0,0,0,0,110.112,0,157.2,0,150.12
,,,,,,,,2588,0,0,0,0,110.16,0,157.32,0,150.24
,,,,,,,,2589,0,0,0,0,113.136,0,161.58,0,154.2
,,,,,,,,2590,0,0,0,0,113.88,0,162.6,0,155.28
,,,,,,,,2591,0,0,0,0,106.56,0,152.16,0,145.32
,,,,,,,,2592,0,0,0,0,96.3,0,137.52,0,131.28
,,,,,,,,2593,0,0,0,0,86.52,0,123.54,0,117.96
,,,,,,,,2594,0,0,0,0,80.052,0,114.3,0,109.08
,,,,,,,,2595,0,0,0,0,76.464,0,109.14,0,104.16
,,,,,,,,2596,0,0,0,0,74.448,0,106.32,0,101.52
,,,,,,,,2597,0,0,0,0,74.076,0,105.78,0,101.04
,,,,,,,,2598,0,0,0,0,76.224,0,108.84,0,103.92
,,,,,,,,2599,0,0,0,0,83.016,0,118.56,0,113.16
,,,,,,,,2600,0,0,0,0,93.648,0,133.74,0,127.68
,,,,,,,,2601,0,0,0,0,103.44,0,147.72,0,141
,,,,,,,,2602,0,0,0,0,107.964,0,154.14,0,147.12
,,,,,,,,2603,0,0,0,0,110.772,0,158.16,0,150.96
,,,,,,,,2604,0,0,0,0,112.956,0,161.34,0,153.96
,,,,,,,,2605,0,0,0,0,113.94,0,162.66,0,155.28
,,,,,,,,2606,0,0,0,0,113.736,0,162.42,0,155.04
,,,,,,,,2607,0,0,0,0,113.772,0,162.48,0,155.04
,,,,,,,,2608,0,0,0,0,112.956,0,161.34,0,153.96
,,,,,,,,2609,0,0,0,0,112.008,0,159.96,0,152.64
,,,,,,,,2610,0,0,0,0,111.84,0,159.72,0,152.52
,,,,,,,,2611,0,0,0,0,111.432,0,159.12,0,151.92
,,,,,,,,2612,0,0,0,0,110.1,0,157.2,0,150.12
,,,,,,,,2613,0,0,0,0,112.2,0,160.2,0,153
,,,,,,,,2614,0,0,0,0,114.828,0,163.98,0,156.48
,,,,,,,,2615,0,0,0,0,107.796,0,153.9,0,147
,,,,,,,,2616,0,0,0,0,97.296,0,138.9,0,132.72
,,,,,,,,2617,0,0,0,0,87.204,0,124.5,0,118.8
,,,,,,,,2618,0,0,0,0,80.616,0,115.08,0,109.92
,,,,,,,,2619,0,0,0,0,77.016,0,109.98,0,105
,,,,,,,,2620,0,0,0,0,75.192,0,107.34,0,102.48
,,,,,,,,2621,0,0,0,0,74.424,0,106.26,0,101.4
,,,,,,,,2622,0,0,0,0,76.284,0,108.96,0,104.04
,,,,,,,,2623,0,0,0,0,82.38,0,117.66,0,112.32
,,,,,,,,2624,0,0,0,0,92.052,0,131.46,0,125.4
,,,,,,,,2625,0,0,0,0,101.712,0,145.2,0,138.72
,,,,,,,,2626,0,0,0,0,107.448,0,153.42,0,146.52
,,,,,,,,2627,0,0,0,0,111.504,0,159.24,0,152.04
,,,,,,,,2628,0,0,0,0,114.504,0,163.5,0,156.12
,,,,,,,,2629,0,0,0,0,115.92,0,165.54,0,158.04
,,,,,,,,2630,0,0,0,0,115.848,0,165.42,0,157.92
,,,,,,,,2631,0,0,0,0,115.968,0,165.6,0,158.16
,,,,,,,,2632,0,0,0,0,114.972,0,164.16,0,156.72
,,,,,,,,2633,0,0,0,0,113.58,0,162.18,0,154.8
,,,,,,,,2634,0,0,0,0,112.584,0,160.8,0,153.48
,,,,,,,,2635,0,0,0,0,111.012,0,158.52,0,151.32
,,,,,,,,2636,0,0,0,0,108.3,0,154.68,0,147.72
,,,,,,,,2637,0,0,0,0,109.488,0,156.36,0,149.28
,,,,,,,,2638,0,0,0,0,111.24,0,158.88,0,151.68
,,,,,,,,2639,0,0,0,0,104.928,0,149.82,0,143.04
,,,,,,,,2640,0,0,0,0,96.036,0,137.1,0,130.92
,,,,,,,,2641,0,0,0,0,86.844,0,124.02,0,118.32
,,,,,,,,2642,0,0,0,0,80.064,0,114.3,0,109.08
,,,,,,,,2643,0,0,0,0,76.092,0,108.66,0,103.68
,,,,,,,,2644,0,0,0,0,73.8,0,105.42,0,100.56
,,,,,,,,2645,0,0,0,0,72.78,0,103.92,0,99.24
,,,,,,,,2646,0,0,0,0,73.344,0,104.76,0,99.96
,,,,,,,,2647,0,0,0,0,75.804,0,108.24,0,103.32
,,,,,,,,2648,0,0,0,0,79.464,0,113.46,0,108.36
,,,,,,,,2649,0,0,0,0,86.616,0,123.66,0,118.08
,,,,,,,,2650,0,0,0,0,94.596,0,135.06,0,129
,,,,,,,,2651,0,0,0,0,100.32,0,143.28,0,136.8
,,,,,,,,2652,0,0,0,0,103.38,0,147.6,0,141
,,,,,,,,2653,0,0,0,0,104.412,0,149.04,0,142.32
,,,,,,,,2654,0,0,0,0,104.364,0,149.04,0,142.32
,,,,,,,,2655,0,0,0,0,103.68,0,148.02,0,141.36
,,,,,,,,2656,0,0,0,0,102.996,0,147.06,0,140.4
,,,,,,,,2657,0,0,0,0,102.84,0,146.88,0,140.16
,,,,,,,,2658,0,0,0,0,103.56,0,147.84,0,141.12
,,,,,,,,2659,0,0,0,0,104.604,0,149.4,0,142.56
,,,,,,,,2660,0,0,0,0,104.16,0,148.74,0,141.96
,,,,,,,,2661,0,0,0,0,106.056,0,151.5,0,144.6
,,,,,,,,2662,0,0,0,0,108.156,0,154.44,0,147.48
,,,,,,,,2663,0,0,0,0,102.732,0,146.7,0,140.04
,,,,,,,,2664,0,0,0,0,94.872,0,135.48,0,129.36
,,,,,,,,2665,0,0,0,0,86.808,0,123.96,0,118.32
,,,,,,,,2666,0,0,0,0,80.184,0,114.48,0,109.32
,,,,,,,,2667,0,0,0,0,76.176,0,108.78,0,103.8
,,,,,,,,2668,0,0,0,0,73.596,0,105.12,0,100.32
,,,,,,,,2669,0,0,0,0,72.264,0,103.2,0,98.52
,,,,,,,,2670,0,0,0,0,72.204,0,103.08,0,98.4
,,,,,,,,2671,0,0,0,0,73.5,0,104.94,0,100.2
,,,,,,,,2672,0,0,0,0,75.3,0,107.52,0,102.6
,,,,,,,,2673,0,0,0,0,80.712,0,115.26,0,110.04
,,,,,,,,2674,0,0,0,0,88.188,0,125.94,0,120.24
,,,,,,,,2675,0,0,0,0,94.668,0,135.18,0,129
,,,,,,,,2676,0,0,0,0,98.676,0,140.94,0,134.4
,,,,,,,,2677,0,0,0,0,101.352,0,144.72,0,138.12
,,,,,,,,2678,0,0,0,0,102.72,0,146.64,0,140.04
,,,,,,,,2679,0,0,0,0,102.78,0,146.76,0,140.04
,,,,,,,,2680,0,0,0,0,102.36,0,146.16,0,139.56
,,,,,,,,2681,0,0,0,0,102.828,0,146.82,0,140.16
,,,,,,,,2682,0,0,0,0,105,0,149.94,0,143.16
,,,,,,,,2683,0,0,0,0,107.484,0,153.48,0,146.52
,,,,,,,,2684,0,0,0,0,109.404,0,156.24,0,149.16
,,,,,,,,2685,0,0,0,0,110.916,0,158.34,0,151.2
,,,,,,,,2686,0,0,0,0,109.2,0,155.94,0,148.92
,,,,,,,,2687,0,0,0,0,101.868,0,145.44,0,138.84
,,,,,,,,2688,0,0,0,0,93.072,0,132.9,0,126.84
,,,,,,,,2689,0,0,0,0,84.864,0,121.14,0,115.68
,,,,,,,,2690,0,0,0,0,79.512,0,113.58,0,108.36
,,,,,,,,2691,0,0,0,0,76.704,0,109.5,0,104.52
,,,,,,,,2692,0,0,0,0,75.432,0,107.7,0,102.84
,,,,,,,,2693,0,0,0,0,75.168,0,107.34,0,102.36
,,,,,,,,2694,0,0,0,0,77.34,0,110.4,0,105.36
,,,,,,,,2695,0,0,0,0,85.524,0,122.1,0,116.52
,,,,,,,,2696,0,0,0,0,99.66,0,142.32,0,135.84
,,,,,,,,2697,0,0,0,0,110.364,0,157.56,0,150.48
,,,,,,,,2698,0,0,0,0,114.816,0,163.98,0,156.48
,,,,,,,,2699,0,0,0,0,117.06,0,167.16,0,159.6
,,,,,,,,2700,0,0,0,0,118.692,0,169.5,0,161.76
,,,,,,,,2701,0,0,0,0,119.364,0,170.46,0,162.72
,,,,,,,,2702,0,0,0,0,118.608,0,169.38,0,161.76
,,,,,,,,2703,0,0,0,0,118.08,0,168.6,0,161.04
,,,,,,,,2704,0,0,0,0,116.46,0,166.26,0,158.76
,,,,,,,,2705,0,0,0,0,115.164,0,164.4,0,156.96
,,,,,,,,2706,0,0,0,0,115.656,0,165.18,0,157.68
,,,,,,,,2707,0,0,0,0,117.024,0,167.1,0,159.48
,,,,,,,,2708,0,0,0,0,116.784,0,166.8,0,159.24
,,,,,,,,2709,0,0,0,0,118.056,0,168.6,0,160.92
,,,,,,,,2710,0,0,0,0,117.732,0,168.12,0,160.56
,,,,,,,,2711,0,0,0,0,109.428,0,156.24,0,149.16
,,,,,,,,2712,0,0,0,0,98.196,0,140.22,0,133.92
,,,,,,,,2713,0,0,0,0,87.948,0,125.58,0,119.88
,,,,,,,,2714,0,0,0,0,81.36,0,116.16,0,110.88
,,,,,,,,2715,0,0,0,0,78.228,0,111.72,0,106.56
,,,,,,,,2716,0,0,0,0,76.524,0,109.26,0,104.28
,,,,,,,,2717,0,0,0,0,76.2,0,108.78,0,103.92
,,,,,,,,2718,0,0,0,0,78.504,0,112.08,0,107.04
,,,,,,,,2719,0,0,0,0,86.172,0,123.06,0,117.48
,,,,,,,,2720,0,0,0,0,98.916,0,141.24,0,134.88
,,,,,,,,2721,0,0,0,0,108.54,0,154.98,0,147.96
,,,,,,,,2722,0,0,0,0,111.636,0,159.42,0,152.16
,,,,,,,,2723,0,0,0,0,113.4,0,161.94,0,154.56
,,,,,,,,2724,0,0,0,0,114.648,0,163.74,0,156.24
,,,,,,,,2725,0,0,0,0,114.552,0,163.56,0,156.24
,,,,,,,,2726,0,0,0,0,113.676,0,162.3,0,155.04
,,,,,,,,2727,0,0,0,0,113.268,0,161.7,0,154.44
,,,,,,,,2728,0,0,0,0,112.02,0,159.96,0,152.64
,,,,,,,,2729,0,0,0,0,110.82,0,158.28,0,151.08
,,,,,,,,2730,0,0,0,0,111,0,158.52,0,151.32
,,,,,,,,2731,0,0,0,0,111.696,0,159.48,0,152.28
,,,,,,,,2732,0,0,0,0,111.9,0,159.78,0,152.64
,,,,,,,,2733,0,0,0,0,115.068,0,164.34,0,156.96
,,,,,,,,2734,0,0,0,0,118.008,0,168.54,0,160.92
,,,,,,,,2735,0,0,0,0,110.676,0,158.04,0,150.84
,,,,,,,,2736,0,0,0,0,99.192,0,141.6,0,135.24
,,,,,,,,2737,0,0,0,0,88.836,0,126.84,0,121.2
,,,,,,,,2738,0,0,0,0,82.152,0,117.3,0,112.08
,,,,,,,,2739,0,0,0,0,78.756,0,112.44,0,107.28
,,,,,,,,2740,0,0,0,0,77.208,0,110.28,0,105.24
,,,,,,,,2741,0,0,0,0,76.752,0,109.62,0,104.64
,,,,,,,,2742,0,0,0,0,79.284,0,113.22,0,108.12
,,,,,,,,2743,0,0,0,0,87.096,0,124.38,0,118.68
,,,,,,,,2744,0,0,0,0,99.852,0,142.56,0,136.2
,,,,,,,,2745,0,0,0,0,108.66,0,155.16,0,148.2
,,,,,,,,2746,0,0,0,0,110.976,0,158.46,0,151.32
,,,,,,,,2747,0,0,0,0,112.38,0,160.5,0,153.24
,,,,,,,,2748,0,0,0,0,113.34,0,161.82,0,154.56
,,,,,,,,2749,0,0,0,0,113.712,0,162.36,0,155.04
,,,,,,,,2750,0,0,0,0,113.172,0,161.58,0,154.32
,,,,,,,,2751,0,0,0,0,112.932,0,161.28,0,153.96
,,,,,,,,2752,0,0,0,0,111.408,0,159.06,0,151.92
,,,,,,,,2753,0,0,0,0,110.4,0,157.62,0,150.48
,,,,,,,,2754,0,0,0,0,110.604,0,157.92,0,150.84
,,,,,,,,2755,0,0,0,0,111.3,0,158.94,0,151.8
,,,,,,,,2756,0,0,0,0,111.768,0,159.54,0,152.4
,,,,,,,,2757,0,0,0,0,114.348,0,163.26,0,155.88
,,,,,,,,2758,0,0,0,0,116.448,0,166.26,0,158.64
,,,,,,,,2759,0,0,0,0,109.62,0,156.54,0,149.52
,,,,,,,,2760,0,0,0,0,98.88,0,141.24,0,134.76
,,,,,,,,2761,0,0,0,0,88.848,0,126.84,0,121.2
,,,,,,,,2762,0,0,0,0,82.092,0,117.18,0,111.96
,,,,,,,,2763,0,0,0,0,78.552,0,112.14,0,107.16
,,,,,,,,2764,0,0,0,0,77.124,0,110.1,0,105.12
,,,,,,,,2765,0,0,0,0,77.124,0,110.1,0,105.12
,,,,,,,,2766,0,0,0,0,79.584,0,113.64,0,108.48
,,,,,,,,2767,0,0,0,0,87.672,0,125.22,0,119.52
,,,,,,,,2768,0,0,0,0,100.488,0,143.52,0,136.92
,,,,,,,,2769,0,0,0,0,109.368,0,156.18,0,149.04
,,,,,,,,2770,0,0,0,0,111.756,0,159.54,0,152.4
,,,,,,,,2771,0,0,0,0,112.752,0,161.04,0,153.72
,,,,,,,,2772,0,0,0,0,113.64,0,162.24,0,154.92
,,,,,,,,2773,0,0,0,0,114.132,0,162.96,0,155.64
,,,,,,,,2774,0,0,0,0,113.7,0,162.36,0,155.04
,,,,,,,,2775,0,0,0,0,113.772,0,162.48,0,155.04
,,,,,,,,2776,0,0,0,0,112.56,0,160.74,0,153.48
,,,,,,,,2777,0,0,0,0,111.612,0,159.36,0,152.16
,,,,,,,,2778,0,0,0,0,112.656,0,160.86,0,153.6
,,,,,,,,2779,0,0,0,0,115.032,0,164.28,0,156.84
,,,,,,,,2780,0,0,0,0,115.764,0,165.3,0,157.8
,,,,,,,,2781,0,0,0,0,117.432,0,167.7,0,160.08
,,,,,,,,2782,0,0,0,0,117.408,0,167.64,0,160.08
,,,,,,,,2783,0,0,0,0,109.752,0,156.72,0,149.64
,,,,,,,,2784,0,0,0,0,98.664,0,140.88,0,134.4
,,,,,,,,2785,0,0,0,0,88.488,0,126.36,0,120.6
,,,,,,,,2786,0,0,0,0,81.696,0,116.64,0,111.36
,,,,,,,,2787,0,0,0,0,78,0,111.36,0,106.32
,,,,,,,,2788,0,0,0,0,76.044,0,108.6,0,103.56
,,,,,,,,2789,0,0,0,0,75.588,0,107.88,0,102.96
,,,,,,,,2790,0,0,0,0,77.472,0,110.58,0,105.6
,,,,,,,,2791,0,0,0,0,84.768,0,121.08,0,115.56
,,,,,,,,2792,0,0,0,0,97.428,0,139.14,0,132.72
,,,,,,,,2793,0,0,0,0,107.328,0,153.3,0,146.28
,,,,,,,,2794,0,0,0,0,111.084,0,158.64,0,151.44
,,,,,,,,2795,0,0,0,0,112.884,0,161.22,0,153.84
,,,,,,,,2796,0,0,0,0,114.024,0,162.84,0,155.52
,,,,,,,,2797,0,0,0,0,113.796,0,162.48,0,155.04
,,,,,,,,2798,0,0,0,0,112.62,0,160.8,0,153.48
,,,,,,,,2799,0,0,0,0,111.9,0,159.78,0,152.64
,,,,,,,,2800,0,0,0,0,110.124,0,157.26,0,150.12
,,,,,,,,2801,0,0,0,0,108.36,0,154.74,0,147.72
,,,,,,,,2802,0,0,0,0,107.904,0,154.08,0,147.12
,,,,,,,,2803,0,0,0,0,107.676,0,153.78,0,146.76
,,,,,,,,2804,0,0,0,0,107.328,0,153.3,0,146.28
,,,,,,,,2805,0,0,0,0,110.292,0,157.5,0,150.36
,,,,,,,,2806,0,0,0,0,113.868,0,162.6,0,155.16
,,,,,,,,2807,0,0,0,0,108.936,0,155.58,0,148.44
,,,,,,,,2808,0,0,0,0,100.248,0,143.16,0,136.68
,,,,,,,,2809,0,0,0,0,91.128,0,130.14,0,124.2
,,,,,,,,2810,0,0,0,0,84.324,0,120.42,0,114.96
,,,,,,,,2811,0,0,0,0,80.484,0,114.9,0,109.68
,,,,,,,,2812,0,0,0,0,78.696,0,112.38,0,107.28
,,,,,,,,2813,0,0,0,0,78.036,0,111.42,0,106.32
,,,,,,,,2814,0,0,0,0,79.08,0,112.98,0,107.88
,,,,,,,,2815,0,0,0,0,81.876,0,116.88,0,111.6
,,,,,,,,2816,0,0,0,0,85.872,0,122.64,0,117
,,,,,,,,2817,0,0,0,0,93.768,0,133.92,0,127.8
,,,,,,,,2818,0,0,0,0,100.32,0,143.28,0,136.8
,,,,,,,,2819,0,0,0,0,103.764,0,148.14,0,141.48
,,,,,,,,2820,0,0,0,0,104.34,0,148.98,0,142.32
,,,,,,,,2821,0,0,0,0,103.524,0,147.84,0,141.12
,,,,,,,,2822,0,0,0,0,101.712,0,145.2,0,138.72
,,,,,,,,2823,0,0,0,0,99.576,0,142.14,0,135.72
,,,,,,,,2824,0,0,0,0,97.656,0,139.44,0,133.2
,,,,,,,,2825,0,0,0,0,96.504,0,137.82,0,131.52
,,,,,,,,2826,0,0,0,0,97.044,0,138.54,0,132.24
,,,,,,,,2827,0,0,0,0,98.436,0,140.58,0,134.16
,,,,,,,,2828,0,0,0,0,99.336,0,141.84,0,135.48
,,,,,,,,2829,0,0,0,0,101.964,0,145.62,0,138.96
,,,,,,,,2830,0,0,0,0,105.888,0,151.2,0,144.36
,,,,,,,,2831,0,0,0,0,101.676,0,145.14,0,138.6
,,,,,,,,2832,0,0,0,0,94.344,0,134.7,0,128.64
,,,,,,,,2833,0,0,0,0,86.592,0,123.66,0,118.08
,,,,,,,,2834,0,0,0,0,80.136,0,114.48,0,109.2
,,,,,,,,2835,0,0,0,0,76.548,0,109.32,0,104.28
,,,,,,,,2836,0,0,0,0,74.772,0,106.74,0,101.88
,,,,,,,,2837,0,0,0,0,74.196,0,105.96,0,101.16
,,,,,,,,2838,0,0,0,0,74.712,0,106.68,0,101.76
,,,,,,,,2839,0,0,0,0,76.296,0,108.96,0,104.04
,,,,,,,,2840,0,0,0,0,78.792,0,112.5,0,107.4
,,,,,,,,2841,0,0,0,0,84.684,0,120.9,0,115.44
,,,,,,,,2842,0,0,0,0,91.332,0,130.44,0,124.44
,,,,,,,,2843,0,0,0,0,96.108,0,137.22,0,131.04
,,,,,,,,2844,0,0,0,0,98.112,0,140.1,0,133.8
,,,,,,,,2845,0,0,0,0,98.976,0,141.3,0,135
,,,,,,,,2846,0,0,0,0,98.52,0,140.64,0,134.28
,,,,,,,,2847,0,0,0,0,97.212,0,138.84,0,132.6
,,,,,,,,2848,0,0,0,0,95.796,0,136.8,0,130.56
,,,,,,,,2849,0,0,0,0,95.568,0,136.44,0,130.2
,,,,,,,,2850,0,0,0,0,96.996,0,138.54,0,132.24
,,,,,,,,2851,0,0,0,0,99.708,0,142.38,0,135.96
,,,,,,,,2852,0,0,0,0,101.412,0,144.84,0,138.24
,,,,,,,,2853,0,0,0,0,104.652,0,149.46,0,142.68
,,,,,,,,2854,0,0,0,0,109.392,0,156.24,0,149.04
,,,,,,,,2855,0,0,0,0,103.08,0,147.18,0,140.52
,,,,,,,,2856,0,0,0,0,93.432,0,133.44,0,127.32
,,,,,,,,2857,0,0,0,0,84.624,0,120.84,0,115.32
,,,,,,,,2858,0,0,0,0,78.996,0,112.8,0,107.76
,,,,,,,,2859,0,0,0,0,76.152,0,108.78,0,103.8
,,,,,,,,2860,0,0,0,0,75.108,0,107.28,0,102.36
,,,,,,,,2861,0,0,0,0,75.492,0,107.82,0,102.96
,,,,,,,,2862,0,0,0,0,78.432,0,112.02,0,106.92
,,,,,,,,2863,0,0,0,0,86.76,0,123.9,0,118.2
,,,,,,,,2864,0,0,0,0,100.716,0,143.82,0,137.28
,,,,,,,,2865,0,0,0,0,110.076,0,157.2,0,150.12
,,,,,,,,2866,0,0,0,0,111.924,0,159.84,0,152.64
,,,,,,,,2867,0,0,0,0,112.956,0,161.34,0,153.96
,,,,,,,,2868,0,0,0,0,113.748,0,162.42,0,155.04
,,,,,,,,2869,0,0,0,0,113.664,0,162.3,0,155.04
,,,,,,,,2870,0,0,0,0,112.86,0,161.16,0,153.84
,,,,,,,,2871,0,0,0,0,112.632,0,160.8,0,153.6
,,,,,,,,2872,0,0,0,0,111.42,0,159.06,0,151.92
,,,,,,,,2873,0,0,0,0,110.256,0,157.5,0,150.24
,,,,,,,,2874,0,0,0,0,110.172,0,157.32,0,150.24
,,,,,,,,2875,0,0,0,0,110.928,0,158.4,0,151.2
,,,,,,,,2876,0,0,0,0,111.828,0,159.66,0,152.52
,,,,,,,,2877,0,0,0,0,114.936,0,164.1,0,156.72
,,,,,,,,2878,0,0,0,0,117.228,0,167.4,0,159.84
,,,,,,,,2879,0,0,0,0,108.924,0,155.52,0,148.44
,,,,,,,,2880,0,0,0,0,97.416,0,139.14,0,132.72
,,,,,,,,2881,0,0,0,0,87.096,0,124.38,0,118.68
,,,,,,,,2882,0,0,0,0,80.508,0,114.96,0,109.68
,,,,,,,,2883,0,0,0,0,77.412,0,110.58,0,105.48
,,,,,,,,2884,0,0,0,0,75.756,0,108.18,0,103.2
,,,,,,,,2885,0,0,0,0,75.36,0,107.58,0,102.72
,,,,,,,,2886,0,0,0,0,77.28,0,110.34,0,105.36
,,,,,,,,2887,0,0,0,0,85.236,0,121.68,0,116.16
,,,,,,,,2888,0,0,0,0,99.12,0,141.54,0,135.12
,,,,,,,,2889,0,0,0,0,110.16,0,157.32,0,150.24
,,,,,,,,2890,0,0,0,0,114.528,0,163.5,0,156.12
,,,,,,,,2891,0,0,0,0,117.276,0,167.46,0,159.84
,,,,,,,,2892,0,0,0,0,118.884,0,169.8,0,162.12
,,,,,,,,2893,0,0,0,0,120.492,0,172.08,0,164.28
,,,,,,,,2894,0,0,0,0,120.228,0,171.66,0,163.92
,,,,,,,,2895,0,0,0,0,119.268,0,170.34,0,162.6
,,,,,,,,2896,0,0,0,0,117.936,0,168.42,0,160.8
,,,,,,,,2897,0,0,0,0,116.928,0,166.98,0,159.36
,,,,,,,,2898,0,0,0,0,117.708,0,168.06,0,160.56
,,,,,,,,2899,0,0,0,0,119.376,0,170.46,0,162.72
,,,,,,,,2900,0,0,0,0,119.376,0,170.46,0,162.72
,,,,,,,,2901,0,0,0,0,120.132,0,171.54,0,163.8
,,,,,,,,2902,0,0,0,0,120.048,0,171.42,0,163.68
,,,,,,,,2903,0,0,0,0,111.996,0,159.9,0,152.64
,,,,,,,,2904,0,0,0,0,100.116,0,142.98,0,136.44
,,,,,,,,2905,0,0,0,0,89.664,0,128.04,0,122.28
,,,,,,,,2906,0,0,0,0,82.812,0,118.26,0,112.92
,,,,,,,,2907,0,0,0,0,79.152,0,113.04,0,107.88
,,,,,,,,2908,0,0,0,0,77.316,0,110.4,0,105.36
,,,,,,,,2909,0,0,0,0,76.884,0,109.8,0,104.76
,,,,,,,,2910,0,0,0,0,78.948,0,112.68,0,107.64
,,,,,,,,2911,0,0,0,0,86.652,0,123.78,0,118.08
,,,,,,,,2912,0,0,0,0,100.44,0,143.4,0,136.92
,,,,,,,,2913,0,0,0,0,110.784,0,158.16,0,150.96
,,,,,,,,2914,0,0,0,0,113.808,0,162.54,0,155.04
,,,,,,,,2915,0,0,0,0,115.56,0,165,0,157.44
,,,,,,,,2916,0,0,0,0,116.988,0,167.04,0,159.48
,,,,,,,,2917,0,0,0,0,117.048,0,167.1,0,159.6
,,,,,,,,2918,0,0,0,0,116.22,0,165.9,0,158.4
,,,,,,,,2919,0,0,0,0,115.824,0,165.36,0,157.92
,,,,,,,,2920,0,0,0,0,114.468,0,163.5,0,156.12
,,,,,,,,2921,0,0,0,0,113.316,0,161.82,0,154.56
,,,,,,,,2922,0,0,0,0,113.712,0,162.36,0,155.04
,,,,,,,,2923,0,0,0,0,115.08,0,164.34,0,156.96
,,,,,,,,2924,0,0,0,0,116.088,0,165.78,0,158.28
,,,,,,,,2925,0,0,0,0,118.176,0,168.72,0,161.16
,,,,,,,,2926,0,0,0,0,119.004,0,169.92,0,162.24
,,,,,,,,2927,0,0,0,0,111.432,0,159.12,0,151.92
,,,,,,,,2928,0,0,0,0,99.732,0,142.44,0,135.96
,,,,,,,,2929,0,0,0,0,89.268,0,127.44,0,121.68
,,,,,,,,2930,0,0,0,0,82.332,0,117.54,0,112.2
,,,,,,,,2931,0,0,0,0,78.78,0,112.44,0,107.4
,,,,,,,,2932,0,0,0,0,76.86,0,109.74,0,104.76
,,,,,,,,2933,0,0,0,0,76.392,0,109.08,0,104.16
,,,,,,,,2934,0,0,0,0,78.528,0,112.14,0,107.04
,,,,,,,,2935,0,0,0,0,86.16,0,123.06,0,117.48
,,,,,,,,2936,0,0,0,0,100.128,0,142.98,0,136.44
,,,,,,,,2937,0,0,0,0,110.76,0,158.16,0,150.96
,,,,,,,,2938,0,0,0,0,114.156,0,163.02,0,155.64
,,,,,,,,2939,0,0,0,0,115.944,0,165.6,0,158.16
,,,,,,,,2940,0,0,0,0,117.312,0,167.52,0,159.84
,,,,,,,,2941,0,0,0,0,117.708,0,168.06,0,160.56
,,,,,,,,2942,0,0,0,0,116.796,0,166.8,0,159.24
,,,,,,,,2943,0,0,0,0,116.532,0,166.38,0,158.88
,,,,,,,,2944,0,0,0,0,114.84,0,163.98,0,156.6
,,,,,,,,2945,0,0,0,0,113.688,0,162.3,0,155.04
,,,,,,,,2946,0,0,0,0,114.252,0,163.14,0,155.76
,,,,,,,,2947,0,0,0,0,115.512,0,164.94,0,157.44
,,,,,,,,2948,0,0,0,0,115.968,0,165.6,0,158.16
,,,,,,,,2949,0,0,0,0,117.78,0,168.18,0,160.56
,,,,,,,,2950,0,0,0,0,118.608,0,169.38,0,161.76
,,,,,,,,2951,0,0,0,0,111.144,0,158.7,0,151.44
,,,,,,,,2952,0,0,0,0,99.54,0,142.14,0,135.6
,,,,,,,,2953,0,0,0,0,88.968,0,127.02,0,121.2
,,,,,,,,2954,0,0,0,0,82.056,0,117.18,0,111.84
,,,,,,,,2955,0,0,0,0,78.228,0,111.72,0,106.56
,,,,,,,,2956,0,0,0,0,76.26,0,108.9,0,103.92
,,,,,,,,2957,0,0,0,0,75.732,0,108.18,0,103.2
,,,,,,,,2958,0,0,0,0,77.64,0,110.88,0,105.84
,,,,,,,,2959,0,0,0,0,84.948,0,121.32,0,115.8
,,,,,,,,2960,0,0,0,0,98.592,0,140.76,0,134.4
,,,,,,,,2961,0,0,0,0,109.188,0,155.94,0,148.92
,,,,,,,,2962,0,0,0,0,113.544,0,162.12,0,154.8
,,,,,,,,2963,0,0,0,0,115.704,0,165.24,0,157.68
,,,,,,,,2964,0,0,0,0,117.78,0,168.18,0,160.56
,,,,,,,,2965,0,0,0,0,118.056,0,168.6,0,160.92
,,,,,,,,2966,0,0,0,0,117.372,0,167.58,0,159.96
,,,,,,,,2967,0,0,0,0,116.964,0,167.04,0,159.36
,,,,,,,,2968,0,0,0,0,115.212,0,164.52,0,157.08
,,,,,,,,2969,0,0,0,0,113.664,0,162.3,0,155.04
,,,,,,,,2970,0,0,0,0,113.544,0,162.12,0,154.8
,,,,,,,,2971,0,0,0,0,113.22,0,161.64,0,154.44
,,,,,,,,2972,0,0,0,0,112.188,0,160.2,0,152.88
,,,,,,,,2973,0,0,0,0,112.32,0,160.38,0,153.12
,,,,,,,,2974,0,0,0,0,113.652,0,162.24,0,154.92
,,,,,,,,2975,0,0,0,0,107.976,0,154.14,0,147.12
,,,,,,,,2976,0,0,0,0,98.88,0,141.24,0,134.76
,,,,,,,,2977,0,0,0,0,89.34,0,127.56,0,121.68
,,,,,,,,2978,0,0,0,0,81.72,0,116.7,0,111.48
,,,,,,,,2979,0,0,0,0,77.52,0,110.64,0,105.6
,,,,,,,,2980,0,0,0,0,74.928,0,106.98,0,102.12
,,,,,,,,2981,0,0,0,0,73.752,0,105.3,0,100.56
,,,,,,,,2982,0,0,0,0,74.136,0,105.84,0,101.04
,,,,,,,,2983,0,0,0,0,76.524,0,109.26,0,104.28
,,,,,,,,2984,0,0,0,0,80.988,0,115.68,0,110.4
,,,,,,,,2985,0,0,0,0,88.824,0,126.84,0,121.08
,,,,,,,,2986,0,0,0,0,97.068,0,138.6,0,132.36
,,,,,,,,2987,0,0,0,0,102.408,0,146.22,0,139.56
,,,,,,,,2988,0,0,0,0,104.76,0,149.64,0,142.8
,,,,,,,,2989,0,0,0,0,105.228,0,150.24,0,143.52
,,,,,,,,2990,0,0,0,0,104.184,0,148.74,0,142.08
,,,,,,,,2991,0,0,0,0,102.468,0,146.34,0,139.68
,,,,,,,,2992,0,0,0,0,100.8,0,143.94,0,137.52
,,,,,,,,2993,0,0,0,0,99.66,0,142.32,0,135.84
,,,,,,,,2994,0,0,0,0,99.576,0,142.14,0,135.72
,,,,,,,,2995,0,0,0,0,100.188,0,143.04,0,136.56
,,,,,,,,2996,0,0,0,0,99.972,0,142.74,0,136.32
,,,,,,,,2997,0,0,0,0,101.112,0,144.36,0,137.88
,,,,,,,,2998,0,0,0,0,104.928,0,149.82,0,143.04
,,,,,,,,2999,0,0,0,0,101.04,0,144.24,0,137.76
,,,,,,,,3000,0,0,0,0,93.648,0,133.74,0,127.68
,,,,,,,,3001,0,0,0,0,85.74,0,122.4,0,116.88
,,,,,,,,3002,0,0,0,0,79.392,0,113.34,0,108.24
,,,,,,,,3003,0,0,0,0,75.42,0,107.7,0,102.84
,,,,,,,,3004,0,0,0,0,73.08,0,104.34,0,99.6
,,,,,,,,3005,0,0,0,0,71.94,0,102.72,0,98.04
,,,,,,,,3006,0,0,0,0,71.952,0,102.78,0,98.04
,,,,,,,,3007,0,0,0,0,72.972,0,104.22,0,99.48
,,,,,,,,3008,0,0,0,0,75.18,0,107.34,0,102.48
,,,,,,,,3009,0,0,0,0,81.276,0,116.04,0,110.76
,,,,,,,,3010,0,0,0,0,88.704,0,126.66,0,120.96
,,,,,,,,3011,0,0,0,0,94.332,0,134.7,0,128.52
,,,,,,,,3012,0,0,0,0,97.296,0,138.9,0,132.72
,,,,,,,,3013,0,0,0,0,98.472,0,140.64,0,134.28
,,,,,,,,3014,0,0,0,0,98.496,0,140.64,0,134.28
,,,,,,,,3015,0,0,0,0,97.512,0,139.26,0,132.96
,,,,,,,,3016,0,0,0,0,96.18,0,137.34,0,131.16
,,,,,,,,3017,0,0,0,0,95.904,0,136.98,0,130.8
,,,,,,,,3018,0,0,0,0,97.344,0,139.02,0,132.72
,,,,,,,,3019,0,0,0,0,99.924,0,142.68,0,136.32
,,,,,,,,3020,0,0,0,0,101.508,0,144.96,0,138.36
,,,,,,,,3021,0,0,0,0,103.704,0,148.08,0,141.36
,,,,,,,,3022,0,0,0,0,108.804,0,155.4,0,148.32
,,,,,,,,3023,0,0,0,0,102.792,0,146.76,0,140.16
,,,,,,,,3024,0,0,0,0,93.12,0,132.96,0,126.96
,,,,,,,,3025,0,0,0,0,84.024,0,119.94,0,114.48
,,,,,,,,3026,0,0,0,0,77.556,0,110.76,0,105.72
,,,,,,,,3027,0,0,0,0,74.316,0,106.08,0,101.28
,,,,,,,,3028,0,0,0,0,72.912,0,104.1,0,99.36
,,,,,,,,3029,0,0,0,0,72.684,0,103.8,0,99.12
,,,,,,,,3030,0,0,0,0,75.216,0,107.4,0,102.48
,,,,,,,,3031,0,0,0,0,82.284,0,117.48,0,112.08
,,,,,,,,3032,0,0,0,0,95.928,0,136.98,0,130.8
,,,,,,,,3033,0,0,0,0,106.452,0,152.04,0,145.2
,,,,,,,,3034,0,0,0,0,110.028,0,157.14,0,150
,,,,,,,,3035,0,0,0,0,112.32,0,160.38,0,153.12
,,,,,,,,3036,0,0,0,0,114.54,0,163.56,0,156.24
,,,,,,,,3037,0,0,0,0,115.536,0,164.94,0,157.44
,,,,,,,,3038,0,0,0,0,115.476,0,164.88,0,157.44
,,,,,,,,3039,0,0,0,0,115.74,0,165.3,0,157.8
,,,,,,,,3040,0,0,0,0,114.756,0,163.86,0,156.36
,,,,,,,,3041,0,0,0,0,113.436,0,162,0,154.56
,,,,,,,,3042,0,0,0,0,112.908,0,161.22,0,153.84
,,,,,,,,3043,0,0,0,0,112.44,0,160.56,0,153.24
,,,,,,,,3044,0,0,0,0,111.612,0,159.36,0,152.16
,,,,,,,,3045,0,0,0,0,113.412,0,161.94,0,154.56
,,,,,,,,3046,0,0,0,0,116.688,0,166.62,0,159.12
,,,,,,,,3047,0,0,0,0,109.14,0,155.82,0,148.8
,,,,,,,,3048,0,0,0,0,97.284,0,138.9,0,132.72
,,,,,,,,3049,0,0,0,0,86.532,0,123.54,0,117.96
,,,,,,,,3050,0,0,0,0,79.716,0,113.82,0,108.6
,,,,,,,,3051,0,0,0,0,76.14,0,108.72,0,103.8
,,,,,,,,3052,0,0,0,0,74.22,0,106.02,0,101.16
,,,,,,,,3053,0,0,0,0,73.692,0,105.24,0,100.44
,,,,,,,,3054,0,0,0,0,75.804,0,108.24,0,103.32
,,,,,,,,3055,0,0,0,0,82.968,0,118.44,0,113.16
,,,,,,,,3056,0,0,0,0,96.636,0,138,0,131.76
,,,,,,,,3057,0,0,0,0,107.76,0,153.84,0,146.88
,,,,,,,,3058,0,0,0,0,111.768,0,159.54,0,152.4
,,,,,,,,3059,0,0,0,0,114.096,0,162.9,0,155.52
,,,,,,,,3060,0,0,0,0,116.196,0,165.9,0,158.4
,,,,,,,,3061,0,0,0,0,116.856,0,166.86,0,159.36
,,,,,,,,3062,0,0,0,0,116.172,0,165.9,0,158.4
,,,,,,,,3063,0,0,0,0,116.352,0,166.14,0,158.64
,,,,,,,,3064,0,0,0,0,115.26,0,164.58,0,157.08
,,,,,,,,3065,0,0,0,0,114.66,0,163.74,0,156.24
,,,,,,,,3066,0,0,0,0,115.944,0,165.6,0,158.16
,,,,,,,,3067,0,0,0,0,117.876,0,168.3,0,160.68
,,,,,,,,3068,0,0,0,0,117.78,0,168.18,0,160.56
,,,,,,,,3069,0,0,0,0,118.392,0,169.08,0,161.4
,,,,,,,,3070,0,0,0,0,117.984,0,168.48,0,160.92
,,,,,,,,3071,0,0,0,0,109.86,0,156.84,0,149.76
,,,,,,,,3072,0,0,0,0,98.496,0,140.64,0,134.28
,,,,,,,,3073,0,0,0,0,88.104,0,125.82,0,120.12
,,,,,,,,3074,0,0,0,0,81.108,0,115.8,0,110.52
,,,,,,,,3075,0,0,0,0,77.508,0,110.64,0,105.6
,,,,,,,,3076,0,0,0,0,75.6,0,107.94,0,102.96
,,,,,,,,3077,0,0,0,0,75.048,0,107.16,0,102.36
,,,,,,,,3078,0,0,0,0,77.076,0,110.04,0,105
,,,,,,,,3079,0,0,0,0,84.648,0,120.84,0,115.44
,,,,,,,,3080,0,0,0,0,98.724,0,140.94,0,134.52
,,,,,,,,3081,0,0,0,0,110.364,0,157.56,0,150.48
,,,,,,,,3082,0,0,0,0,114.636,0,163.68,0,156.24
,,,,,,,,3083,0,0,0,0,117.204,0,167.4,0,159.84
,,,,,,,,3084,0,0,0,0,119.292,0,170.4,0,162.6
,,,,,,,,3085,0,0,0,0,120.156,0,171.6,0,163.8
,,,,,,,,3086,0,0,0,0,119.724,0,171,0,163.2
,,,,,,,,3087,0,0,0,0,119.652,0,170.88,0,163.08
,,,,,,,,3088,0,0,0,0,118.308,0,168.9,0,161.28
,,,,,,,,3089,0,0,0,0,117.54,0,167.82,0,160.2
,,,,,,,,3090,0,0,0,0,118.368,0,169.02,0,161.4
,,,,,,,,3091,0,0,0,0,119.388,0,170.46,0,162.84
,,,,,,,,3092,0,0,0,0,118.74,0,169.56,0,161.88
,,,,,,,,3093,0,0,0,0,119.22,0,170.22,0,162.48
,,,,,,,,3094,0,0,0,0,119.016,0,169.92,0,162.36
,,,,,,,,3095,0,0,0,0,111.348,0,158.94,0,151.8
,,,,,,,,3096,0,0,0,0,99.696,0,142.38,0,135.84
,,,,,,,,3097,0,0,0,0,89.196,0,127.38,0,121.56
,,,,,,,,3098,0,0,0,0,82.224,0,117.42,0,112.08
,,,,,,,,3099,0,0,0,0,78.396,0,111.96,0,106.8
,,,,,,,,3100,0,0,0,0,76.428,0,109.08,0,104.16
,,,,,,,,3101,0,0,0,0,75.984,0,108.48,0,103.56
,,,,,,,,3102,0,0,0,0,77.7,0,110.94,0,105.96
,,,,,,,,3103,0,0,0,0,84.636,0,120.84,0,115.32
,,,,,,,,3104,0,0,0,0,98.172,0,140.16,0,133.92
,,,,,,,,3105,0,0,0,0,109.26,0,156,0,149.04
,,,,,,,,3106,0,0,0,0,113.256,0,161.7,0,154.44
,,,,,,,,3107,0,0,0,0,115.224,0,164.52,0,157.08
,,,,,,,,3108,0,0,0,0,116.868,0,166.86,0,159.36
,,,,,,,,3109,0,0,0,0,117.432,0,167.7,0,160.08
,,,,,,,,3110,0,0,0,0,116.952,0,166.98,0,159.36
,,,,,,,,3111,0,0,0,0,116.616,0,166.5,0,159
,,,,,,,,3112,0,0,0,0,115.164,0,164.4,0,156.96
,,,,,,,,3113,0,0,0,0,113.784,0,162.48,0,155.04
,,,,,,,,3114,0,0,0,0,113.388,0,161.94,0,154.56
,,,,,,,,3115,0,0,0,0,113.172,0,161.58,0,154.32
,,,,,,,,3116,0,0,0,0,112.068,0,160.02,0,152.76
,,,,,,,,3117,0,0,0,0,112.596,0,160.8,0,153.48
,,,,,,,,3118,0,0,0,0,115.872,0,165.42,0,158.04
,,,,,,,,3119,0,0,0,0,109.992,0,157.08,0,150
,,,,,,,,3120,0,0,0,0,99.204,0,141.66,0,135.24
,,,,,,,,3121,0,0,0,0,88.392,0,126.18,0,120.48
,,,,,,,,3122,0,0,0,0,81.324,0,116.1,0,110.76
,,,,,,,,3123,0,0,0,0,77.52,0,110.64,0,105.6
,,,,,,,,3124,0,0,0,0,75.456,0,107.76,0,102.84
,,,,,,,,3125,0,0,0,0,74.964,0,107.04,0,102.24
,,,,,,,,3126,0,0,0,0,77.136,0,110.16,0,105.12
,,,,,,,,3127,0,0,0,0,83.388,0,119.04,0,113.64
,,,,,,,,3128,0,0,0,0,96.816,0,138.24,0,132
,,,,,,,,3129,0,0,0,0,106.872,0,152.64,0,145.68
,,,,,,,,3130,0,0,0,0,110.208,0,157.38,0,150.24
,,,,,,,,3131,0,0,0,0,112.188,0,160.2,0,152.88
,,,,,,,,3132,0,0,0,0,113.628,0,162.24,0,154.92
,,,,,,,,3133,0,0,0,0,114.204,0,163.08,0,155.76
,,,,,,,,3134,0,0,0,0,113.46,0,162,0,154.68
,,,,,,,,3135,0,0,0,0,112.932,0,161.28,0,153.96
,,,,,,,,3136,0,0,0,0,111.456,0,159.18,0,152.04
,,,,,,,,3137,0,0,0,0,109.98,0,157.08,0,149.88
,,,,,,,,3138,0,0,0,0,109.2,0,155.94,0,148.92
,,,,,,,,3139,0,0,0,0,108.288,0,154.62,0,147.6
,,,,,,,,3140,0,0,0,0,106.752,0,152.4,0,145.56
,,,,,,,,3141,0,0,0,0,106.512,0,152.1,0,145.2
,,,,,,,,3142,0,0,0,0,110.148,0,157.26,0,150.24
,,,,,,,,3143,0,0,0,0,106.296,0,151.74,0,144.84
,,,,,,,,3144,0,0,0,0,97.62,0,139.38,0,133.08
,,,,,,,,3145,0,0,0,0,87.936,0,125.58,0,119.88
,,,,,,,,3146,0,0,0,0,80.688,0,115.2,0,110.04
,,,,,,,,3147,0,0,0,0,76.488,0,109.2,0,104.16
,,,,,,,,3148,0,0,0,0,74.148,0,105.84,0,101.16
,,,,,,,,3149,0,0,0,0,73.296,0,104.64,0,99.96
,,,,,,,,3150,0,0,0,0,73.656,0,105.18,0,100.44
,,,,,,,,3151,0,0,0,0,75.264,0,107.46,0,102.6
,,,,,,,,3152,0,0,0,0,80.004,0,114.24,0,109.08
,,,,,,,,3153,0,0,0,0,87.996,0,125.64,0,119.88
,,,,,,,,3154,0,0,0,0,95.808,0,136.8,0,130.68
,,,,,,,,3155,0,0,0,0,100.512,0,143.52,0,137.04
,,,,,,,,3156,0,0,0,0,102.144,0,145.86,0,139.32
,,,,,,,,3157,0,0,0,0,102.372,0,146.16,0,139.56
,,,,,,,,3158,0,0,0,0,101.532,0,144.96,0,138.36
,,,,,,,,3159,0,0,0,0,100.452,0,143.4,0,136.92
,,,,,,,,3160,0,0,0,0,99.552,0,142.14,0,135.72
,,,,,,,,3161,0,0,0,0,99.744,0,142.44,0,135.96
,,,,,,,,3162,0,0,0,0,100.764,0,143.88,0,137.4
,,,,,,,,3163,0,0,0,0,102,0,145.68,0,139.08
,,,,,,,,3164,0,0,0,0,102.204,0,145.98,0,139.32
,,,,,,,,3165,0,0,0,0,102.576,0,146.46,0,139.92
,,,,,,,,3166,0,0,0,0,106.524,0,152.1,0,145.2
,,,,,,,,3167,0,0,0,0,103.092,0,147.24,0,140.52
,,,,,,,,3168,0,0,0,0,95.328,0,136.14,0,129.96
,,,,,,,,3169,0,0,0,0,86.616,0,123.66,0,118.08
,,,,,,,,3170,0,0,0,0,79.764,0,113.88,0,108.72
,,,,,,,,3171,0,0,0,0,75.108,0,107.28,0,102.36
,,,,,,,,3172,0,0,0,0,72.456,0,103.44,0,98.76
,,,,,,,,3173,0,0,0,0,71.004,0,101.4,0,96.84
,,,,,,,,3174,0,0,0,0,70.8,0,101.1,0,96.48
,,,,,,,,3175,0,0,0,0,70.92,0,101.28,0,96.72
,,,,,,,,3176,0,0,0,0,73.692,0,105.18,0,100.44
,,,,,,,,3177,0,0,0,0,80.676,0,115.2,0,110.04
,,,,,,,,3178,0,0,0,0,89.304,0,127.5,0,121.68
,,,,,,,,3179,0,0,0,0,95.76,0,136.74,0,130.56
,,,,,,,,3180,0,0,0,0,99.228,0,141.72,0,135.24
,,,,,,,,3181,0,0,0,0,101.076,0,144.3,0,137.76
,,,,,,,,3182,0,0,0,0,101.94,0,145.56,0,138.96
,,,,,,,,3183,0,0,0,0,101.748,0,145.26,0,138.72
,,,,,,,,3184,0,0,0,0,101.544,0,145.02,0,138.48
,,,,,,,,3185,0,0,0,0,101.988,0,145.62,0,139.08
,,,,,,,,3186,0,0,0,0,103.2,0,147.36,0,140.64
,,,,,,,,3187,0,0,0,0,104.676,0,149.46,0,142.68
,,,,,,,,3188,0,0,0,0,105.048,0,150,0,143.16
,,,,,,,,3189,0,0,0,0,106.788,0,152.52,0,145.56
,,,,,,,,3190,0,0,0,0,111.696,0,159.48,0,152.28
,,,,,,,,3191,0,0,0,0,107.064,0,152.88,0,145.92
,,,,,,,,3192,0,0,0,0,97.272,0,138.9,0,132.6
,,,,,,,,3193,0,0,0,0,87.588,0,125.04,0,119.4
,,,,,,,,3194,0,0,0,0,80.664,0,115.2,0,109.92
,,,,,,,,3195,0,0,0,0,77.064,0,110.04,0,105
,,,,,,,,3196,0,0,0,0,75.036,0,107.16,0,102.36
,,,,,,,,3197,0,0,0,0,74.484,0,106.38,0,101.52
,,,,,,,,3198,0,0,0,0,76.764,0,109.62,0,104.64
,,,,,,,,3199,0,0,0,0,83.568,0,119.34,0,113.88
,,,,,,,,3200,0,0,0,0,97.008,0,138.54,0,132.24
,,,,,,,,3201,0,0,0,0,108.456,0,154.86,0,147.84
,,,,,,,,3202,0,0,0,0,113.436,0,162,0,154.56
,,,,,,,,3203,0,0,0,0,116.904,0,166.92,0,159.36
,,,,,,,,3204,0,0,0,0,119.952,0,171.3,0,163.56
,,,,,,,,3205,0,0,0,0,121.764,0,173.88,0,165.96
,,,,,,,,3206,0,0,0,0,122.364,0,174.72,0,166.8
,,,,,,,,3207,0,0,0,0,122.316,0,174.66,0,166.68
,,,,,,,,3208,0,0,0,0,121.344,0,173.28,0,165.36
,,,,,,,,3209,0,0,0,0,120.228,0,171.66,0,163.92
,,,,,,,,3210,0,0,0,0,120.168,0,171.6,0,163.8
,,,,,,,,3211,0,0,0,0,120.504,0,172.08,0,164.28
,,,,,,,,3212,0,0,0,0,119.628,0,170.82,0,163.08
,,,,,,,,3213,0,0,0,0,119.616,0,170.82,0,163.08
,,,,,,,,3214,0,0,0,0,120.36,0,171.9,0,164.16
,,,,,,,,3215,0,0,0,0,112.752,0,160.98,0,153.72
,,,,,,,,3216,0,0,0,0,101.04,0,144.24,0,137.76
,,,,,,,,3217,0,0,0,0,90.072,0,128.64,0,122.76
,,,,,,,,3218,0,0,0,0,82.956,0,118.44,0,113.16
,,,,,,,,3219,0,0,0,0,79.02,0,112.86,0,107.76
,,,,,,,,3220,0,0,0,0,76.86,0,109.74,0,104.76
,,,,,,,,3221,0,0,0,0,76.332,0,109.02,0,104.04
,,,,,,,,3222,0,0,0,0,78.252,0,111.78,0,106.56
,,,,,,,,3223,0,0,0,0,85.044,0,121.44,0,115.92
,,,,,,,,3224,0,0,0,0,98.472,0,140.64,0,134.28
,,,,,,,,3225,0,0,0,0,109.788,0,156.78,0,149.64
,,,,,,,,3226,0,0,0,0,114.84,0,163.98,0,156.6
,,,,,,,,3227,0,0,0,0,118.08,0,168.6,0,161.04
,,,,,,,,3228,0,0,0,0,121.02,0,172.8,0,165
,,,,,,,,3229,0,0,0,0,122.292,0,174.6,0,166.68
,,,,,,,,3230,0,0,0,0,122.388,0,174.78,0,166.8
,,,,,,,,3231,0,0,0,0,122.304,0,174.6,0,166.68
,,,,,,,,3232,0,0,0,0,120.78,0,172.5,0,164.76
,,,,,,,,3233,0,0,0,0,119.64,0,170.88,0,163.08
,,,,,,,,3234,0,0,0,0,120.084,0,171.48,0,163.68
,,,,,,,,3235,0,0,0,0,121.044,0,172.8,0,165
,,,,,,,,3236,0,0,0,0,120.6,0,172.2,0,164.4
,,,,,,,,3237,0,0,0,0,120.708,0,172.38,0,164.64
,,,,,,,,3238,0,0,0,0,120.552,0,172.2,0,164.4
,,,,,,,,3239,0,0,0,0,112.812,0,161.04,0,153.84
,,,,,,,,3240,0,0,0,0,101.232,0,144.54,0,138
,,,,,,,,3241,0,0,0,0,90.54,0,129.24,0,123.48
,,,,,,,,3242,0,0,0,0,83.592,0,119.34,0,113.88
,,,,,,,,3243,0,0,0,0,79.668,0,113.76,0,108.6
,,,,,,,,3244,0,0,0,0,77.628,0,110.88,0,105.84
,,,,,,,,3245,0,0,0,0,77.004,0,109.98,0,104.88
,,,,,,,,3246,0,0,0,0,78.924,0,112.68,0,107.64
,,,,,,,,3247,0,0,0,0,86.196,0,123.12,0,117.48
,,,,,,,,3248,0,0,0,0,100.104,0,142.98,0,136.44
,,,,,,,,3249,0,0,0,0,111.684,0,159.48,0,152.28
,,,,,,,,3250,0,0,0,0,116.832,0,166.8,0,159.36
,,,,,,,,3251,0,0,0,0,119.892,0,171.24,0,163.44
,,,,,,,,3252,0,0,0,0,122.268,0,174.6,0,166.68
,,,,,,,,3253,0,0,0,0,123.372,0,176.16,0,168.24
,,,,,,,,3254,0,0,0,0,123.276,0,176.04,0,168.12
,,,,,,,,3255,0,0,0,0,123.588,0,176.46,0,168.48
,,,,,,,,3256,0,0,0,0,123.48,0,176.34,0,168.36
,,,,,,,,3257,0,0,0,0,123.48,0,176.34,0,168.36
,,,,,,,,3258,0,0,0,0,123.852,0,176.82,0,168.84
,,,,,,,,3259,0,0,0,0,123.648,0,176.58,0,168.6
,,,,,,,,3260,0,0,0,0,121.992,0,174.18,0,166.32
,,,,,,,,3261,0,0,0,0,121.236,0,173.1,0,165.36
,,,,,,,,3262,0,0,0,0,123.948,0,177,0,168.96
,,,,,,,,3263,0,0,0,0,117.228,0,167.4,0,159.84
,,,,,,,,3264,0,0,0,0,105.024,0,149.94,0,143.16
,,,,,,,,3265,0,0,0,0,93.156,0,133.02,0,126.96
,,,,,,,,3266,0,0,0,0,85.284,0,121.74,0,116.28
,,,,,,,,3267,0,0,0,0,80.772,0,115.38,0,110.16
,,,,,,,,3268,0,0,0,0,78.204,0,111.72,0,106.56
,,,,,,,,3269,0,0,0,0,77.064,0,110.04,0,105
,,,,,,,,3270,0,0,0,0,78.36,0,111.9,0,106.8
,,,,,,,,3271,0,0,0,0,83.892,0,119.82,0,114.36
,,,,,,,,3272,0,0,0,0,96.972,0,138.48,0,132.12
,,,,,,,,3273,0,0,0,0,107.4,0,153.36,0,146.4
,,,,,,,,3274,0,0,0,0,111.696,0,159.54,0,152.28
,,,,,,,,3275,0,0,0,0,114.276,0,163.2,0,155.76
,,,,,,,,3276,0,0,0,0,116.532,0,166.38,0,158.88
,,,,,,,,3277,0,0,0,0,117.636,0,168,0,160.44
,,,,,,,,3278,0,0,0,0,117.636,0,168,0,160.44
,,,,,,,,3279,0,0,0,0,118.272,0,168.9,0,161.16
,,,,,,,,3280,0,0,0,0,117.78,0,168.18,0,160.56
,,,,,,,,3281,0,0,0,0,117.324,0,167.52,0,159.84
,,,,,,,,3282,0,0,0,0,117.168,0,167.28,0,159.72
,,,,,,,,3283,0,0,0,0,116.46,0,166.26,0,158.76
,,,,,,,,3284,0,0,0,0,114.528,0,163.5,0,156.12
,,,,,,,,3285,0,0,0,0,113.892,0,162.6,0,155.28
,,,,,,,,3286,0,0,0,0,117.408,0,167.64,0,159.96
,,,,,,,,3287,0,0,0,0,112.152,0,160.14,0,152.88
,,,,,,,,3288,0,0,0,0,100.476,0,143.46,0,136.92
,,,,,,,,3289,0,0,0,0,89.34,0,127.56,0,121.68
,,,,,,,,3290,0,0,0,0,81.876,0,116.88,0,111.6
,,,,,,,,3291,0,0,0,0,77.496,0,110.64,0,105.6
,,,,,,,,3292,0,0,0,0,75.276,0,107.52,0,102.6
,,,,,,,,3293,0,0,0,0,74.52,0,106.38,0,101.64
,,,,,,,,3294,0,0,0,0,76.392,0,109.08,0,104.16
,,,,,,,,3295,0,0,0,0,82.068,0,117.18,0,111.96
,,,,,,,,3296,0,0,0,0,95.244,0,136.02,0,129.84
,,,,,,,,3297,0,0,0,0,106.272,0,151.74,0,144.84
,,,,,,,,3298,0,0,0,0,111.108,0,158.7,0,151.44
,,,,,,,,3299,0,0,0,0,114.132,0,162.96,0,155.64
,,,,,,,,3300,0,0,0,0,116.508,0,166.38,0,158.76
,,,,,,,,3301,0,0,0,0,117.588,0,167.88,0,160.32
,,,,,,,,3302,0,0,0,0,117.456,0,167.7,0,160.08
,,,,,,,,3303,0,0,0,0,117.708,0,168.06,0,160.56
,,,,,,,,3304,0,0,0,0,116.82,0,166.8,0,159.24
,,,,,,,,3305,0,0,0,0,115.908,0,165.54,0,158.04
,,,,,,,,3306,0,0,0,0,114.984,0,164.16,0,156.84
,,,,,,,,3307,0,0,0,0,113.256,0,161.7,0,154.44
,,,,,,,,3308,0,0,0,0,110.58,0,157.92,0,150.84
,,,,,,,,3309,0,0,0,0,109.02,0,155.64,0,148.56
,,,,,,,,3310,0,0,0,0,111.828,0,159.66,0,152.52
,,,,,,,,3311,0,0,0,0,108.06,0,154.32,0,147.24
,,,,,,,,3312,0,0,0,0,98.784,0,141.06,0,134.64
,,,,,,,,3313,0,0,0,0,88.656,0,126.54,0,120.84
,,,,,,,,3314,0,0,0,0,81.108,0,115.8,0,110.52
,,,,,,,,3315,0,0,0,0,76.752,0,109.62,0,104.64
,,,,,,,,3316,0,0,0,0,74.16,0,105.9,0,101.16
,,,,,,,,3317,0,0,0,0,72.792,0,103.98,0,99.24
,,,,,,,,3318,0,0,0,0,73.248,0,104.58,0,99.84
,,,,,,,,3319,0,0,0,0,74.208,0,105.96,0,101.16
,,,,,,,,3320,0,0,0,0,79.224,0,113.16,0,108
,,,,,,,,3321,0,0,0,0,87.684,0,125.22,0,119.52
,,,,,,,,3322,0,0,0,0,96.42,0,137.64,0,131.4
,,,,,,,,3323,0,0,0,0,101.88,0,145.44,0,138.84
,,,,,,,,3324,0,0,0,0,104.604,0,149.4,0,142.56
,,,,,,,,3325,0,0,0,0,105.9,0,151.2,0,144.36
,,,,,,,,3326,0,0,0,0,105.852,0,151.14,0,144.24
,,,,,,,,3327,0,0,0,0,105.192,0,150.24,0,143.4
,,,,,,,,3328,0,0,0,0,104.88,0,149.76,0,142.92
,,,,,,,,3329,0,0,0,0,105.408,0,150.54,0,143.64
,,,,,,,,3330,0,0,0,0,106.584,0,152.22,0,145.32
,,,,,,,,3331,0,0,0,0,107.616,0,153.66,0,146.64
,,,,,,,,3332,0,0,0,0,107.016,0,152.82,0,145.92
,,,,,,,,3333,0,0,0,0,105.648,0,150.84,0,144.12
,,,,,,,,3334,0,0,0,0,108.348,0,154.74,0,147.72
,,,,,,,,3335,0,0,0,0,105.42,0,150.54,0,143.76
,,,,,,,,3336,0,0,0,0,97.2,0,138.84,0,132.6
,,,,,,,,3337,0,0,0,0,88.188,0,125.94,0,120.24
,,,,,,,,3338,0,0,0,0,81,0,115.68,0,110.4
,,,,,,,,3339,0,0,0,0,76.356,0,109.02,0,104.16
,,,,,,,,3340,0,0,0,0,73.428,0,104.88,0,100.08
,,,,,,,,3341,0,0,0,0,72.18,0,103.08,0,98.4
,,,,,,,,3342,0,0,0,0,72.072,0,102.9,0,98.16
,,,,,,,,3343,0,0,0,0,71.88,0,102.66,0,98.04
,,,,,,,,3344,0,0,0,0,74.856,0,106.92,0,102
,,,,,,,,3345,0,0,0,0,82.14,0,117.3,0,111.96
,,,,,,,,3346,0,0,0,0,91.044,0,130.02,0,124.2
,,,,,,,,3347,0,0,0,0,98.076,0,140.04,0,133.68
,,,,,,,,3348,0,0,0,0,102.384,0,146.22,0,139.56
,,,,,,,,3349,0,0,0,0,105.228,0,150.24,0,143.52
,,,,,,,,3350,0,0,0,0,106.692,0,152.34,0,145.44
,,,,,,,,3351,0,0,0,0,106.896,0,152.7,0,145.8
,,,,,,,,3352,0,0,0,0,107.1,0,152.94,0,145.92
,,,,,,,,3353,0,0,0,0,107.82,0,153.96,0,147
,,,,,,,,3354,0,0,0,0,109.272,0,156,0,149.04
,,,,,,,,3355,0,0,0,0,110.724,0,158.1,0,150.96
,,,,,,,,3356,0,0,0,0,110.652,0,158.04,0,150.84
,,,,,,,,3357,0,0,0,0,110.088,0,157.2,0,150.12
,,,,,,,,3358,0,0,0,0,113.592,0,162.24,0,154.92
,,,,,,,,3359,0,0,0,0,108.684,0,155.22,0,148.2
,,,,,,,,3360,0,0,0,0,97.836,0,139.74,0,133.32
,,,,,,,,3361,0,0,0,0,87.636,0,125.1,0,119.4
,,,,,,,,3362,0,0,0,0,80.328,0,114.72,0,109.56
,,,,,,,,3363,0,0,0,0,76.788,0,109.68,0,104.76
,,,,,,,,3364,0,0,0,0,74.88,0,106.92,0,102
,,,,,,,,3365,0,0,0,0,74.4,0,106.26,0,101.4
,,,,,,,,3366,0,0,0,0,76.392,0,109.08,0,104.16
,,,,,,,,3367,0,0,0,0,82.464,0,117.78,0,112.44
,,,,,,,,3368,0,0,0,0,96.012,0,137.1,0,130.8
,,,,,,,,3369,0,0,0,0,108.012,0,154.26,0,147.24
,,,,,,,,3370,0,0,0,0,113.652,0,162.3,0,154.92
,,,,,,,,3371,0,0,0,0,117.504,0,167.76,0,160.2
,,,,,,,,3372,0,0,0,0,120.708,0,172.38,0,164.64
,,,,,,,,3373,0,0,0,0,122.568,0,175.02,0,167.16
,,,,,,,,3374,0,0,0,0,122.976,0,175.62,0,167.64
,,,,,,,,3375,0,0,0,0,123.78,0,176.76,0,168.72
,,,,,,,,3376,0,0,0,0,123.06,0,175.74,0,167.76
,,,,,,,,3377,0,0,0,0,122.052,0,174.3,0,166.44
,,,,,,,,3378,0,0,0,0,122.292,0,174.6,0,166.68
,,,,,,,,3379,0,0,0,0,122.484,0,174.9,0,167.04
,,,,,,,,3380,0,0,0,0,121.68,0,173.76,0,165.96
,,,,,,,,3381,0,0,0,0,121.248,0,173.1,0,165.36
,,,,,,,,3382,0,0,0,0,121.644,0,173.7,0,165.84
,,,,,,,,3383,0,0,0,0,114.084,0,162.9,0,155.52
,,,,,,,,3384,0,0,0,0,102.12,0,145.8,0,139.2
,,,,,,,,3385,0,0,0,0,91.38,0,130.44,0,124.56
,,,,,,,,3386,0,0,0,0,84.288,0,120.36,0,114.96
,,,,,,,,3387,0,0,0,0,80.376,0,114.78,0,109.56
,,,,,,,,3388,0,0,0,0,78.504,0,112.08,0,107.04
,,,,,,,,3389,0,0,0,0,77.772,0,111.06,0,105.96
,,,,,,,,3390,0,0,0,0,79.812,0,113.94,0,108.84
,,,,,,,,3391,0,0,0,0,86.532,0,123.54,0,117.96
,,,,,,,,3392,0,0,0,0,100.344,0,143.34,0,136.8
,,,,,,,,3393,0,0,0,0,111.72,0,159.54,0,152.28
,,,,,,,,3394,0,0,0,0,116.448,0,166.26,0,158.64
,,,,,,,,3395,0,0,0,0,119.628,0,170.82,0,163.08
,,,,,,,,3396,0,0,0,0,122.688,0,175.2,0,167.28
,,,,,,,,3397,0,0,0,0,124.092,0,177.24,0,169.2
,,,,,,,,3398,0,0,0,0,124.008,0,177.06,0,168.96
,,,,,,,,3399,0,0,0,0,124.104,0,177.24,0,169.2
,,,,,,,,3400,0,0,0,0,123.156,0,175.86,0,167.88
,,,,,,,,3401,0,0,0,0,122.352,0,174.72,0,166.8
,,,,,,,,3402,0,0,0,0,122.4,0,174.78,0,166.92
,,,,,,,,3403,0,0,0,0,122.724,0,175.26,0,167.28
,,,,,,,,3404,0,0,0,0,121.416,0,173.4,0,165.48
,,,,,,,,3405,0,0,0,0,120.552,0,172.14,0,164.28
,,,,,,,,3406,0,0,0,0,121.176,0,173.04,0,165.24
,,,,,,,,3407,0,0,0,0,114.6,0,163.62,0,156.24
,,,,,,,,3408,0,0,0,0,103.284,0,147.48,0,140.76
,,,,,,,,3409,0,0,0,0,92.4,0,131.94,0,126
,,,,,,,,3410,0,0,0,0,84.612,0,120.78,0,115.32
,,,,,,,,3411,0,0,0,0,80.772,0,115.38,0,110.16
,,,,,,,,3412,0,0,0,0,78.756,0,112.44,0,107.28
,,,,,,,,3413,0,0,0,0,78.072,0,111.48,0,106.44
,,,,,,,,3414,0,0,0,0,80.124,0,114.42,0,109.2
,,,,,,,,3415,0,0,0,0,86.28,0,123.24,0,117.6
,,,,,,,,3416,0,0,0,0,100.368,0,143.34,0,136.8
,,,,,,,,3417,0,0,0,0,112.272,0,160.32,0,153.12
,,,,,,,,3418,0,0,0,0,117.828,0,168.3,0,160.56
,,,,,,,,3419,0,0,0,0,121.5,0,173.52,0,165.6
,,,,,,,,3420,0,0,0,0,124.812,0,178.2,0,170.16
,,,,,,,,3421,0,0,0,0,126.972,0,181.32,0,173.16
,,,,,,,,3422,0,0,0,0,128.028,0,182.82,0,174.48
,,,,,,,,3423,0,0,0,0,129.42,0,184.8,0,176.4
,,,,,,,,3424,0,0,0,0,129.264,0,184.56,0,176.28
,,,,,,,,3425,0,0,0,0,128.364,0,183.3,0,175.08
,,,,,,,,3426,0,0,0,0,128.544,0,183.6,0,175.2
,,,,,,,,3427,0,0,0,0,128.292,0,183.18,0,174.96
,,,,,,,,3428,0,0,0,0,126.396,0,180.48,0,172.32
,,,,,,,,3429,0,0,0,0,124.932,0,178.38,0,170.28
,,,,,,,,3430,0,0,0,0,127.092,0,181.5,0,173.28
,,,,,,,,3431,0,0,0,0,121.764,0,173.88,0,165.96
,,,,,,,,3432,0,0,0,0,109.152,0,155.88,0,148.8
,,,,,,,,3433,0,0,0,0,96.888,0,138.36,0,132
,,,,,,,,3434,0,0,0,0,88.464,0,126.3,0,120.48
,,,,,,,,3435,0,0,0,0,83.388,0,119.04,0,113.64
,,,,,,,,3436,0,0,0,0,80.556,0,115.02,0,109.8
,,,,,,,,3437,0,0,0,0,79.392,0,113.34,0,108.24
,,,,,,,,3438,0,0,0,0,81.108,0,115.8,0,110.52
,,,,,,,,3439,0,0,0,0,87.24,0,124.56,0,118.92
,,,,,,,,3440,0,0,0,0,101.688,0,145.2,0,138.72
,,,,,,,,3441,0,0,0,0,113.94,0,162.66,0,155.28
,,,,,,,,3442,0,0,0,0,120.012,0,171.36,0,163.56
,,,,,,,,3443,0,0,0,0,124.536,0,177.84,0,169.8
,,,,,,,,3444,0,0,0,0,128.268,0,183.18,0,174.84
,,,,,,,,3445,0,0,0,0,130.452,0,186.3,0,177.84
,,,,,,,,3446,0,0,0,0,131.112,0,187.2,0,178.68
,,,,,,,,3447,0,0,0,0,131.676,0,188.04,0,179.52
,,,,,,,,3448,0,0,0,0,131.328,0,187.56,0,179.04
,,,,,,,,3449,0,0,0,0,130.14,0,185.82,0,177.48
,,,,,,,,3450,0,0,0,0,129.54,0,184.98,0,176.64
,,,,,,,,3451,0,0,0,0,127.692,0,182.34,0,174.12
,,,,,,,,3452,0,0,0,0,124.992,0,178.5,0,170.4
,,,,,,,,3453,0,0,0,0,123.588,0,176.46,0,168.48
,,,,,,,,3454,0,0,0,0,125.748,0,179.58,0,171.36
,,,,,,,,3455,0,0,0,0,120.492,0,172.08,0,164.28
,,,,,,,,3456,0,0,0,0,107.988,0,154.2,0,147.12
,,,,,,,,3457,0,0,0,0,95.688,0,136.62,0,130.44
,,,,,,,,3458,0,0,0,0,87.648,0,125.16,0,119.4
,,,,,,,,3459,0,0,0,0,83.232,0,118.86,0,113.4
,,,,,,,,3460,0,0,0,0,80.592,0,115.08,0,109.8
,,,,,,,,3461,0,0,0,0,79.764,0,113.88,0,108.72
,,,,,,,,3462,0,0,0,0,81.456,0,116.28,0,111
,,,,,,,,3463,0,0,0,0,87.468,0,124.92,0,119.28
,,,,,,,,3464,0,0,0,0,100.5,0,143.52,0,136.92
,,,,,,,,3465,0,0,0,0,111.828,0,159.66,0,152.52
,,,,,,,,3466,0,0,0,0,117.372,0,167.64,0,159.96
,,,,,,,,3467,0,0,0,0,120.792,0,172.5,0,164.76
,,,,,,,,3468,0,0,0,0,123.348,0,176.1,0,168.24
,,,,,,,,3469,0,0,0,0,125.076,0,178.62,0,170.52
,,,,,,,,3470,0,0,0,0,125.352,0,179.04,0,170.88
,,,,,,,,3471,0,0,0,0,125.832,0,179.7,0,171.48
,,,,,,,,3472,0,0,0,0,125.184,0,178.8,0,170.64
,,,,,,,,3473,0,0,0,0,124.572,0,177.9,0,169.8
,,,,,,,,3474,0,0,0,0,124.536,0,177.84,0,169.8
,,,,,,,,3475,0,0,0,0,123.528,0,176.4,0,168.36
,,,,,,,,3476,0,0,0,0,121.296,0,173.22,0,165.36
,,,,,,,,3477,0,0,0,0,119.412,0,170.52,0,162.84
,,,,,,,,3478,0,0,0,0,120.996,0,172.8,0,164.88
,,,,,,,,3479,0,0,0,0,117.528,0,167.82,0,160.2
,,,,,,,,3480,0,0,0,0,108.144,0,154.44,0,147.36
,,,,,,,,3481,0,0,0,0,97.536,0,139.26,0,132.96
,,,,,,,,3482,0,0,0,0,89.472,0,127.74,0,121.92
,,,,,,,,3483,0,0,0,0,84.588,0,120.78,0,115.32
,,,,,,,,3484,0,0,0,0,81.612,0,116.58,0,111.24
,,,,,,,,3485,0,0,0,0,80.112,0,114.42,0,109.2
,,,,,,,,3486,0,0,0,0,80.292,0,114.66,0,109.44
,,,,,,,,3487,0,0,0,0,81.504,0,116.34,0,111.12
,,,,,,,,3488,0,0,0,0,86.16,0,123.06,0,117.48
,,,,,,,,3489,0,0,0,0,94.968,0,135.6,0,129.48
,,,,,,,,3490,0,0,0,0,105.348,0,150.42,0,143.52
,,,,,,,,3491,0,0,0,0,113.82,0,162.54,0,155.16
,,,,,,,,3492,0,0,0,0,119.652,0,170.88,0,163.08
,,,,,,,,3493,0,0,0,0,123.408,0,176.22,0,168.24
,,,,,,,,3494,0,0,0,0,125.652,0,179.46,0,171.36
,,,,,,,,3495,0,0,0,0,126.372,0,180.42,0,172.32
,,,,,,,,3496,0,0,0,0,126.852,0,181.14,0,172.92
,,,,,,,,3497,0,0,0,0,126.852,0,181.14,0,172.92
,,,,,,,,3498,0,0,0,0,127.752,0,182.4,0,174.12
,,,,,,,,3499,0,0,0,0,127.752,0,182.4,0,174.12
,,,,,,,,3500,0,0,0,0,125.964,0,179.88,0,171.72
,,,,,,,,3501,0,0,0,0,123.612,0,176.52,0,168.48
,,,,,,,,3502,0,0,0,0,124.8,0,178.2,0,170.16
,,,,,,,,3503,0,0,0,0,121.272,0,173.16,0,165.36
,,,,,,,,3504,0,0,0,0,111.324,0,158.94,0,151.8
,,,,,,,,3505,0,0,0,0,100.608,0,143.64,0,137.16
,,,,,,,,3506,0,0,0,0,91.68,0,130.92,0,124.92
,,,,,,,,3507,0,0,0,0,85.944,0,122.7,0,117.12
,,,,,,,,3508,0,0,0,0,82.092,0,117.18,0,111.96
,,,,,,,,3509,0,0,0,0,79.764,0,113.88,0,108.72
,,,,,,,,3510,0,0,0,0,78.696,0,112.38,0,107.28
,,,,,,,,3511,0,0,0,0,77.484,0,110.64,0,105.6
,,,,,,,,3512,0,0,0,0,80.208,0,114.54,0,109.32
,,,,,,,,3513,0,0,0,0,87.192,0,124.5,0,118.8
,,,,,,,,3514,0,0,0,0,95.94,0,137.04,0,130.8
,,,,,,,,3515,0,0,0,0,103.704,0,148.08,0,141.36
,,,,,,,,3516,0,0,0,0,108.696,0,155.22,0,148.2
,,,,,,,,3517,0,0,0,0,112.08,0,160.08,0,152.76
,,,,,,,,3518,0,0,0,0,114.096,0,162.9,0,155.52
,,,,,,,,3519,0,0,0,0,114.42,0,163.38,0,156
,,,,,,,,3520,0,0,0,0,114.66,0,163.74,0,156.24
,,,,,,,,3521,0,0,0,0,115.26,0,164.58,0,157.08
,,,,,,,,3522,0,0,0,0,116.352,0,166.14,0,158.64
,,,,,,,,3523,0,0,0,0,116.844,0,166.8,0,159.36
,,,,,,,,3524,0,0,0,0,114.96,0,164.16,0,156.72
,,,,,,,,3525,0,0,0,0,112.776,0,161.04,0,153.72
,,,,,,,,3526,0,0,0,0,114.912,0,164.1,0,156.72
,,,,,,,,3527,0,0,0,0,112.56,0,160.74,0,153.36
,,,,,,,,3528,0,0,0,0,104.784,0,149.64,0,142.92
,,,,,,,,3529,0,0,0,0,95.64,0,136.56,0,130.32
,,,,,,,,3530,0,0,0,0,88.308,0,126.12,0,120.36
,,,,,,,,3531,0,0,0,0,83.472,0,119.22,0,113.88
,,,,,,,,3532,0,0,0,0,80.748,0,115.32,0,110.16
,,,,,,,,3533,0,0,0,0,79.416,0,113.4,0,108.24
,,,,,,,,3534,0,0,0,0,79.584,0,113.64,0,108.48
,,,,,,,,3535,0,0,0,0,80.34,0,114.78,0,109.56
,,,,,,,,3536,0,0,0,0,84.024,0,120,0,114.48
,,,,,,,,3537,0,0,0,0,91.572,0,130.74,0,124.8
,,,,,,,,3538,0,0,0,0,101.724,0,145.26,0,138.72
,,,,,,,,3539,0,0,0,0,110.16,0,157.32,0,150.24
,,,,,,,,3540,0,0,0,0,116.592,0,166.5,0,158.88
,,,,,,,,3541,0,0,0,0,121.38,0,173.34,0,165.48
,,,,,,,,3542,0,0,0,0,124.812,0,178.2,0,170.16
,,,,,,,,3543,0,0,0,0,126.06,0,180,0,171.84
,,,,,,,,3544,0,0,0,0,126.912,0,181.2,0,173.04
,,,,,,,,3545,0,0,0,0,127.872,0,182.64,0,174.36
,,,,,,,,3546,0,0,0,0,129.624,0,185.1,0,176.76
,,,,,,,,3547,0,0,0,0,130.908,0,186.9,0,178.44
,,,,,,,,3548,0,0,0,0,129.432,0,184.86,0,176.4
,,,,,,,,3549,0,0,0,0,127.824,0,182.52,0,174.24
,,,,,,,,3550,0,0,0,0,129.564,0,185.04,0,176.64
,,,,,,,,3551,0,0,0,0,123.78,0,176.76,0,168.72
,,,,,,,,3552,0,0,0,0,111.192,0,158.76,0,151.56
,,,,,,,,3553,0,0,0,0,99.132,0,141.54,0,135.12
,,,,,,,,3554,0,0,0,0,91.2,0,130.2,0,124.32
,,,,,,,,3555,0,0,0,0,86.376,0,123.36,0,117.72
,,,,,,,,3556,0,0,0,0,83.712,0,119.58,0,114.12
,,,,,,,,3557,0,0,0,0,83.004,0,118.56,0,113.16
,,,,,,,,3558,0,0,0,0,84.72,0,121.02,0,115.56
,,,,,,,,3559,0,0,0,0,91.248,0,130.32,0,124.32
,,,,,,,,3560,0,0,0,0,105.6,0,150.84,0,144
,,,,,,,,3561,0,0,0,0,118.692,0,169.5,0,161.76
,,,,,,,,3562,0,0,0,0,126.384,0,180.48,0,172.32
,,,,,,,,3563,0,0,0,0,132.576,0,189.36,0,180.72
,,,,,,,,3564,0,0,0,0,138.48,0,197.76,0,188.76
,,,,,,,,3565,0,0,0,0,143.484,0,204.96,0,195.72
,,,,,,,,3566,0,0,0,0,147.084,0,210.06,0,200.52
,,,,,,,,3567,0,0,0,0,150.24,0,214.56,0,204.84
,,,,,,,,3568,0,0,0,0,151.44,0,216.3,0,206.52
,,,,,,,,3569,0,0,0,0,152.928,0,218.4,0,208.44
,,,,,,,,3570,0,0,0,0,154.008,0,219.96,0,210
,,,,,,,,3571,0,0,0,0,152.856,0,218.28,0,208.44
,,,,,,,,3572,0,0,0,0,148.728,0,212.4,0,202.8
,,,,,,,,3573,0,0,0,0,145.62,0,207.96,0,198.6
,,,,,,,,3574,0,0,0,0,143.712,0,205.26,0,195.96
,,,,,,,,3575,0,0,0,0,133.392,0,190.5,0,181.8
,,,,,,,,3576,0,0,0,0,119.328,0,170.4,0,162.72
,,,,,,,,3577,0,0,0,0,106.716,0,152.34,0,145.44
,,,,,,,,3578,0,0,0,0,97.872,0,139.74,0,133.44
,,,,,,,,3579,0,0,0,0,92.592,0,132.18,0,126.24
,,,,,,,,3580,0,0,0,0,89.556,0,127.92,0,122.04
,,,,,,,,3581,0,0,0,0,88.344,0,126.18,0,120.48
,,,,,,,,3582,0,0,0,0,90.06,0,128.64,0,122.76
,,,,,,,,3583,0,0,0,0,96.288,0,137.52,0,131.28
,,,,,,,,3584,0,0,0,0,110.58,0,157.92,0,150.84
,,,,,,,,3585,0,0,0,0,122.88,0,175.5,0,167.52
,,,,,,,,3586,0,0,0,0,128.592,0,183.6,0,175.32
,,,,,,,,3587,0,0,0,0,132.396,0,189.06,0,180.48
,,,,,,,,3588,0,0,0,0,135.54,0,193.56,0,184.8
,,,,,,,,3589,0,0,0,0,137.448,0,196.26,0,187.32
,,,,,,,,3590,0,0,0,0,138.036,0,197.16,0,188.28
,,,,,,,,3591,0,0,0,0,139.092,0,198.66,0,189.6
,,,,,,,,3592,0,0,0,0,138.684,0,198.06,0,189
,,,,,,,,3593,0,0,0,0,138.348,0,197.58,0,188.64
,,,,,,,,3594,0,0,0,0,138.72,0,198.06,0,189.12
,,,,,,,,3595,0,0,0,0,137.904,0,196.92,0,188.04
,,,,,,,,3596,0,0,0,0,135.012,0,192.78,0,184.08
,,,,,,,,3597,0,0,0,0,132.876,0,189.78,0,181.08
,,,,,,,,3598,0,0,0,0,134.46,0,192.06,0,183.36
,,,,,,,,3599,0,0,0,0,128.808,0,183.9,0,175.68
,,,,,,,,3600,0,0,0,0,115.788,0,165.3,0,157.8
,,,,,,,,3601,0,0,0,0,103.092,0,147.24,0,140.52
,,,,,,,,3602,0,0,0,0,93.804,0,133.98,0,127.8
,,,,,,,,3603,0,0,0,0,88.476,0,126.3,0,120.6
,,,,,,,,3604,0,0,0,0,85.32,0,121.8,0,116.28
,,,,,,,,3605,0,0,0,0,83.952,0,119.88,0,114.48
,,,,,,,,3606,0,0,0,0,85.356,0,121.92,0,116.28
,,,,,,,,3607,0,0,0,0,90.96,0,129.9,0,123.96
,,,,,,,,3608,0,0,0,0,104.832,0,149.7,0,142.92
,,,,,,,,3609,0,0,0,0,117.636,0,168,0,160.44
,,,,,,,,3610,0,0,0,0,123.852,0,176.88,0,168.84
,,,,,,,,3611,0,0,0,0,129,0,184.2,0,175.8
,,,,,,,,3612,0,0,0,0,133.5,0,190.62,0,182.04
,,,,,,,,3613,0,0,0,0,136.524,0,194.94,0,186.12
,,,,,,,,3614,0,0,0,0,138.204,0,197.34,0,188.4
,,,,,,,,3615,0,0,0,0,140.412,0,200.46,0,191.4
,,,,,,,,3616,0,0,0,0,141.132,0,201.54,0,192.48
,,,,,,,,3617,0,0,0,0,141.66,0,202.26,0,193.2
,,,,,,,,3618,0,0,0,0,141.684,0,202.26,0,193.2
,,,,,,,,3619,0,0,0,0,139.68,0,199.5,0,190.44
,,,,,,,,3620,0,0,0,0,135.516,0,193.56,0,184.8
,,,,,,,,3621,0,0,0,0,131.28,0,187.5,0,178.92
,,,,,,,,3622,0,0,0,0,131.58,0,187.86,0,179.4
,,,,,,,,3623,0,0,0,0,126.744,0,180.96,0,172.8
,,,,,,,,3624,0,0,0,0,113.4,0,161.94,0,154.56
,,,,,,,,3625,0,0,0,0,100.188,0,143.04,0,136.56
,,,,,,,,3626,0,0,0,0,91.092,0,130.08,0,124.2
,,,,,,,,3627,0,0,0,0,85.56,0,122.16,0,116.64
,,,,,,,,3628,0,0,0,0,82.476,0,117.78,0,112.44
,,,,,,,,3629,0,0,0,0,81.288,0,116.04,0,110.76
,,,,,,,,3630,0,0,0,0,82.272,0,117.48,0,112.08
,,,,,,,,3631,0,0,0,0,86.868,0,124.08,0,118.44
,,,,,,,,3632,0,0,0,0,100.128,0,142.98,0,136.44
,,,,,,,,3633,0,0,0,0,111.972,0,159.9,0,152.64
,,,,,,,,3634,0,0,0,0,117.756,0,168.12,0,160.56
,,,,,,,,3635,0,0,0,0,121.572,0,173.58,0,165.72
,,,,,,,,3636,0,0,0,0,124.728,0,178.14,0,170.04
,,,,,,,,3637,0,0,0,0,126.264,0,180.3,0,172.08
,,,,,,,,3638,0,0,0,0,126.492,0,180.6,0,172.44
,,,,,,,,3639,0,0,0,0,127.164,0,181.56,0,173.28
,,,,,,,,3640,0,0,0,0,126.66,0,180.9,0,172.68
,,,,,,,,3641,0,0,0,0,125.292,0,178.92,0,170.88
,,,,,,,,3642,0,0,0,0,123.432,0,176.22,0,168.36
,,,,,,,,3643,0,0,0,0,120.144,0,171.6,0,163.8
,,,,,,,,3644,0,0,0,0,116.28,0,166.02,0,158.52
,,,,,,,,3645,0,0,0,0,114.396,0,163.38,0,156
,,,,,,,,3646,0,0,0,0,116.052,0,165.72,0,158.16
,,,,,,,,3647,0,0,0,0,112.308,0,160.38,0,153.12
,,,,,,,,3648,0,0,0,0,102.852,0,146.88,0,140.16
,,,,,,,,3649,0,0,0,0,92.712,0,132.42,0,126.36
,,,,,,,,3650,0,0,0,0,84.816,0,121.08,0,115.68
,,,,,,,,3651,0,0,0,0,80.136,0,114.48,0,109.2
,,,,,,,,3652,0,0,0,0,77.472,0,110.58,0,105.6
,,,,,,,,3653,0,0,0,0,76.368,0,109.08,0,104.16
,,,,,,,,3654,0,0,0,0,76.68,0,109.5,0,104.52
,,,,,,,,3655,0,0,0,0,78.36,0,111.9,0,106.8
,,,,,,,,3656,0,0,0,0,82.44,0,117.72,0,112.32
,,,,,,,,3657,0,0,0,0,90,0,128.52,0,122.64
,,,,,,,,3658,0,0,0,0,99.132,0,141.54,0,135.12
,,,,,,,,3659,0,0,0,0,106.32,0,151.8,0,144.96
,,,,,,,,3660,0,0,0,0,111.036,0,158.58,0,151.44
,,,,,,,,3661,0,0,0,0,112.932,0,161.28,0,153.96
,,,,,,,,3662,0,0,0,0,112.788,0,161.04,0,153.84
,,,,,,,,3663,0,0,0,0,111.504,0,159.24,0,152.04
,,,,,,,,3664,0,0,0,0,110.148,0,157.26,0,150.24
,,,,,,,,3665,0,0,0,0,109.44,0,156.24,0,149.16
,,,,,,,,3666,0,0,0,0,110.16,0,157.32,0,150.24
,,,,,,,,3667,0,0,0,0,111.204,0,158.76,0,151.56
,,,,,,,,3668,0,0,0,0,110.796,0,158.22,0,151.08
,,,,,,,,3669,0,0,0,0,109.968,0,157.02,0,149.88
,,,,,,,,3670,0,0,0,0,110.376,0,157.62,0,150.48
,,,,,,,,3671,0,0,0,0,106.692,0,152.34,0,145.44
,,,,,,,,3672,0,0,0,0,99.12,0,141.54,0,135.12
,,,,,,,,3673,0,0,0,0,90.612,0,129.36,0,123.6
,,,,,,,,3674,0,0,0,0,83.724,0,119.58,0,114.12
,,,,,,,,3675,0,0,0,0,78.972,0,112.74,0,107.64
,,,,,,,,3676,0,0,0,0,76.128,0,108.72,0,103.8
,,,,,,,,3677,0,0,0,0,74.556,0,106.44,0,101.64
,,,,,,,,3678,0,0,0,0,74.268,0,106.08,0,101.16
,,,,,,,,3679,0,0,0,0,74.136,0,105.84,0,101.04
,,,,,,,,3680,0,0,0,0,76.884,0,109.8,0,104.76
,,,,,,,,3681,0,0,0,0,83.436,0,119.16,0,113.76
,,,,,,,,3682,0,0,0,0,92.22,0,131.7,0,125.76
,,,,,,,,3683,0,0,0,0,99.132,0,141.54,0,135.12
,,,,,,,,3684,0,0,0,0,103.464,0,147.72,0,141.12
,,,,,,,,3685,0,0,0,0,106.26,0,151.74,0,144.84
,,,,,,,,3686,0,0,0,0,107.352,0,153.3,0,146.4
,,,,,,,,3687,0,0,0,0,106.896,0,152.7,0,145.8
,,,,,,,,3688,0,0,0,0,106.392,0,151.92,0,145.08
,,,,,,,,3689,0,0,0,0,106.164,0,151.62,0,144.72
,,,,,,,,3690,0,0,0,0,107.076,0,152.94,0,145.92
,,,,,,,,3691,0,0,0,0,108.384,0,154.8,0,147.84
,,,,,,,,3692,0,0,0,0,109.284,0,156.06,0,149.04
,,,,,,,,3693,0,0,0,0,109.572,0,156.48,0,149.4
,,,,,,,,3694,0,0,0,0,110.868,0,158.34,0,151.2
,,,,,,,,3695,0,0,0,0,106.236,0,151.74,0,144.72
,,,,,,,,3696,0,0,0,0,96.996,0,138.54,0,132.24
,,,,,,,,3697,0,0,0,0,87.672,0,125.22,0,119.52
,,,,,,,,3698,0,0,0,0,80.952,0,115.62,0,110.28
,,,,,,,,3699,0,0,0,0,77.052,0,109.98,0,105
,,,,,,,,3700,0,0,0,0,75.06,0,107.22,0,102.36
,,,,,,,,3701,0,0,0,0,74.724,0,106.68,0,101.76
,,,,,,,,3702,0,0,0,0,76.752,0,109.62,0,104.64
,,,,,,,,3703,0,0,0,0,83.124,0,118.74,0,113.28
,,,,,,,,3704,0,0,0,0,96.588,0,137.94,0,131.64
,,,,,,,,3705,0,0,0,0,108.084,0,154.38,0,147.36
,,,,,,,,3706,0,0,0,0,113.136,0,161.58,0,154.2
,,,,,,,,3707,0,0,0,0,116.316,0,166.08,0,158.64
,,,,,,,,3708,0,0,0,0,118.932,0,169.8,0,162.12
,,,,,,,,3709,0,0,0,0,119.76,0,171,0,163.32
,,,,,,,,3710,0,0,0,0,119.508,0,170.7,0,162.96
,,,,,,,,3711,0,0,0,0,119.112,0,170.1,0,162.36
,,,,,,,,3712,0,0,0,0,117.852,0,168.3,0,160.56
,,,,,,,,3713,0,0,0,0,117.06,0,167.16,0,159.6
,,,,,,,,3714,0,0,0,0,117.732,0,168.12,0,160.56
,,,,,,,,3715,0,0,0,0,118.932,0,169.8,0,162.12
,,,,,,,,3716,0,0,0,0,117.924,0,168.36,0,160.8
,,,,,,,,3717,0,0,0,0,116.532,0,166.38,0,158.88
,,,,,,,,3718,0,0,0,0,116.772,0,166.74,0,159.24
,,,,,,,,3719,0,0,0,0,110.928,0,158.4,0,151.2
,,,,,,,,3720,0,0,0,0,99.636,0,142.26,0,135.84
,,,,,,,,3721,0,0,0,0,89.016,0,127.14,0,121.32
,,,,,,,,3722,0,0,0,0,82.128,0,117.24,0,111.96
,,,,,,,,3723,0,0,0,0,78.408,0,111.96,0,106.92
,,,,,,,,3724,0,0,0,0,76.536,0,109.32,0,104.28
,,,,,,,,3725,0,0,0,0,75.996,0,108.48,0,103.56
,,,,,,,,3726,0,0,0,0,77.856,0,111.18,0,106.08
,,,,,,,,3727,0,0,0,0,83.844,0,119.7,0,114.36
,,,,,,,,3728,0,0,0,0,97.356,0,139.02,0,132.72
,,,,,,,,3729,0,0,0,0,108.588,0,155.04,0,148.08
,,,,,,,,3730,0,0,0,0,113.088,0,161.46,0,154.2
,,,,,,,,3731,0,0,0,0,115.56,0,165,0,157.44
,,,,,,,,3732,0,0,0,0,117.6,0,167.94,0,160.32
,,,,,,,,3733,0,0,0,0,118.668,0,169.5,0,161.76
,,,,,,,,3734,0,0,0,0,118.428,0,169.14,0,161.52
,,,,,,,,3735,0,0,0,0,118.452,0,169.14,0,161.52
,,,,,,,,3736,0,0,0,0,117.192,0,167.34,0,159.84
,,,,,,,,3737,0,0,0,0,116.46,0,166.32,0,158.76
,,,,,,,,3738,0,0,0,0,116.796,0,166.8,0,159.24
,,,,,,,,3739,0,0,0,0,117.036,0,167.1,0,159.48
,,,,,,,,3740,0,0,0,0,115.776,0,165.3,0,157.8
,,,,,,,,3741,0,0,0,0,115.392,0,164.76,0,157.32
,,,,,,,,3742,0,0,0,0,116.616,0,166.5,0,159
,,,,,,,,3743,0,0,0,0,112.26,0,160.26,0,153
,,,,,,,,3744,0,0,0,0,101.052,0,144.24,0,137.76
,,,,,,,,3745,0,0,0,0,90.408,0,129.06,0,123.24
,,,,,,,,3746,0,0,0,0,82.668,0,118.08,0,112.68
,,,,,,,,3747,0,0,0,0,78.576,0,112.2,0,107.16
,,,,,,,,3748,0,0,0,0,76.62,0,109.38,0,104.4
,,,,,,,,3749,0,0,0,0,75.828,0,108.24,0,103.32
,,,,,,,,3750,0,0,0,0,77.844,0,111.18,0,106.08
,,,,,,,,3751,0,0,0,0,83.568,0,119.34,0,113.88
,,,,,,,,3752,0,0,0,0,97.02,0,138.54,0,132.24
,,,,,,,,3753,0,0,0,0,108.276,0,154.62,0,147.6
,,,,,,,,3754,0,0,0,0,112.884,0,161.22,0,153.84
,,,,,,,,3755,0,0,0,0,115.572,0,165,0,157.56
,,,,,,,,3756,0,0,0,0,118.152,0,168.72,0,161.16
,,,,,,,,3757,0,0,0,0,119.412,0,170.52,0,162.84
,,,,,,,,3758,0,0,0,0,119.7,0,170.94,0,163.2
,,,,,,,,3759,0,0,0,0,120.132,0,171.54,0,163.8
,,,,,,,,3760,0,0,0,0,119.256,0,170.34,0,162.6
,,,,,,,,3761,0,0,0,0,118.524,0,169.2,0,161.64
,,,,,,,,3762,0,0,0,0,118.5,0,169.2,0,161.52
,,,,,,,,3763,0,0,0,0,118.056,0,168.6,0,160.92
,,,,,,,,3764,0,0,0,0,115.992,0,165.6,0,158.16
,,,,,,,,3765,0,0,0,0,115.056,0,164.34,0,156.96
,,,,,,,,3766,0,0,0,0,117.312,0,167.52,0,159.84
,,,,,,,,3767,0,0,0,0,113.244,0,161.7,0,154.44
,,,,,,,,3768,0,0,0,0,101.508,0,144.9,0,138.36
,,,,,,,,3769,0,0,0,0,90.408,0,129.06,0,123.24
,,,,,,,,3770,0,0,0,0,83.172,0,118.74,0,113.28
,,,,,,,,3771,0,0,0,0,78.948,0,112.68,0,107.64
,,,,,,,,3772,0,0,0,0,76.812,0,109.68,0,104.76
,,,,,,,,3773,0,0,0,0,76.236,0,108.84,0,103.92
,,,,,,,,3774,0,0,0,0,78.108,0,111.54,0,106.56
,,,,,,,,3775,0,0,0,0,83.868,0,119.76,0,114.36
,,,,,,,,3776,0,0,0,0,97.164,0,138.78,0,132.48
,,,,,,,,3777,0,0,0,0,107.964,0,154.14,0,147.12
,,,,,,,,3778,0,0,0,0,112.992,0,161.4,0,154.08
,,,,,,,,3779,0,0,0,0,117.168,0,167.34,0,159.72
,,,,,,,,3780,0,0,0,0,120.708,0,172.38,0,164.64
,,,,,,,,3781,0,0,0,0,123.024,0,175.68,0,167.76
,,,,,,,,3782,0,0,0,0,123.3,0,176.1,0,168.12
,,,,,,,,3783,0,0,0,0,124.116,0,177.24,0,169.2
,,,,,,,,3784,0,0,0,0,123.288,0,176.1,0,168.12
,,,,,,,,3785,0,0,0,0,122.712,0,175.2,0,167.28
,,,,,,,,3786,0,0,0,0,122.376,0,174.78,0,166.8
,,,,,,,,3787,0,0,0,0,121.368,0,173.34,0,165.48
,,,,,,,,3788,0,0,0,0,118.872,0,169.74,0,162.12
,,,,,,,,3789,0,0,0,0,117.564,0,167.88,0,160.32
,,,,,,,,3790,0,0,0,0,119.52,0,170.7,0,162.96
,,,,,,,,3791,0,0,0,0,115.524,0,164.94,0,157.44
,,,,,,,,3792,0,0,0,0,104.1,0,148.62,0,141.84
,,,,,,,,3793,0,0,0,0,92.664,0,132.3,0,126.36
,,,,,,,,3794,0,0,0,0,84.708,0,120.96,0,115.44
,,,,,,,,3795,0,0,0,0,80.556,0,115.02,0,109.8
,,,,,,,,3796,0,0,0,0,78.084,0,111.48,0,106.44
,,,,,,,,3797,0,0,0,0,76.98,0,109.92,0,104.88
,,,,,,,,3798,0,0,0,0,78.756,0,112.44,0,107.28
,,,,,,,,3799,0,0,0,0,84.024,0,120,0,114.48
,,,,,,,,3800,0,0,0,0,97.104,0,138.66,0,132.36
,,,,,,,,3801,0,0,0,0,108.924,0,155.58,0,148.44
,,,,,,,,3802,0,0,0,0,114.996,0,164.22,0,156.84
,,,,,,,,3803,0,0,0,0,119.676,0,170.94,0,163.2
,,,,,,,,3804,0,0,0,0,123.936,0,177,0,168.96
,,,,,,,,3805,0,0,0,0,126.576,0,180.72,0,172.56
,,,,,,,,3806,0,0,0,0,127.608,0,182.22,0,173.88
,,,,,,,,3807,0,0,0,0,129.216,0,184.5,0,176.16
,,,,,,,,3808,0,0,0,0,129.18,0,184.5,0,176.16
,,,,,,,,3809,0,0,0,0,128.196,0,183.06,0,174.72
,,,,,,,,3810,0,0,0,0,127.344,0,181.8,0,173.64
,,,,,,,,3811,0,0,0,0,125.1,0,178.62,0,170.52
,,,,,,,,3812,0,0,0,0,121.404,0,173.4,0,165.48
,,,,,,,,3813,0,0,0,0,119.04,0,169.98,0,162.36
,,,,,,,,3814,0,0,0,0,120.072,0,171.48,0,163.68
,,,,,,,,3815,0,0,0,0,116.688,0,166.62,0,159.12
,,,,,,,,3816,0,0,0,0,106.812,0,152.52,0,145.56
,,,,,,,,3817,0,0,0,0,96.18,0,137.34,0,131.16
,,,,,,,,3818,0,0,0,0,88.02,0,125.64,0,119.88
,,,,,,,,3819,0,0,0,0,82.74,0,118.14,0,112.8
,,,,,,,,3820,0,0,0,0,79.812,0,113.94,0,108.84
,,,,,,,,3821,0,0,0,0,77.856,0,111.18,0,106.08
,,,,,,,,3822,0,0,0,0,77.496,0,110.64,0,105.6
,,,,,,,,3823,0,0,0,0,77.88,0,111.18,0,106.08
,,,,,,,,3824,0,0,0,0,83.208,0,118.8,0,113.4
,,,,,,,,3825,0,0,0,0,92.256,0,131.76,0,125.76
,,,,,,,,3826,0,0,0,0,101.748,0,145.26,0,138.72
,,,,,,,,3827,0,0,0,0,107.868,0,154.02,0,147.12
,,,,,,,,3828,0,0,0,0,111.288,0,158.94,0,151.68
,,,,,,,,3829,0,0,0,0,112.704,0,160.92,0,153.72
,,,,,,,,3830,0,0,0,0,112.8,0,161.04,0,153.84
,,,,,,,,3831,0,0,0,0,112.008,0,159.9,0,152.64
,,,,,,,,3832,0,0,0,0,111.288,0,158.94,0,151.68
,,,,,,,,3833,0,0,0,0,111.444,0,159.12,0,151.92
,,,,,,,,3834,0,0,0,0,112.632,0,160.8,0,153.6
,,,,,,,,3835,0,0,0,0,113.484,0,162.06,0,154.68
,,,,,,,,3836,0,0,0,0,112.68,0,160.92,0,153.6
,,,,,,,,3837,0,0,0,0,111.408,0,159.06,0,151.92
,,,,,,,,3838,0,0,0,0,113.016,0,161.4,0,154.08
,,,,,,,,3839,0,0,0,0,112.032,0,159.96,0,152.64
,,,,,,,,3840,0,0,0,0,104.244,0,148.86,0,142.08
,,,,,,,,3841,0,0,0,0,94.932,0,135.54,0,129.48
,,,,,,,,3842,0,0,0,0,86.832,0,123.96,0,118.32
,,,,,,,,3843,0,0,0,0,81.756,0,116.76,0,111.48
,,,,,,,,3844,0,0,0,0,78.6,0,112.26,0,107.16
,,,,,,,,3845,0,0,0,0,76.788,0,109.68,0,104.76
,,,,,,,,3846,0,0,0,0,75.948,0,108.48,0,103.56
,,,,,,,,3847,0,0,0,0,75.18,0,107.34,0,102.48
,,,,,,,,3848,0,0,0,0,78.6,0,112.26,0,107.16
,,,,,,,,3849,0,0,0,0,86.568,0,123.6,0,118.08
,,,,,,,,3850,0,0,0,0,96.42,0,137.7,0,131.4
,,,,,,,,3851,0,0,0,0,104.676,0,149.52,0,142.68
,,,,,,,,3852,0,0,0,0,110.292,0,157.5,0,150.36
,,,,,,,,3853,0,0,0,0,114,0,162.78,0,155.4
,,,,,,,,3854,0,0,0,0,116.244,0,165.96,0,158.52
,,,,,,,,3855,0,0,0,0,116.856,0,166.86,0,159.36
,,,,,,,,3856,0,0,0,0,117.264,0,167.46,0,159.84
,,,,,,,,3857,0,0,0,0,118.08,0,168.6,0,161.04
,,,,,,,,3858,0,0,0,0,119.664,0,170.94,0,163.08
,,,,,,,,3859,0,0,0,0,120.78,0,172.5,0,164.64
,,,,,,,,3860,0,0,0,0,120.012,0,171.36,0,163.56
,,,,,,,,3861,0,0,0,0,118.32,0,168.96,0,161.28
,,,,,,,,3862,0,0,0,0,119.256,0,170.34,0,162.6
,,,,,,,,3863,0,0,0,0,116.544,0,166.44,0,158.88
,,,,,,,,3864,0,0,0,0,105.396,0,150.54,0,143.64
,,,,,,,,3865,0,0,0,0,94.224,0,134.58,0,128.4
,,,,,,,,3866,0,0,0,0,86.376,0,123.36,0,117.72
,,,,,,,,3867,0,0,0,0,81.84,0,116.88,0,111.48
,,,,,,,,3868,0,0,0,0,79.584,0,113.64,0,108.48
,,,,,,,,3869,0,0,0,0,78.9,0,112.68,0,107.52
,,,,,,,,3870,0,0,0,0,80.652,0,115.2,0,109.92
,,,,,,,,3871,0,0,0,0,86.436,0,123.48,0,117.84
,,,,,,,,3872,0,0,0,0,100.176,0,143.04,0,136.56
,,,,,,,,3873,0,0,0,0,112.548,0,160.74,0,153.36
,,,,,,,,3874,0,0,0,0,119.208,0,170.22,0,162.48
,,,,,,,,3875,0,0,0,0,123.864,0,176.88,0,168.84
,,,,,,,,3876,0,0,0,0,127.476,0,182.04,0,173.88
,,,,,,,,3877,0,0,0,0,129.708,0,185.22,0,176.88
,,,,,,,,3878,0,0,0,0,130.932,0,186.96,0,178.56
,,,,,,,,3879,0,0,0,0,132.12,0,188.7,0,180.12
,,,,,,,,3880,0,0,0,0,132.132,0,188.76,0,180.12
,,,,,,,,3881,0,0,0,0,132.216,0,188.82,0,180.24
,,,,,,,,3882,0,0,0,0,132.36,0,189,0,180.48
,,,,,,,,3883,0,0,0,0,131.208,0,187.38,0,178.8
,,,,,,,,3884,0,0,0,0,127.596,0,182.22,0,173.88
,,,,,,,,3885,0,0,0,0,124.656,0,178.02,0,169.92
,,,,,,,,3886,0,0,0,0,125.256,0,178.86,0,170.76
,,,,,,,,3887,0,0,0,0,120.576,0,172.2,0,164.4
,,,,,,,,3888,0,0,0,0,108,0,154.2,0,147.24
,,,,,,,,3889,0,0,0,0,95.892,0,136.92,0,130.8
,,,,,,,,3890,0,0,0,0,88.056,0,125.76,0,120
,,,,,,,,3891,0,0,0,0,83.256,0,118.92,0,113.52
,,,,,,,,3892,0,0,0,0,81.012,0,115.68,0,110.4
,,,,,,,,3893,0,0,0,0,80.112,0,114.42,0,109.2
,,,,,,,,3894,0,0,0,0,82.08,0,117.18,0,111.96
,,,,,,,,3895,0,0,0,0,87.6,0,125.1,0,119.4
,,,,,,,,3896,0,0,0,0,101.448,0,144.84,0,138.24
,,,,,,,,3897,0,0,0,0,113.628,0,162.24,0,154.92
,,,,,,,,3898,0,0,0,0,120.072,0,171.48,0,163.68
,,,,,,,,3899,0,0,0,0,124.092,0,177.24,0,169.2
,,,,,,,,3900,0,0,0,0,127.512,0,182.1,0,173.88
,,,,,,,,3901,0,0,0,0,129.36,0,184.74,0,176.28
,,,,,,,,3902,0,0,0,0,130.188,0,185.94,0,177.48
,,,,,,,,3903,0,0,0,0,131.724,0,188.1,0,179.52
,,,,,,,,3904,0,0,0,0,131.4,0,187.62,0,179.16
,,,,,,,,3905,0,0,0,0,130.704,0,186.66,0,178.08
,,,,,,,,3906,0,0,0,0,130.416,0,186.24,0,177.84
,,,,,,,,3907,0,0,0,0,129.204,0,184.5,0,176.16
,,,,,,,,3908,0,0,0,0,126.6,0,180.78,0,172.68
,,,,,,,,3909,0,0,0,0,124.968,0,178.44,0,170.28
,,,,,,,,3910,0,0,0,0,125.736,0,179.52,0,171.36
,,,,,,,,3911,0,0,0,0,120.216,0,171.66,0,163.92
,,,,,,,,3912,0,0,0,0,108.348,0,154.74,0,147.72
,,,,,,,,3913,0,0,0,0,97.044,0,138.54,0,132.24
,,,,,,,,3914,0,0,0,0,89.496,0,127.8,0,122.04
,,,,,,,,3915,0,0,0,0,85.212,0,121.68,0,116.16
,,,,,,,,3916,0,0,0,0,82.896,0,118.38,0,113.04
,,,,,,,,3917,0,0,0,0,82.152,0,117.3,0,112.08
,,,,,,,,3918,0,0,0,0,83.784,0,119.64,0,114.24
,,,,,,,,3919,0,0,0,0,90.228,0,128.88,0,123
,,,,,,,,3920,0,0,0,0,103.476,0,147.78,0,141.12
,,,,,,,,3921,0,0,0,0,115.872,0,165.48,0,158.04
,,,,,,,,3922,0,0,0,0,121.716,0,173.82,0,165.96
,,,,,,,,3923,0,0,0,0,125.052,0,178.56,0,170.52
,,,,,,,,3924,0,0,0,0,127.632,0,182.22,0,174
,,,,,,,,3925,0,0,0,0,128.784,0,183.9,0,175.56
,,,,,,,,3926,0,0,0,0,128.616,0,183.66,0,175.32
,,,,,,,,3927,0,0,0,0,128.88,0,184.02,0,175.68
,,,,,,,,3928,0,0,0,0,127.908,0,182.64,0,174.36
,,,,,,,,3929,0,0,0,0,126.936,0,181.26,0,173.04
,,,,,,,,3930,0,0,0,0,127.188,0,181.62,0,173.4
,,,,,,,,3931,0,0,0,0,127.092,0,181.5,0,173.28
,,,,,,,,3932,0,0,0,0,125.16,0,178.74,0,170.64
,,,,,,,,3933,0,0,0,0,123.24,0,175.98,0,168
,,,,,,,,3934,0,0,0,0,123.48,0,176.34,0,168.36
,,,,,,,,3935,0,0,0,0,119.688,0,170.94,0,163.2
,,,,,,,,3936,0,0,0,0,108.228,0,154.56,0,147.6
,,,,,,,,3937,0,0,0,0,96.696,0,138.06,0,131.88
,,,,,,,,3938,0,0,0,0,88.704,0,126.66,0,120.96
,,,,,,,,3939,0,0,0,0,84.048,0,120,0,114.48
,,,,,,,,3940,0,0,0,0,81.144,0,115.86,0,110.64
,,,,,,,,3941,0,0,0,0,80.244,0,114.6,0,109.44
,,,,,,,,3942,0,0,0,0,81.768,0,116.76,0,111.48
,,,,,,,,3943,0,0,0,0,87.492,0,124.92,0,119.28
,,,,,,,,3944,0,0,0,0,100.608,0,143.64,0,137.16
,,,,,,,,3945,0,0,0,0,112.728,0,160.98,0,153.72
,,,,,,,,3946,0,0,0,0,119.016,0,169.98,0,162.36
,,,,,,,,3947,0,0,0,0,122.664,0,175.2,0,167.16
,,,,,,,,3948,0,0,0,0,125.616,0,179.4,0,171.24
,,,,,,,,3949,0,0,0,0,126.888,0,181.2,0,173.04
,,,,,,,,3950,0,0,0,0,127.344,0,181.8,0,173.64
,,,,,,,,3951,0,0,0,0,128.328,0,183.3,0,174.96
,,,,,,,,3952,0,0,0,0,128.652,0,183.72,0,175.44
,,,,,,,,3953,0,0,0,0,128.784,0,183.9,0,175.56
,,,,,,,,3954,0,0,0,0,128.964,0,184.2,0,175.8
,,,,,,,,3955,0,0,0,0,128.004,0,182.76,0,174.48
,,,,,,,,3956,0,0,0,0,125.004,0,178.5,0,170.4
,,,,,,,,3957,0,0,0,0,122.16,0,174.42,0,166.56
,,,,,,,,3958,0,0,0,0,122.472,0,174.9,0,166.92
,,,,,,,,3959,0,0,0,0,119.892,0,171.24,0,163.56
,,,,,,,,3960,0,0,0,0,108.216,0,154.5,0,147.6
,,,,,,,,3961,0,0,0,0,96.252,0,137.46,0,131.28
,,,,,,,,3962,0,0,0,0,87.828,0,125.4,0,119.76
,,,,,,,,3963,0,0,0,0,82.548,0,117.9,0,112.56
,,,,,,,,3964,0,0,0,0,79.764,0,113.88,0,108.72
,,,,,,,,3965,0,0,0,0,78.756,0,112.44,0,107.28
,,,,,,,,3966,0,0,0,0,80.064,0,114.36,0,109.08
,,,,,,,,3967,0,0,0,0,84.648,0,120.84,0,115.44
,,,,,,,,3968,0,0,0,0,97.392,0,139.08,0,132.72
,,,,,,,,3969,0,0,0,0,109.716,0,156.66,0,149.64
,,,,,,,,3970,0,0,0,0,117.204,0,167.4,0,159.84
,,,,,,,,3971,0,0,0,0,122.112,0,174.36,0,166.56
,,,,,,,,3972,0,0,0,0,125.808,0,179.64,0,171.48
,,,,,,,,3973,0,0,0,0,127.572,0,182.16,0,173.88
,,,,,,,,3974,0,0,0,0,128.1,0,182.94,0,174.6
,,,,,,,,3975,0,0,0,0,129.144,0,184.44,0,176.04
,,,,,,,,3976,0,0,0,0,129.144,0,184.44,0,176.04
,,,,,,,,3977,0,0,0,0,128.832,0,183.96,0,175.68
,,,,,,,,3978,0,0,0,0,128.532,0,183.54,0,175.2
,,,,,,,,3979,0,0,0,0,126.66,0,180.9,0,172.68
,,,,,,,,3980,0,0,0,0,122.736,0,175.26,0,167.28
,,,,,,,,3981,0,0,0,0,119.004,0,169.98,0,162.24
,,,,,,,,3982,0,0,0,0,118.356,0,169.02,0,161.4
,,,,,,,,3983,0,0,0,0,116.16,0,165.9,0,158.4
,,,,,,,,3984,0,0,0,0,106.26,0,151.74,0,144.84
,,,,,,,,3985,0,0,0,0,95.316,0,136.14,0,129.96
,,,,,,,,3986,0,0,0,0,86.772,0,123.9,0,118.2
,,,,,,,,3987,0,0,0,0,81.612,0,116.58,0,111.24
,,,,,,,,3988,0,0,0,0,78.732,0,112.38,0,107.28
,,,,,,,,3989,0,0,0,0,77.124,0,110.1,0,105.12
,,,,,,,,3990,0,0,0,0,76.74,0,109.56,0,104.64
,,,,,,,,3991,0,0,0,0,76.836,0,109.68,0,104.76
,,,,,,,,3992,0,0,0,0,82.14,0,117.3,0,111.96
,,,,,,,,3993,0,0,0,0,91.356,0,130.44,0,124.56
,,,,,,,,3994,0,0,0,0,101.22,0,144.54,0,138
,,,,,,,,3995,0,0,0,0,107.928,0,154.14,0,147.12
,,,,,,,,3996,0,0,0,0,111.528,0,159.3,0,152.04
,,,,,,,,3997,0,0,0,0,112.836,0,161.1,0,153.84
,,,,,,,,3998,0,0,0,0,112.812,0,161.1,0,153.84
,,,,,,,,3999,0,0,0,0,111.792,0,159.66,0,152.4
,,,,,,,,4000,0,0,0,0,110.868,0,158.34,0,151.08
,,,,,,,,4001,0,0,0,0,110.628,0,157.98,0,150.84
,,,,,,,,4002,0,0,0,0,110.976,0,158.46,0,151.32
,,,,,,,,4003,0,0,0,0,111.24,0,158.88,0,151.68
,,,,,,,,4004,0,0,0,0,109.884,0,156.9,0,149.76
,,,,,,,,4005,0,0,0,0,107.82,0,153.96,0,147
,,,,,,,,4006,0,0,0,0,108.612,0,155.1,0,148.08
,,,,,,,,4007,0,0,0,0,107.424,0,153.42,0,146.52
,,,,,,,,4008,0,0,0,0,99.792,0,142.5,0,136.08
,,,,,,,,4009,0,0,0,0,90.48,0,129.24,0,123.36
,,,,,,,,4010,0,0,0,0,83.184,0,118.8,0,113.4
,,,,,,,,4011,0,0,0,0,78.6,0,112.26,0,107.16
,,,,,,,,4012,0,0,0,0,75.864,0,108.36,0,103.44
,,,,,,,,4013,0,0,0,0,74.256,0,106.08,0,101.16
,,,,,,,,4014,0,0,0,0,73.932,0,105.54,0,100.8
,,,,,,,,4015,0,0,0,0,73.344,0,104.7,0,99.96
,,,,,,,,4016,0,0,0,0,76.152,0,108.78,0,103.8
,,,,,,,,4017,0,0,0,0,83.004,0,118.56,0,113.16
,,,,,,,,4018,0,0,0,0,91.728,0,130.98,0,125.04
,,,,,,,,4019,0,0,0,0,98.388,0,140.52,0,134.16
,,,,,,,,4020,0,0,0,0,102.468,0,146.34,0,139.68
,,,,,,,,4021,0,0,0,0,104.808,0,149.64,0,142.92
,,,,,,,,4022,0,0,0,0,105.792,0,151.08,0,144.24
,,,,,,,,4023,0,0,0,0,105.252,0,150.3,0,143.52
,,,,,,,,4024,0,0,0,0,104.928,0,149.82,0,143.04
,,,,,,,,4025,0,0,0,0,105.252,0,150.3,0,143.52
,,,,,,,,4026,0,0,0,0,106.488,0,152.1,0,145.2
,,,,,,,,4027,0,0,0,0,107.784,0,153.9,0,147
,,,,,,,,4028,0,0,0,0,107.508,0,153.54,0,146.64
,,,,,,,,4029,0,0,0,0,106.656,0,152.34,0,145.44
,,,,,,,,4030,0,0,0,0,108.816,0,155.4,0,148.32
,,,,,,,,4031,0,0,0,0,107.46,0,153.48,0,146.52
,,,,,,,,4032,0,0,0,0,98.172,0,140.22,0,133.92
,,,,,,,,4033,0,0,0,0,88.236,0,126,0,120.24
,,,,,,,,4034,0,0,0,0,81.372,0,116.22,0,110.88
,,,,,,,,4035,0,0,0,0,77.364,0,110.46,0,105.36
,,,,,,,,4036,0,0,0,0,75.708,0,108.12,0,103.2
,,,,,,,,4037,0,0,0,0,75.372,0,107.58,0,102.72
,,,,,,,,4038,0,0,0,0,77.496,0,110.64,0,105.6
,,,,,,,,4039,0,0,0,0,83.232,0,118.86,0,113.4
,,,,,,,,4040,0,0,0,0,95.256,0,136.08,0,129.84
,,,,,,,,4041,0,0,0,0,107.328,0,153.3,0,146.28
,,,,,,,,4042,0,0,0,0,114.42,0,163.38,0,156
,,,,,,,,4043,0,0,0,0,119.016,0,169.98,0,162.36
,,,,,,,,4044,0,0,0,0,122.724,0,175.26,0,167.28
,,,,,,,,4045,0,0,0,0,124.668,0,178.02,0,169.92
,,,,,,,,4046,0,0,0,0,125.04,0,178.56,0,170.4
,,,,,,,,4047,0,0,0,0,126.768,0,181.02,0,172.8
,,,,,,,,4048,0,0,0,0,126.216,0,180.24,0,172.08
,,,,,,,,4049,0,0,0,0,125.928,0,179.82,0,171.72
,,,,,,,,4050,0,0,0,0,126.132,0,180.12,0,171.96
,,,,,,,,4051,0,0,0,0,125.4,0,179.1,0,170.88
,,,,,,,,4052,0,0,0,0,122.844,0,175.44,0,167.52
,,,,,,,,4053,0,0,0,0,120.372,0,171.9,0,164.16
,,,,,,,,4054,0,0,0,0,120.744,0,172.44,0,164.64
,,,,,,,,4055,0,0,0,0,117.276,0,167.46,0,159.84
,,,,,,,,4056,0,0,0,0,105.396,0,150.54,0,143.64
,,,,,,,,4057,0,0,0,0,93.9,0,134.1,0,128.04
,,,,,,,,4058,0,0,0,0,86.244,0,123.18,0,117.48
,,,,,,,,4059,0,0,0,0,81.612,0,116.58,0,111.24
,,,,,,,,4060,0,0,0,0,79.188,0,113.1,0,107.88
,,,,,,,,4061,0,0,0,0,78.228,0,111.72,0,106.56
,,,,,,,,4062,0,0,0,0,80.028,0,114.3,0,109.08
,,,,,,,,4063,0,0,0,0,85.26,0,121.74,0,116.28
,,,,,,,,4064,0,0,0,0,97.668,0,139.44,0,133.2
,,,,,,,,4065,0,0,0,0,110.208,0,157.38,0,150.24
,,,,,,,,4066,0,0,0,0,117.348,0,167.58,0,159.96
,,,,,,,,4067,0,0,0,0,121.776,0,173.94,0,165.96
,,,,,,,,4068,0,0,0,0,125.52,0,179.22,0,171.12
,,,,,,,,4069,0,0,0,0,128.1,0,182.94,0,174.6
,,,,,,,,4070,0,0,0,0,129.312,0,184.68,0,176.28
,,,,,,,,4071,0,0,0,0,130.932,0,186.96,0,178.56
,,,,,,,,4072,0,0,0,0,131.124,0,187.26,0,178.68
,,,,,,,,4073,0,0,0,0,130.644,0,186.6,0,178.08
,,,,,,,,4074,0,0,0,0,130.68,0,186.66,0,178.08
,,,,,,,,4075,0,0,0,0,130.308,0,186.06,0,177.6
,,,,,,,,4076,0,0,0,0,128.34,0,183.3,0,174.96
,,,,,,,,4077,0,0,0,0,126.816,0,181.14,0,172.92
,,,,,,,,4078,0,0,0,0,128.46,0,183.42,0,175.08
,,,,,,,,4079,0,0,0,0,125.856,0,179.7,0,171.6
,,,,,,,,4080,0,0,0,0,114.54,0,163.56,0,156.24
,,,,,,,,4081,0,0,0,0,102.612,0,146.52,0,139.92
,,,,,,,,4082,0,0,0,0,94.152,0,134.46,0,128.4
,,,,,,,,4083,0,0,0,0,89.136,0,127.26,0,121.56
,,,,,,,,4084,0,0,0,0,86.484,0,123.48,0,117.96
,,,,,,,,4085,0,0,0,0,85.368,0,121.92,0,116.28
,,,,,,,,4086,0,0,0,0,87.012,0,124.26,0,118.68
,,,,,,,,4087,0,0,0,0,92.532,0,132.18,0,126.12
,,,,,,,,4088,0,0,0,0,106.524,0,152.1,0,145.2
,,,,,,,,4089,0,0,0,0,122.904,0,175.5,0,167.52
,,,,,,,,4090,0,0,0,0,135.96,0,194.16,0,185.4
,,,,,,,,4091,0,0,0,0,147.876,0,211.2,0,201.6
,,,,,,,,4092,0,0,0,0,159.252,0,227.46,0,217.08
,,,,,,,,4093,0,0,0,0,168.216,0,240.18,0,229.32
,,,,,,,,4094,0,0,0,0,174.972,0,249.84,0,238.56
,,,,,,,,4095,0,0,0,0,181.116,0,258.66,0,246.96
,,,,,,,,4096,0,0,0,0,185.364,0,264.72,0,252.72
,,,,,,,,4097,0,0,0,0,188.484,0,269.16,0,256.92
,,,,,,,,4098,0,0,0,0,190.908,0,272.58,0,260.28
,,,,,,,,4099,0,0,0,0,191.112,0,272.88,0,260.52
,,,,,,,,4100,0,0,0,0,188.4,0,269.04,0,256.8
,,,,,,,,4101,0,0,0,0,184.308,0,263.22,0,251.4
,,,,,,,,4102,0,0,0,0,182.076,0,259.98,0,248.28
,,,,,,,,4103,0,0,0,0,177.204,0,253.02,0,241.68
,,,,,,,,4104,0,0,0,0,161.22,0,230.22,0,219.84
,,,,,,,,4105,0,0,0,0,145.032,0,207.06,0,197.76
,,,,,,,,4106,0,0,0,0,132.456,0,189.12,0,180.6
,,,,,,,,4107,0,0,0,0,124.596,0,177.9,0,169.92
,,,,,,,,4108,0,0,0,0,119.22,0,170.22,0,162.48
,,,,,,,,4109,0,0,0,0,115.668,0,165.18,0,157.68
,,,,,,,,4110,0,0,0,0,115.104,0,164.4,0,156.96
,,,,,,,,4111,0,0,0,0,118.584,0,169.38,0,161.76
,,,,,,,,4112,0,0,0,0,132.228,0,188.82,0,180.24
,,,,,,,,4113,0,0,0,0,148.584,0,212.16,0,202.56
,,,,,,,,4114,0,0,0,0,161.844,0,231.12,0,220.68
,,,,,,,,4115,0,0,0,0,172.884,0,246.9,0,235.68
,,,,,,,,4116,0,0,0,0,182.016,0,259.92,0,248.16
,,,,,,,,4117,0,0,0,0,188.508,0,269.22,0,257.04
,,,,,,,,4118,0,0,0,0,192.492,0,274.86,0,262.44
,,,,,,,,4119,0,0,0,0,195.72,0,279.48,0,266.88
,,,,,,,,4120,0,0,0,0,197.484,0,282,0,269.28
,,,,,,,,4121,0,0,0,0,198.444,0,283.44,0,270.6
,,,,,,,,4122,0,0,0,0,199.032,0,284.22,0,271.44
,,,,,,,,4123,0,0,0,0,197.4,0,281.88,0,269.16
,,,,,,,,4124,0,0,0,0,193.608,0,276.48,0,264
,,,,,,,,4125,0,0,0,0,187.992,0,268.44,0,256.32
,,,,,,,,4126,0,0,0,0,184.392,0,263.28,0,251.4
,,,,,,,,4127,0,0,0,0,178.344,0,254.64,0,243.12
,,,,,,,,4128,0,0,0,0,161.88,0,231.12,0,220.68
,,,,,,,,4129,0,0,0,0,145.248,0,207.42,0,198.12
,,,,,,,,4130,0,0,0,0,132.552,0,189.3,0,180.72
,,,,,,,,4131,0,0,0,0,124.188,0,177.3,0,169.32
,,,,,,,,4132,0,0,0,0,118.524,0,169.2,0,161.64
,,,,,,,,4133,0,0,0,0,114.888,0,164.1,0,156.6
,,,,,,,,4134,0,0,0,0,114.732,0,163.8,0,156.36
,,,,,,,,4135,0,0,0,0,118.08,0,168.6,0,161.04
,,,,,,,,4136,0,0,0,0,130.86,0,186.9,0,178.44
,,,,,,,,4137,0,0,0,0,146.88,0,209.76,0,200.28
,,,,,,,,4138,0,0,0,0,160.128,0,228.72,0,218.28
,,,,,,,,4139,0,0,0,0,171.24,0,244.56,0,233.52
,,,,,,,,4140,0,0,0,0,180.36,0,257.58,0,246
,,,,,,,,4141,0,0,0,0,187.62,0,267.9,0,255.84
,,,,,,,,4142,0,0,0,0,192.408,0,274.74,0,262.32
,,,,,,,,4143,0,0,0,0,195.168,0,278.64,0,266.04
,,,,,,,,4144,0,0,0,0,194.628,0,277.92,0,265.44
,,,,,,,,4145,0,0,0,0,192.06,0,274.2,0,261.84
,,,,,,,,4146,0,0,0,0,186.012,0,265.62,0,253.68
,,,,,,,,4147,0,0,0,0,178.02,0,254.22,0,242.76
,,,,,,,,4148,0,0,0,0,168.3,0,240.3,0,229.56
,,,,,,,,4149,0,0,0,0,160.416,0,229.02,0,218.76
,,,,,,,,4150,0,0,0,0,156.78,0,223.86,0,213.84
,,,,,,,,4151,0,0,0,0,150.876,0,215.46,0,205.68
,,,,,,,,4152,0,0,0,0,138.744,0,198.06,0,189.12
,,,,,,,,4153,0,0,0,0,125.604,0,179.4,0,171.24
,,,,,,,,4154,0,0,0,0,114.996,0,164.22,0,156.84
,,,,,,,,4155,0,0,0,0,108.384,0,154.8,0,147.84
,,,,,,,,4156,0,0,0,0,103.764,0,148.14,0,141.48
,,,,,,,,4157,0,0,0,0,100.908,0,144.06,0,137.52
,,,,,,,,4158,0,0,0,0,100.008,0,142.8,0,136.32
,,,,,,,,4159,0,0,0,0,100.488,0,143.46,0,136.92
,,,,,,,,4160,0,0,0,0,104.112,0,148.68,0,141.84
,,,,,,,,4161,0,0,0,0,111.228,0,158.82,0,151.56
,,,,,,,,4162,0,0,0,0,120.804,0,172.5,0,164.76
,,,,,,,,4163,0,0,0,0,129.54,0,184.98,0,176.64
,,,,,,,,4164,0,0,0,0,137.124,0,195.84,0,186.96
,,,,,,,,4165,0,0,0,0,142.74,0,203.82,0,194.52
,,,,,,,,4166,0,0,0,0,146.196,0,208.74,0,199.32
,,,,,,,,4167,0,0,0,0,147.78,0,211.02,0,201.48
,,,,,,,,4168,0,0,0,0,148.788,0,212.46,0,202.92
,,,,,,,,4169,0,0,0,0,149.172,0,213.06,0,203.4
,,,,,,,,4170,0,0,0,0,147.924,0,211.26,0,201.72
,,,,,,,,4171,0,0,0,0,143.328,0,204.66,0,195.36
,,,,,,,,4172,0,0,0,0,136.548,0,195,0,186.12
,,,,,,,,4173,0,0,0,0,130.536,0,186.42,0,177.96
,,,,,,,,4174,0,0,0,0,127.38,0,181.86,0,173.64
,,,,,,,,4175,0,0,0,0,124.368,0,177.6,0,169.56
,,,,,,,,4176,0,0,0,0,115.428,0,164.82,0,157.44
,,,,,,,,4177,0,0,0,0,105.048,0,150,0,143.16
,,,,,,,,4178,0,0,0,0,96.936,0,138.42,0,132.12
,,,,,,,,4179,0,0,0,0,90.984,0,129.9,0,124.08
,,,,,,,,4180,0,0,0,0,87.144,0,124.44,0,118.8
,,,,,,,,4181,0,0,0,0,84.816,0,121.08,0,115.68
,,,,,,,,4182,0,0,0,0,83.808,0,119.64,0,114.24
,,,,,,,,4183,0,0,0,0,82.596,0,117.96,0,112.68
,,,,,,,,4184,0,0,0,0,86.196,0,123.12,0,117.48
,,,,,,,,4185,0,0,0,0,94.368,0,134.76,0,128.64
,,,,,,,,4186,0,0,0,0,104.484,0,149.22,0,142.44
,,,,,,,,4187,0,0,0,0,113.328,0,161.82,0,154.56
,,,,,,,,4188,0,0,0,0,119.688,0,170.94,0,163.2
,,,,,,,,4189,0,0,0,0,124.092,0,177.18,0,169.2
,,,,,,,,4190,0,0,0,0,126.9,0,181.2,0,173.04
,,,,,,,,4191,0,0,0,0,128.748,0,183.84,0,175.56
,,,,,,,,4192,0,0,0,0,130.764,0,186.72,0,178.2
,,,,,,,,4193,0,0,0,0,132.828,0,189.66,0,181.08
,,,,,,,,4194,0,0,0,0,134.676,0,192.3,0,183.6
,,,,,,,,4195,0,0,0,0,134.724,0,192.36,0,183.6
,,,,,,,,4196,0,0,0,0,133.356,0,190.44,0,181.8
,,,,,,,,4197,0,0,0,0,131.076,0,187.2,0,178.68
,,,,,,,,4198,0,0,0,0,132.024,0,188.52,0,180
,,,,,,,,4199,0,0,0,0,130.188,0,185.88,0,177.48
,,,,,,,,4200,0,0,0,0,120.024,0,171.42,0,163.56
,,,,,,,,4201,0,0,0,0,108.78,0,155.34,0,148.32
,,,,,,,,4202,0,0,0,0,100.224,0,143.1,0,136.68
,,,,,,,,4203,0,0,0,0,95.028,0,135.72,0,129.6
,,,,,,,,4204,0,0,0,0,92.076,0,131.52,0,125.52
,,,,,,,,4205,0,0,0,0,91.044,0,130.02,0,124.2
,,,,,,,,4206,0,0,0,0,92.616,0,132.24,0,126.24
,,,,,,,,4207,0,0,0,0,97.776,0,139.62,0,133.2
,,,,,,,,4208,0,0,0,0,109.536,0,156.42,0,149.28
,,,,,,,,4209,0,0,0,0,122.604,0,175.08,0,167.16
,,,,,,,,4210,0,0,0,0,130.116,0,185.76,0,177.48
,,,,,,,,4211,0,0,0,0,134.244,0,191.7,0,183
,,,,,,,,4212,0,0,0,0,137.232,0,195.96,0,187.08
,,,,,,,,4213,0,0,0,0,137.796,0,196.8,0,187.8
,,,,,,,,4214,0,0,0,0,137.268,0,196.02,0,187.2
,,,,,,,,4215,0,0,0,0,136.836,0,195.36,0,186.6
,,,,,,,,4216,0,0,0,0,136.284,0,194.64,0,185.88
,,,,,,,,4217,0,0,0,0,135.984,0,194.16,0,185.4
,,,,,,,,4218,0,0,0,0,135.144,0,192.96,0,184.2
,,,,,,,,4219,0,0,0,0,134.244,0,191.7,0,183
,,,,,,,,4220,0,0,0,0,131.436,0,187.68,0,179.28
,,,,,,,,4221,0,0,0,0,128.148,0,183,0,174.72
,,,,,,,,4222,0,0,0,0,127.596,0,182.16,0,173.88
,,,,,,,,4223,0,0,0,0,123.228,0,175.98,0,168
,,,,,,,,4224,0,0,0,0,111.528,0,159.3,0,152.04
,,,,,,,,4225,0,0,0,0,99.948,0,142.74,0,136.32
,,,,,,,,4226,0,0,0,0,91.752,0,131.04,0,125.04
,,,,,,,,4227,0,0,0,0,86.784,0,123.9,0,118.32
,,,,,,,,4228,0,0,0,0,84.06,0,120.06,0,114.6
,,,,,,,,4229,0,0,0,0,82.728,0,118.08,0,112.68
,,,,,,,,4230,0,0,0,0,83.94,0,119.88,0,114.48
,,,,,,,,4231,0,0,0,0,88.416,0,126.24,0,120.48
,,,,,,,,4232,0,0,0,0,99.288,0,141.78,0,135.36
,,,,,,,,4233,0,0,0,0,110.82,0,158.28,0,151.08
,,,,,,,,4234,0,0,0,0,118.032,0,168.6,0,160.92
,,,,,,,,4235,0,0,0,0,122.688,0,175.2,0,167.28
,,,,,,,,4236,0,0,0,0,127.116,0,181.5,0,173.28
,,,,,,,,4237,0,0,0,0,129.516,0,184.92,0,176.52
,,,,,,,,4238,0,0,0,0,130.656,0,186.6,0,178.08
,,,,,,,,4239,0,0,0,0,131.328,0,187.56,0,179.04
,,,,,,,,4240,0,0,0,0,130.932,0,186.9,0,178.56
,,,,,,,,4241,0,0,0,0,129.636,0,185.1,0,176.76
,,,,,,,,4242,0,0,0,0,128.964,0,184.2,0,175.8
,,,,,,,,4243,0,0,0,0,127.884,0,182.64,0,174.36
,,,,,,,,4244,0,0,0,0,125.016,0,178.5,0,170.4
,,,,,,,,4245,0,0,0,0,122.208,0,174.54,0,166.56
,,,,,,,,4246,0,0,0,0,122.232,0,174.54,0,166.56
,,,,,,,,4247,0,0,0,0,118.476,0,169.2,0,161.52
,,,,,,,,4248,0,0,0,0,107.7,0,153.78,0,146.76
,,,,,,,,4249,0,0,0,0,96.348,0,137.58,0,131.4
,,,,,,,,4250,0,0,0,0,88.668,0,126.6,0,120.84
,,,,,,,,4251,0,0,0,0,83.964,0,119.88,0,114.48
,,,,,,,,4252,0,0,0,0,81.156,0,115.92,0,110.64
,,,,,,,,4253,0,0,0,0,80.4,0,114.78,0,109.56
,,,,,,,,4254,0,0,0,0,81.816,0,116.88,0,111.48
,,,,,,,,4255,0,0,0,0,86.784,0,123.9,0,118.32
,,,,,,,,4256,0,0,0,0,97.776,0,139.62,0,133.2
,,,,,,,,4257,0,0,0,0,109.752,0,156.72,0,149.64
,,,,,,,,4258,0,0,0,0,117.468,0,167.7,0,160.08
,,,,,,,,4259,0,0,0,0,122.844,0,175.44,0,167.52
,,,,,,,,4260,0,0,0,0,127.536,0,182.1,0,173.88
,,,,,,,,4261,0,0,0,0,130.452,0,186.3,0,177.84
,,,,,,,,4262,0,0,0,0,132,0,188.46,0,179.88
,,,,,,,,4263,0,0,0,0,133.92,0,191.22,0,182.52
,,,,,,,,4264,0,0,0,0,134.568,0,192.18,0,183.48
,,,,,,,,4265,0,0,0,0,134.4,0,191.94,0,183.24
,,,,,,,,4266,0,0,0,0,134.22,0,191.7,0,183
,,,,,,,,4267,0,0,0,0,133.212,0,190.2,0,181.68
,,,,,,,,4268,0,0,0,0,130.344,0,186.12,0,177.72
,,,,,,,,4269,0,0,0,0,127.572,0,182.16,0,173.88
,,,,,,,,4270,0,0,0,0,127.272,0,181.74,0,173.52
,,,,,,,,4271,0,0,0,0,124.296,0,177.48,0,169.44
,,,,,,,,4272,0,0,0,0,113.184,0,161.64,0,154.32
,,,,,,,,4273,0,0,0,0,101.568,0,145.02,0,138.48
,,,,,,,,4274,0,0,0,0,93.024,0,132.84,0,126.84
,,,,,,,,4275,0,0,0,0,87.864,0,125.46,0,119.76
,,,,,,,,4276,0,0,0,0,84.852,0,121.14,0,115.68
,,,,,,,,4277,0,0,0,0,83.28,0,118.92,0,113.52
,,,,,,,,4278,0,0,0,0,84.552,0,120.78,0,115.2
,,,,,,,,4279,0,0,0,0,89.304,0,127.5,0,121.68
,,,,,,,,4280,0,0,0,0,100.728,0,143.82,0,137.28
,,,,,,,,4281,0,0,0,0,114.336,0,163.26,0,155.88
,,,,,,,,4282,0,0,0,0,123.9,0,176.94,0,168.96
,,,,,,,,4283,0,0,0,0,130.836,0,186.84,0,178.32
,,,,,,,,4284,0,0,0,0,137.016,0,195.66,0,186.84
,,,,,,,,4285,0,0,0,0,141.456,0,201.96,0,192.84
,,,,,,,,4286,0,0,0,0,144.612,0,206.52,0,197.16
,,,,,,,,4287,0,0,0,0,147.312,0,210.36,0,200.88
,,,,,,,,4288,0,0,0,0,149.952,0,214.14,0,204.48
,,,,,,,,4289,0,0,0,0,151.704,0,216.66,0,206.88
,,,,,,,,4290,0,0,0,0,153.828,0,219.66,0,209.64
,,,,,,,,4291,0,0,0,0,154.044,0,220.02,0,210
,,,,,,,,4292,0,0,0,0,151.164,0,215.88,0,206.04
,,,,,,,,4293,0,0,0,0,146.604,0,209.34,0,199.92
,,,,,,,,4294,0,0,0,0,145.116,0,207.24,0,197.88
,,,,,,,,4295,0,0,0,0,141.576,0,202.2,0,193.08
,,,,,,,,4296,0,0,0,0,128.844,0,183.96,0,175.68
,,,,,,,,4297,0,0,0,0,115.128,0,164.4,0,156.96
,,,,,,,,4298,0,0,0,0,104.712,0,149.52,0,142.8
,,,,,,,,4299,0,0,0,0,98.292,0,140.34,0,133.92
,,,,,,,,4300,0,0,0,0,94.5,0,134.94,0,128.88
,,,,,,,,4301,0,0,0,0,92.772,0,132.48,0,126.48
,,,,,,,,4302,0,0,0,0,93.864,0,134.04,0,127.92
,,,,,,,,4303,0,0,0,0,98.928,0,141.24,0,134.88
,,,,,,,,4304,0,0,0,0,109.74,0,156.72,0,149.64
,,,,,,,,4305,0,0,0,0,122.904,0,175.5,0,167.52
,,,,,,,,4306,0,0,0,0,131.496,0,187.8,0,179.28
,,,,,,,,4307,0,0,0,0,137.448,0,196.26,0,187.32
,,,,,,,,4308,0,0,0,0,143.796,0,205.32,0,196.08
,,,,,,,,4309,0,0,0,0,150.804,0,215.4,0,205.56
,,,,,,,,4310,0,0,0,0,157.8,0,225.42,0,215.16
,,,,,,,,4311,0,0,0,0,165.36,0,236.16,0,225.36
,,,,,,,,4312,0,0,0,0,171.252,0,244.56,0,233.52
,,,,,,,,4313,0,0,0,0,174.672,0,249.48,0,238.08
,,,,,,,,4314,0,0,0,0,177.456,0,253.38,0,241.92
,,,,,,,,4315,0,0,0,0,177.516,0,253.5,0,242.04
,,,,,,,,4316,0,0,0,0,173.52,0,247.8,0,236.64
,,,,,,,,4317,0,0,0,0,166.884,0,238.32,0,227.52
,,,,,,,,4318,0,0,0,0,162.084,0,231.42,0,221.04
,,,,,,,,4319,0,0,0,0,155.688,0,222.36,0,212.28
,,,,,,,,4320,0,0,0,0,141.384,0,201.9,0,192.72
,,,,,,,,4321,0,0,0,0,125.808,0,179.64,0,171.48
,,,,,,,,4322,0,0,0,0,113.388,0,161.94,0,154.56
,,,,,,,,4323,0,0,0,0,104.808,0,149.64,0,142.92
,,,,,,,,4324,0,0,0,0,99.024,0,141.42,0,135
,,,,,,,,4325,0,0,0,0,95.448,0,136.32,0,130.2
,,,,,,,,4326,0,0,0,0,93.936,0,134.16,0,128.04
,,,,,,,,4327,0,0,0,0,93.276,0,133.2,0,127.2
,,,,,,,,4328,0,0,0,0,99,0,141.36,0,135
,,,,,,,,4329,0,0,0,0,110.316,0,157.5,0,150.36
,,,,,,,,4330,0,0,0,0,123.408,0,176.22,0,168.24
,,,,,,,,4331,0,0,0,0,134.808,0,192.54,0,183.72
,,,,,,,,4332,0,0,0,0,143.76,0,205.26,0,195.96
,,,,,,,,4333,0,0,0,0,149.58,0,213.6,0,204
,,,,,,,,4334,0,0,0,0,153.06,0,218.58,0,208.68
,,,,,,,,4335,0,0,0,0,155.736,0,222.36,0,212.28
,,,,,,,,4336,0,0,0,0,157.704,0,225.18,0,215.04
,,,,,,,,4337,0,0,0,0,159.708,0,228.06,0,217.68
,,,,,,,,4338,0,0,0,0,161.244,0,230.22,0,219.84
,,,,,,,,4339,0,0,0,0,160.74,0,229.56,0,219.24
,,,,,,,,4340,0,0,0,0,157.188,0,224.46,0,214.32
,,,,,,,,4341,0,0,0,0,152.136,0,217.26,0,207.36
,,,,,,,,4342,0,0,0,0,149.064,0,212.88,0,203.28
,,,,,,,,4343,0,0,0,0,146.172,0,208.74,0,199.32
,,,,,,,,4344,0,0,0,0,135.612,0,193.62,0,184.8
,,,,,,,,4345,0,0,0,0,123.456,0,176.28,0,168.36
,,,,,,,,4346,0,0,0,0,113.1,0,161.52,0,154.2
,,,,,,,,4347,0,0,0,0,105.792,0,151.08,0,144.24
,,,,,,,,4348,0,0,0,0,100.62,0,143.64,0,137.16
,,,,,,,,4349,0,0,0,0,97.44,0,139.14,0,132.84
,,,,,,,,4350,0,0,0,0,95.628,0,136.56,0,130.32
,,,,,,,,4351,0,0,0,0,94.044,0,134.34,0,128.28
,,,,,,,,4352,0,0,0,0,97.548,0,139.32,0,132.96
,,,,,,,,4353,0,0,0,0,107.1,0,152.94,0,145.92
,,,,,,,,4354,0,0,0,0,119.904,0,171.24,0,163.56
,,,,,,,,4355,0,0,0,0,132.36,0,189,0,180.48
,,,,,,,,4356,0,0,0,0,142.428,0,203.4,0,194.16
,,,,,,,,4357,0,0,0,0,150.372,0,214.74,0,204.96
,,,,,,,,4358,0,0,0,0,155.892,0,222.66,0,212.64
,,,,,,,,4359,0,0,0,0,159.6,0,227.94,0,217.56
,,,,,,,,4360,0,0,0,0,161.172,0,230.16,0,219.72
,,,,,,,,4361,0,0,0,0,158.964,0,226.98,0,216.72
,,,,,,,,4362,0,0,0,0,156.492,0,223.44,0,213.36
,,,,,,,,4363,0,0,0,0,155.808,0,222.48,0,212.4
,,,,,,,,4364,0,0,0,0,154.68,0,220.92,0,210.84
,,,,,,,,4365,0,0,0,0,150.924,0,215.52,0,205.8
,,,,,,,,4366,0,0,0,0,148.524,0,212.1,0,202.44
,,,,,,,,4367,0,0,0,0,144.6,0,206.46,0,197.16
,,,,,,,,4368,0,0,0,0,132.18,0,188.76,0,180.24
,,,,,,,,4369,0,0,0,0,118.584,0,169.32,0,161.76
,,,,,,,,4370,0,0,0,0,108.6,0,155.04,0,148.08
,,,,,,,,4371,0,0,0,0,102.108,0,145.8,0,139.2
,,,,,,,,4372,0,0,0,0,97.908,0,139.8,0,133.44
,,,,,,,,4373,0,0,0,0,95.868,0,136.92,0,130.68
,,,,,,,,4374,0,0,0,0,96.816,0,138.24,0,132
,,,,,,,,4375,0,0,0,0,100.476,0,143.46,0,136.92
,,,,,,,,4376,0,0,0,0,111.852,0,159.72,0,152.52
,,,,,,,,4377,0,0,0,0,126.06,0,180,0,171.84
,,,,,,,,4378,0,0,0,0,137.016,0,195.66,0,186.84
,,,,,,,,4379,0,0,0,0,145.884,0,208.32,0,198.84
,,,,,,,,4380,0,0,0,0,152.844,0,218.22,0,208.44
,,,,,,,,4381,0,0,0,0,157.236,0,224.52,0,214.44
,,,,,,,,4382,0,0,0,0,159.612,0,227.94,0,217.56
,,,,,,,,4383,0,0,0,0,161.796,0,231.06,0,220.56
,,,,,,,,4384,0,0,0,0,163.032,0,232.8,0,222.36
,,,,,,,,4385,0,0,0,0,162.492,0,232.02,0,221.52
,,,,,,,,4386,0,0,0,0,161.964,0,231.3,0,220.8
,,,,,,,,4387,0,0,0,0,160.884,0,229.74,0,219.36
,,,,,,,,4388,0,0,0,0,157.212,0,224.52,0,214.44
,,,,,,,,4389,0,0,0,0,151.632,0,216.54,0,206.76
,,,,,,,,4390,0,0,0,0,147.84,0,211.14,0,201.6
,,,,,,,,4391,0,0,0,0,143.028,0,204.24,0,195
,,,,,,,,4392,0,0,0,0,129.624,0,185.1,0,176.76
,,,,,,,,4393,0,0,0,0,115.452,0,164.88,0,157.44
,,,,,,,,4394,0,0,0,0,105.024,0,149.94,0,143.16
,,,,,,,,4395,0,0,0,0,98.832,0,141.12,0,134.76
,,,,,,,,4396,0,0,0,0,94.596,0,135.12,0,129
,,,,,,,,4397,0,0,0,0,92.472,0,132.06,0,126
,,,,,,,,4398,0,0,0,0,92.856,0,132.6,0,126.6
,,,,,,,,4399,0,0,0,0,96.216,0,137.4,0,131.16
,,,,,,,,4400,0,0,0,0,107.256,0,153.18,0,146.16
,,,,,,,,4401,0,0,0,0,121.248,0,173.16,0,165.36
,,,,,,,,4402,0,0,0,0,131.916,0,188.4,0,179.88
,,,,,,,,4403,0,0,0,0,140.436,0,200.52,0,191.4
,,,,,,,,4404,0,0,0,0,146.964,0,209.88,0,200.4
,,,,,,,,4405,0,0,0,0,151.284,0,216.06,0,206.28
,,,,,,,,4406,0,0,0,0,154.188,0,220.2,0,210.24
,,,,,,,,4407,0,0,0,0,157.044,0,224.22,0,214.08
,,,,,,,,4408,0,0,0,0,158.94,0,226.98,0,216.72
,,,,,,,,4409,0,0,0,0,160.212,0,228.78,0,218.4
,,,,,,,,4410,0,0,0,0,161.052,0,229.98,0,219.6
,,,,,,,,4411,0,0,0,0,159.432,0,227.7,0,217.44
,,,,,,,,4412,0,0,0,0,153.18,0,218.76,0,208.92
,,,,,,,,4413,0,0,0,0,145.884,0,208.32,0,198.84
,,,,,,,,4414,0,0,0,0,142.932,0,204.12,0,194.88
,,,,,,,,4415,0,0,0,0,137.604,0,196.5,0,187.56
,,,,,,,,4416,0,0,0,0,127.536,0,182.1,0,173.88
,,,,,,,,4417,0,0,0,0,116.52,0,166.38,0,158.76
,,,,,,,,4418,0,0,0,0,107.256,0,153.18,0,146.16
,,,,,,,,4419,0,0,0,0,100.896,0,144.06,0,137.52
,,,,,,,,4420,0,0,0,0,96.792,0,138.24,0,132
,,,,,,,,4421,0,0,0,0,94.896,0,135.54,0,129.36
,,,,,,,,4422,0,0,0,0,95.028,0,135.72,0,129.6
,,,,,,,,4423,0,0,0,0,96.168,0,137.34,0,131.16
,,,,,,,,4424,0,0,0,0,99.3,0,141.84,0,135.36
,,,,,,,,4425,0,0,0,0,104.976,0,149.94,0,143.04
,,,,,,,,4426,0,0,0,0,112.8,0,161.04,0,153.84
,,,,,,,,4427,0,0,0,0,122.58,0,175.08,0,167.16
,,,,,,,,4428,0,0,0,0,132.612,0,189.36,0,180.84
,,,,,,,,4429,0,0,0,0,140.7,0,200.94,0,191.88
,,,,,,,,4430,0,0,0,0,146.448,0,209.16,0,199.68
,,,,,,,,4431,0,0,0,0,149.292,0,213.18,0,203.52
,,,,,,,,4432,0,0,0,0,151.008,0,215.64,0,205.92
,,,,,,,,4433,0,0,0,0,152.736,0,218.16,0,208.32
,,,,,,,,4434,0,0,0,0,154.668,0,220.92,0,210.84
,,,,,,,,4435,0,0,0,0,155.628,0,222.24,0,212.16
,,,,,,,,4436,0,0,0,0,152.916,0,218.34,0,208.44
,,,,,,,,4437,0,0,0,0,148.224,0,211.68,0,202.08
,,,,,,,,4438,0,0,0,0,146.04,0,208.56,0,199.08
,,,,,,,,4439,0,0,0,0,142.164,0,202.98,0,193.8
,,,,,,,,4440,0,0,0,0,134.508,0,192.06,0,183.36
,,,,,,,,4441,0,0,0,0,123.84,0,176.82,0,168.84
,,,,,,,,4442,0,0,0,0,114.444,0,163.44,0,156
,,,,,,,,4443,0,0,0,0,107.904,0,154.08,0,147.12
,,,,,,,,4444,0,0,0,0,103.74,0,148.14,0,141.48
,,,,,,,,4445,0,0,0,0,101.364,0,144.78,0,138.12
,,,,,,,,4446,0,0,0,0,101.82,0,145.44,0,138.72
,,,,,,,,4447,0,0,0,0,105.144,0,150.18,0,143.4
,,,,,,,,4448,0,0,0,0,116.376,0,166.2,0,158.64
,,,,,,,,4449,0,0,0,0,131.112,0,187.2,0,178.68
,,,,,,,,4450,0,0,0,0,143.064,0,204.36,0,195
,,,,,,,,4451,0,0,0,0,152.124,0,217.26,0,207.36
,,,,,,,,4452,0,0,0,0,158.976,0,227.04,0,216.84
,,,,,,,,4453,0,0,0,0,163.212,0,233.1,0,222.48
,,,,,,,,4454,0,0,0,0,165.78,0,236.76,0,225.96
,,,,,,,,4455,0,0,0,0,167.964,0,239.82,0,228.96
,,,,,,,,4456,0,0,0,0,169.272,0,241.74,0,230.76
,,,,,,,,4457,0,0,0,0,169.392,0,241.92,0,230.88
,,,,,,,,4458,0,0,0,0,168.984,0,241.32,0,230.4
,,,,,,,,4459,0,0,0,0,167.676,0,239.46,0,228.6
,,,,,,,,4460,0,0,0,0,163.284,0,233.22,0,222.6
,,,,,,,,4461,0,0,0,0,157.308,0,224.64,0,214.44
,,,,,,,,4462,0,0,0,0,153.696,0,219.48,0,209.64
,,,,,,,,4463,0,0,0,0,148.776,0,212.46,0,202.92
,,,,,,,,4464,0,0,0,0,135.192,0,193.08,0,184.32
,,,,,,,,4465,0,0,0,0,120.78,0,172.5,0,164.76
,,,,,,,,4466,0,0,0,0,110.028,0,157.14,0,150
,,,,,,,,4467,0,0,0,0,103.068,0,147.18,0,140.52
,,,,,,,,4468,0,0,0,0,98.544,0,140.7,0,134.4
,,,,,,,,4469,0,0,0,0,95.976,0,137.04,0,130.8
,,,,,,,,4470,0,0,0,0,96,0,137.1,0,130.8
,,,,,,,,4471,0,0,0,0,99.036,0,141.42,0,135
,,,,,,,,4472,0,0,0,0,109.812,0,156.84,0,149.64
,,,,,,,,4473,0,0,0,0,124.2,0,177.36,0,169.32
,,,,,,,,4474,0,0,0,0,136.32,0,194.7,0,185.88
,,,,,,,,4475,0,0,0,0,146.52,0,209.22,0,199.8
,,,,,,,,4476,0,0,0,0,155.064,0,221.46,0,211.44
,,,,,,,,4477,0,0,0,0,160.944,0,229.86,0,219.36
,,,,,,,,4478,0,0,0,0,164.772,0,235.32,0,224.64
,,,,,,,,4479,0,0,0,0,168.804,0,241.02,0,230.16
,,,,,,,,4480,0,0,0,0,171.324,0,244.68,0,233.64
,,,,,,,,4481,0,0,0,0,173.34,0,247.56,0,236.28
,,,,,,,,4482,0,0,0,0,174.396,0,249.06,0,237.84
,,,,,,,,4483,0,0,0,0,173.808,0,248.22,0,237
,,,,,,,,4484,0,0,0,0,168.012,0,239.94,0,229.08
,,,,,,,,4485,0,0,0,0,161.412,0,230.52,0,220.08
,,,,,,,,4486,0,0,0,0,159.18,0,227.28,0,216.96
,,,,,,,,4487,0,0,0,0,154.308,0,220.32,0,210.36
,,,,,,,,4488,0,0,0,0,142.104,0,202.92,0,193.8
,,,,,,,,4489,0,0,0,0,128.892,0,184.02,0,175.68
,,,,,,,,4490,0,0,0,0,118.584,0,169.38,0,161.76
,,,,,,,,4491,0,0,0,0,111.648,0,159.42,0,152.16
,,,,,,,,4492,0,0,0,0,106.896,0,152.7,0,145.8
,,,,,,,,4493,0,0,0,0,103.92,0,148.44,0,141.72
,,,,,,,,4494,0,0,0,0,102.708,0,146.64,0,139.92
,,,,,,,,4495,0,0,0,0,102.54,0,146.4,0,139.8
,,,,,,,,4496,0,0,0,0,106.824,0,152.58,0,145.68
,,,,,,,,4497,0,0,0,0,117.036,0,167.1,0,159.48
,,,,,,,,4498,0,0,0,0,129.996,0,185.64,0,177.24
,,,,,,,,4499,0,0,0,0,141.024,0,201.36,0,192.24
,,,,,,,,4500,0,0,0,0,148.62,0,212.22,0,202.68
,,,,,,,,4501,0,0,0,0,153.912,0,219.78,0,209.88
,,,,,,,,4502,0,0,0,0,157.512,0,224.94,0,214.8
,,,,,,,,4503,0,0,0,0,157.476,0,224.88,0,214.68
,,,,,,,,4504,0,0,0,0,154.116,0,220.08,0,210.12
,,,,,,,,4505,0,0,0,0,150.936,0,215.52,0,205.8
,,,,,,,,4506,0,0,0,0,150.888,0,215.52,0,205.68
,,,,,,,,4507,0,0,0,0,151.8,0,216.78,0,207
,,,,,,,,4508,0,0,0,0,150.084,0,214.32,0,204.6
,,,,,,,,4509,0,0,0,0,146.016,0,208.56,0,199.08
,,,,,,,,4510,0,0,0,0,143.76,0,205.26,0,195.96
,,,,,,,,4511,0,0,0,0,141.18,0,201.6,0,192.48
,,,,,,,,4512,0,0,0,0,131.736,0,188.16,0,179.64
,,,,,,,,4513,0,0,0,0,120.468,0,172.02,0,164.16
,,,,,,,,4514,0,0,0,0,110.436,0,157.74,0,150.6
,,,,,,,,4515,0,0,0,0,103.536,0,147.84,0,141.12
,,,,,,,,4516,0,0,0,0,98.736,0,141,0,134.52
,,,,,,,,4517,0,0,0,0,95.664,0,136.62,0,130.44
,,,,,,,,4518,0,0,0,0,93.936,0,134.16,0,128.04
,,,,,,,,4519,0,0,0,0,92.268,0,131.76,0,125.76
,,,,,,,,4520,0,0,0,0,95.544,0,136.44,0,130.2
,,,,,,,,4521,0,0,0,0,104.556,0,149.34,0,142.44
,,,,,,,,4522,0,0,0,0,116.484,0,166.32,0,158.76
,,,,,,,,4523,0,0,0,0,127.644,0,182.28,0,174
,,,,,,,,4524,0,0,0,0,136.944,0,195.6,0,186.72
,,,,,,,,4525,0,0,0,0,144.408,0,206.22,0,196.92
,,,,,,,,4526,0,0,0,0,149.28,0,213.18,0,203.52
,,,,,,,,4527,0,0,0,0,151.908,0,216.96,0,207.12
,,,,,,,,4528,0,0,0,0,153.84,0,219.66,0,209.76
,,,,,,,,4529,0,0,0,0,155.676,0,222.3,0,212.16
,,,,,,,,4530,0,0,0,0,157.932,0,225.54,0,215.28
,,,,,,,,4531,0,0,0,0,159.204,0,227.34,0,217.08
,,,,,,,,4532,0,0,0,0,156.912,0,224.1,0,213.96
,,,,,,,,4533,0,0,0,0,152.148,0,217.26,0,207.48
,,,,,,,,4534,0,0,0,0,150.552,0,214.98,0,205.32
,,,,,,,,4535,0,0,0,0,146.964,0,209.88,0,200.4
,,,,,,,,4536,0,0,0,0,134.316,0,191.76,0,183.12
,,,,,,,,4537,0,0,0,0,120.156,0,171.6,0,163.8
,,,,,,,,4538,0,0,0,0,109.14,0,155.88,0,148.8
,,,,,,,,4539,0,0,0,0,101.736,0,145.26,0,138.72
,,,,,,,,4540,0,0,0,0,97.056,0,138.6,0,132.24
,,,,,,,,4541,0,0,0,0,94.416,0,134.88,0,128.76
,,,,,,,,4542,0,0,0,0,94.692,0,135.24,0,129
,,,,,,,,4543,0,0,0,0,98.1,0,140.1,0,133.8
,,,,,,,,4544,0,0,0,0,109.2,0,156,0,148.92
,,,,,,,,4545,0,0,0,0,122.604,0,175.08,0,167.16
,,,,,,,,4546,0,0,0,0,131.904,0,188.4,0,179.88
,,,,,,,,4547,0,0,0,0,139.32,0,198.96,0,189.96
,,,,,,,,4548,0,0,0,0,145.224,0,207.36,0,198
,,,,,,,,4549,0,0,0,0,149.172,0,213.06,0,203.4
,,,,,,,,4550,0,0,0,0,152.028,0,217.08,0,207.24
,,,,,,,,4551,0,0,0,0,155.088,0,221.46,0,211.44
,,,,,,,,4552,0,0,0,0,156.912,0,224.04,0,213.84
,,,,,,,,4553,0,0,0,0,158.016,0,225.66,0,215.4
,,,,,,,,4554,0,0,0,0,159.024,0,227.1,0,216.84
,,,,,,,,4555,0,0,0,0,158.436,0,226.26,0,216
,,,,,,,,4556,0,0,0,0,154.08,0,220.02,0,210.12
,,,,,,,,4557,0,0,0,0,148.176,0,211.56,0,202.08
,,,,,,,,4558,0,0,0,0,144.972,0,207.06,0,197.64
,,,,,,,,4559,0,0,0,0,139.812,0,199.62,0,190.68
,,,,,,,,4560,0,0,0,0,126.12,0,180.06,0,171.96
,,,,,,,,4561,0,0,0,0,112.164,0,160.2,0,152.88
,,,,,,,,4562,0,0,0,0,102.012,0,145.68,0,139.08
,,,,,,,,4563,0,0,0,0,95.64,0,136.56,0,130.32
,,,,,,,,4564,0,0,0,0,91.572,0,130.74,0,124.8
,,,,,,,,4565,0,0,0,0,89.688,0,128.04,0,122.28
,,,,,,,,4566,0,0,0,0,90.24,0,128.88,0,123
,,,,,,,,4567,0,0,0,0,93.624,0,133.74,0,127.68
,,,,,,,,4568,0,0,0,0,104.784,0,149.64,0,142.92
,,,,,,,,4569,0,0,0,0,118.104,0,168.6,0,161.04
,,,,,,,,4570,0,0,0,0,127.536,0,182.1,0,173.88
,,,,,,,,4571,0,0,0,0,134.856,0,192.6,0,183.84
,,,,,,,,4572,0,0,0,0,141.228,0,201.66,0,192.6
,,,,,,,,4573,0,0,0,0,145.476,0,207.72,0,198.36
,,,,,,,,4574,0,0,0,0,148.512,0,212.1,0,202.44
,,,,,,,,4575,0,0,0,0,152.136,0,217.26,0,207.36
,,,,,,,,4576,0,0,0,0,154.956,0,221.28,0,211.32
,,,,,,,,4577,0,0,0,0,157.044,0,224.22,0,214.08
,,,,,,,,4578,0,0,0,0,158.388,0,226.2,0,216
,,,,,,,,4579,0,0,0,0,157.656,0,225.12,0,215.04
,,,,,,,,4580,0,0,0,0,153.792,0,219.6,0,209.64
,,,,,,,,4581,0,0,0,0,148.152,0,211.56,0,201.96
,,,,,,,,4582,0,0,0,0,145.74,0,208.14,0,198.72
,,,,,,,,4583,0,0,0,0,141.708,0,202.32,0,193.2
,,,,,,,,4584,0,0,0,0,128.412,0,183.36,0,175.08
,,,,,,,,4585,0,0,0,0,114.888,0,164.1,0,156.6
,,,,,,,,4586,0,0,0,0,104.928,0,149.82,0,143.04
,,,,,,,,4587,0,0,0,0,98.616,0,140.82,0,134.4
,,,,,,,,4588,0,0,0,0,94.776,0,135.36,0,129.24
,,,,,,,,4589,0,0,0,0,93.012,0,132.84,0,126.84
,,,,,,,,4590,0,0,0,0,93.756,0,133.92,0,127.8
,,,,,,,,4591,0,0,0,0,97.704,0,139.5,0,133.2
,,,,,,,,4592,0,0,0,0,108.936,0,155.58,0,148.44
,,,,,,,,4593,0,0,0,0,122.64,0,175.14,0,167.16
,,,,,,,,4594,0,0,0,0,133.02,0,189.96,0,181.32
,,,,,,,,4595,0,0,0,0,141.192,0,201.66,0,192.48
,,,,,,,,4596,0,0,0,0,148.452,0,211.98,0,202.32
,,,,,,,,4597,0,0,0,0,154.296,0,220.32,0,210.36
,,,,,,,,4598,0,0,0,0,158.256,0,226.02,0,215.76
,,,,,,,,4599,0,0,0,0,161.52,0,230.64,0,220.2
,,,,,,,,4600,0,0,0,0,163.212,0,233.1,0,222.48
,,,,,,,,4601,0,0,0,0,164.4,0,234.78,0,224.16
,,,,,,,,4602,0,0,0,0,165.816,0,236.82,0,226.08
,,,,,,,,4603,0,0,0,0,165.456,0,236.22,0,225.6
,,,,,,,,4604,0,0,0,0,161.388,0,230.46,0,219.96
,,,,,,,,4605,0,0,0,0,155.256,0,221.7,0,211.68
,,,,,,,,4606,0,0,0,0,152.256,0,217.44,0,207.6
,,,,,,,,4607,0,0,0,0,147.96,0,211.26,0,201.72
,,,,,,,,4608,0,0,0,0,134.376,0,191.88,0,183.24
,,,,,,,,4609,0,0,0,0,120.096,0,171.54,0,163.68
,,,,,,,,4610,0,0,0,0,109.692,0,156.6,0,149.64
,,,,,,,,4611,0,0,0,0,102.912,0,146.94,0,140.28
,,,,,,,,4612,0,0,0,0,98.376,0,140.46,0,134.04
,,,,,,,,4613,0,0,0,0,96.012,0,137.1,0,130.8
,,,,,,,,4614,0,0,0,0,96.504,0,137.82,0,131.52
,,,,,,,,4615,0,0,0,0,100.452,0,143.46,0,136.92
,,,,,,,,4616,0,0,0,0,112.344,0,160.44,0,153.24
,,,,,,,,4617,0,0,0,0,126.444,0,180.6,0,172.44
,,,,,,,,4618,0,0,0,0,137.424,0,196.26,0,187.32
,,,,,,,,4619,0,0,0,0,146.592,0,209.34,0,199.92
,,,,,,,,4620,0,0,0,0,155.628,0,222.24,0,212.16
,,,,,,,,4621,0,0,0,0,162.708,0,232.32,0,221.76
,,,,,,,,4622,0,0,0,0,166.464,0,237.72,0,227.04
,,,,,,,,4623,0,0,0,0,170.58,0,243.6,0,232.56
,,,,,,,,4624,0,0,0,0,173.376,0,247.62,0,236.4
,,,,,,,,4625,0,0,0,0,175.164,0,250.14,0,238.8
,,,,,,,,4626,0,0,0,0,176.436,0,251.94,0,240.48
,,,,,,,,4627,0,0,0,0,174.984,0,249.9,0,238.56
,,,,,,,,4628,0,0,0,0,170.064,0,242.88,0,231.84
,,,,,,,,4629,0,0,0,0,162.588,0,232.2,0,221.76
,,,,,,,,4630,0,0,0,0,159.036,0,227.1,0,216.84
,,,,,,,,4631,0,0,0,0,153.456,0,219.12,0,209.16
,,,,,,,,4632,0,0,0,0,139.164,0,198.72,0,189.72
,,,,,,,,4633,0,0,0,0,124.476,0,177.72,0,169.68
,,,,,,,,4634,0,0,0,0,113.124,0,161.52,0,154.2
,,,,,,,,4635,0,0,0,0,105.864,0,151.14,0,144.24
,,,,,,,,4636,0,0,0,0,101.4,0,144.84,0,138.24
,,,,,,,,4637,0,0,0,0,98.964,0,141.3,0,134.88
,,,,,,,,4638,0,0,0,0,99.444,0,142.02,0,135.6
,,,,,,,,4639,0,0,0,0,103.464,0,147.72,0,141.12
,,,,,,,,4640,0,0,0,0,114.6,0,163.68,0,156.24
,,,,,,,,4641,0,0,0,0,129.276,0,184.56,0,176.28
,,,,,,,,4642,0,0,0,0,141.132,0,201.54,0,192.48
,,,,,,,,4643,0,0,0,0,151.464,0,216.3,0,206.52
,,,,,,,,4644,0,0,0,0,160.68,0,229.44,0,219.12
,,,,,,,,4645,0,0,0,0,167.976,0,239.82,0,228.96
,,,,,,,,4646,0,0,0,0,173.28,0,247.44,0,236.28
,,,,,,,,4647,0,0,0,0,177.576,0,253.62,0,242.16
,,,,,,,,4648,0,0,0,0,179.112,0,255.78,0,244.2
,,,,,,,,4649,0,0,0,0,178.836,0,255.42,0,243.84
,,,,,,,,4650,0,0,0,0,177.672,0,253.68,0,242.28
,,,,,,,,4651,0,0,0,0,173.688,0,248.04,0,236.88
,,,,,,,,4652,0,0,0,0,166.572,0,237.84,0,227.16
,,,,,,,,4653,0,0,0,0,159.66,0,228,0,217.68
,,,,,,,,4654,0,0,0,0,157.056,0,224.22,0,214.08
,,,,,,,,4655,0,0,0,0,152.076,0,217.14,0,207.36
,,,,,,,,4656,0,0,0,0,139.428,0,199.08,0,190.08
,,,,,,,,4657,0,0,0,0,126.108,0,180.06,0,171.96
,,,,,,,,4658,0,0,0,0,115.704,0,165.24,0,157.68
,,,,,,,,4659,0,0,0,0,109.104,0,155.82,0,148.8
,,,,,,,,4660,0,0,0,0,104.76,0,149.64,0,142.8
,,,,,,,,4661,0,0,0,0,102.192,0,145.92,0,139.32
,,,,,,,,4662,0,0,0,0,101.46,0,144.84,0,138.24
,,,,,,,,4663,0,0,0,0,102.672,0,146.64,0,139.92
,,,,,,,,4664,0,0,0,0,106.896,0,152.7,0,145.8
,,,,,,,,4665,0,0,0,0,115.296,0,164.64,0,157.2
,,,,,,,,4666,0,0,0,0,126.612,0,180.84,0,172.68
,,,,,,,,4667,0,0,0,0,136.764,0,195.3,0,186.48
,,,,,,,,4668,0,0,0,0,144.312,0,206.1,0,196.8
,,,,,,,,4669,0,0,0,0,150.48,0,214.86,0,205.2
,,,,,,,,4670,0,0,0,0,155.232,0,221.64,0,211.56
,,,,,,,,4671,0,0,0,0,159.132,0,227.22,0,216.96
,,,,,,,,4672,0,0,0,0,162.912,0,232.62,0,222.12
,,,,,,,,4673,0,0,0,0,165.912,0,236.88,0,226.2
,,,,,,,,4674,0,0,0,0,167.904,0,239.76,0,228.96
,,,,,,,,4675,0,0,0,0,168.108,0,240.06,0,229.2
,,,,,,,,4676,0,0,0,0,164.904,0,235.44,0,224.76
,,,,,,,,4677,0,0,0,0,159.06,0,227.16,0,216.84
,,,,,,,,4678,0,0,0,0,156.372,0,223.32,0,213.24
,,,,,,,,4679,0,0,0,0,152.58,0,217.86,0,207.96
,,,,,,,,4680,0,0,0,0,141.12,0,201.48,0,192.36
,,,,,,,,4681,0,0,0,0,128.292,0,183.18,0,174.96
,,,,,,,,4682,0,0,0,0,117.636,0,168,0,160.44
,,,,,,,,4683,0,0,0,0,110.124,0,157.26,0,150.12
,,,,,,,,4684,0,0,0,0,104.976,0,149.94,0,143.04
,,,,,,,,4685,0,0,0,0,101.592,0,145.08,0,138.48
,,,,,,,,4686,0,0,0,0,99.684,0,142.38,0,135.84
,,,,,,,,4687,0,0,0,0,98.208,0,140.22,0,133.92
,,,,,,,,4688,0,0,0,0,101.004,0,144.24,0,137.64
,,,,,,,,4689,0,0,0,0,110.412,0,157.68,0,150.48
,,,,,,,,4690,0,0,0,0,123.408,0,176.22,0,168.24
,,,,,,,,4691,0,0,0,0,136.08,0,194.34,0,185.52
,,,,,,,,4692,0,0,0,0,147.288,0,210.36,0,200.88
,,,,,,,,4693,0,0,0,0,156.336,0,223.26,0,213.24
,,,,,,,,4694,0,0,0,0,161.52,0,230.64,0,220.2
,,,,,,,,4695,0,0,0,0,162.516,0,232.02,0,221.64
,,,,,,,,4696,0,0,0,0,162.6,0,232.2,0,221.76
,,,,,,,,4697,0,0,0,0,162.84,0,232.56,0,222
,,,,,,,,4698,0,0,0,0,163.152,0,232.98,0,222.36
,,,,,,,,4699,0,0,0,0,163.056,0,232.86,0,222.36
,,,,,,,,4700,0,0,0,0,160.416,0,229.08,0,218.76
,,,,,,,,4701,0,0,0,0,158.112,0,225.78,0,215.64
,,,,,,,,4702,0,0,0,0,158.64,0,226.56,0,216.36
,,,,,,,,4703,0,0,0,0,152.916,0,218.34,0,208.44
,,,,,,,,4704,0,0,0,0,140.952,0,201.3,0,192.12
,,,,,,,,4705,0,0,0,0,128.544,0,183.54,0,175.2
,,,,,,,,4706,0,0,0,0,119.592,0,170.76,0,162.96
,,,,,,,,4707,0,0,0,0,113.856,0,162.6,0,155.16
,,,,,,,,4708,0,0,0,0,110.184,0,157.32,0,150.24
,,,,,,,,4709,0,0,0,0,108.252,0,154.56,0,147.6
,,,,,,,,4710,0,0,0,0,108.996,0,155.64,0,148.56
,,,,,,,,4711,0,0,0,0,113.964,0,162.72,0,155.4
,,,,,,,,4712,0,0,0,0,125.892,0,179.76,0,171.6
,,,,,,,,4713,0,0,0,0,141.696,0,202.32,0,193.2
,,,,,,,,4714,0,0,0,0,153.972,0,219.9,0,209.88
,,,,,,,,4715,0,0,0,0,163.836,0,233.94,0,223.44
,,,,,,,,4716,0,0,0,0,172.512,0,246.36,0,235.2
,,,,,,,,4717,0,0,0,0,179.496,0,256.32,0,244.8
,,,,,,,,4718,0,0,0,0,184.884,0,264,0,252
,,,,,,,,4719,0,0,0,0,189.516,0,270.66,0,258.36
,,,,,,,,4720,0,0,0,0,190.5,0,272.04,0,259.8
,,,,,,,,4721,0,0,0,0,190.884,0,272.58,0,260.28
,,,,,,,,4722,0,0,0,0,190.524,0,272.04,0,259.8
,,,,,,,,4723,0,0,0,0,189.108,0,270.06,0,257.88
,,,,,,,,4724,0,0,0,0,184.704,0,263.76,0,251.88
,,,,,,,,4725,0,0,0,0,178.908,0,255.48,0,243.96
,,,,,,,,4726,0,0,0,0,176.64,0,252.24,0,240.84
,,,,,,,,4727,0,0,0,0,169.62,0,242.22,0,231.24
,,,,,,,,4728,0,0,0,0,153.42,0,219.06,0,209.16
,,,,,,,,4729,0,0,0,0,137.388,0,196.2,0,187.32
,,,,,,,,4730,0,0,0,0,126.036,0,180,0,171.84
,,,,,,,,4731,0,0,0,0,118.668,0,169.5,0,161.76
,,,,,,,,4732,0,0,0,0,113.916,0,162.66,0,155.28
,,,,,,,,4733,0,0,0,0,110.94,0,158.4,0,151.32
,,,,,,,,4734,0,0,0,0,111.216,0,158.82,0,151.56
,,,,,,,,4735,0,0,0,0,115.716,0,165.24,0,157.8
,,,,,,,,4736,0,0,0,0,128.208,0,183.06,0,174.84
,,,,,,,,4737,0,0,0,0,144.432,0,206.22,0,196.92
,,,,,,,,4738,0,0,0,0,157.44,0,224.82,0,214.68
,,,,,,,,4739,0,0,0,0,168.96,0,241.26,0,230.28
,,,,,,,,4740,0,0,0,0,178.92,0,255.48,0,243.96
,,,,,,,,4741,0,0,0,0,185.736,0,265.26,0,253.2
,,,,,,,,4742,0,0,0,0,190.44,0,271.98,0,259.68
,,,,,,,,4743,0,0,0,0,194.7,0,277.98,0,265.44
,,,,,,,,4744,0,0,0,0,197.376,0,281.88,0,269.04
,,,,,,,,4745,0,0,0,0,199.404,0,284.76,0,271.92
,,,,,,,,4746,0,0,0,0,200.604,0,286.44,0,273.48
,,,,,,,,4747,0,0,0,0,198.948,0,284.1,0,271.32
,,,,,,,,4748,0,0,0,0,194.388,0,277.56,0,265.08
,,,,,,,,4749,0,0,0,0,188.412,0,269.04,0,256.8
,,,,,,,,4750,0,0,0,0,184.992,0,264.18,0,252.24
,,,,,,,,4751,0,0,0,0,178.248,0,254.58,0,243
,,,,,,,,4752,0,0,0,0,162.972,0,232.68,0,222.24
,,,,,,,,4753,0,0,0,0,147.804,0,211.08,0,201.48
,,,,,,,,4754,0,0,0,0,137.136,0,195.84,0,186.96
,,,,,,,,4755,0,0,0,0,130.512,0,186.36,0,177.96
,,,,,,,,4756,0,0,0,0,126.324,0,180.36,0,172.2
,,,,,,,,4757,0,0,0,0,123.792,0,176.76,0,168.84
,,,,,,,,4758,0,0,0,0,123.66,0,176.58,0,168.6
,,,,,,,,4759,0,0,0,0,127.992,0,182.76,0,174.48
,,,,,,,,4760,0,0,0,0,139.32,0,198.96,0,189.96
,,,,,,,,4761,0,0,0,0,155.976,0,222.72,0,212.64
,,,,,,,,4762,0,0,0,0,167.664,0,239.4,0,228.6
,,,,,,,,4763,0,0,0,0,177.072,0,252.84,0,241.44
,,,,,,,,4764,0,0,0,0,186.768,0,266.7,0,254.64
,,,,,,,,4765,0,0,0,0,194.16,0,277.26,0,264.72
,,,,,,,,4766,0,0,0,0,198.804,0,283.92,0,271.08
,,,,,,,,4767,0,0,0,0,198.948,0,284.1,0,271.32
,,,,,,,,4768,0,0,0,0,194.292,0,277.44,0,264.84
,,,,,,,,4769,0,0,0,0,185.208,0,264.48,0,252.6
,,,,,,,,4770,0,0,0,0,178.344,0,254.64,0,243.12
,,,,,,,,4771,0,0,0,0,175.392,0,250.44,0,239.16
,,,,,,,,4772,0,0,0,0,170.928,0,244.08,0,233.04
,,,,,,,,4773,0,0,0,0,166.656,0,238.02,0,227.16
,,,,,,,,4774,0,0,0,0,165.384,0,236.22,0,225.48
,,,,,,,,4775,0,0,0,0,160.008,0,228.48,0,218.16
,,,,,,,,4776,0,0,0,0,146.424,0,209.1,0,199.68
,,,,,,,,4777,0,0,0,0,132.24,0,188.82,0,180.36
,,,,,,,,4778,0,0,0,0,121.356,0,173.28,0,165.36
,,,,,,,,4779,0,0,0,0,113.52,0,162.12,0,154.8
,,,,,,,,4780,0,0,0,0,108.54,0,154.98,0,147.96
,,,,,,,,4781,0,0,0,0,105.492,0,150.66,0,143.76
,,,,,,,,4782,0,0,0,0,105.324,0,150.36,0,143.52
,,,,,,,,4783,0,0,0,0,109.032,0,155.7,0,148.68
,,,,,,,,4784,0,0,0,0,118.08,0,168.6,0,161.04
,,,,,,,,4785,0,0,0,0,129.084,0,184.32,0,176.04
,,,,,,,,4786,0,0,0,0,135.48,0,193.5,0,184.8
,,,,,,,,4787,0,0,0,0,139.932,0,199.86,0,190.8
,,,,,,,,4788,0,0,0,0,144.276,0,206.04,0,196.68
,,,,,,,,4789,0,0,0,0,147.276,0,210.36,0,200.76
,,,,,,,,4790,0,0,0,0,149.1,0,212.94,0,203.28
,,,,,,,,4791,0,0,0,0,151.728,0,216.66,0,206.88
,,,,,,,,4792,0,0,0,0,152.664,0,217.98,0,208.2
,,,,,,,,4793,0,0,0,0,153.84,0,219.66,0,209.76
,,,,,,,,4794,0,0,0,0,155.052,0,221.4,0,211.44
,,,,,,,,4795,0,0,0,0,154.62,0,220.8,0,210.84
,,,,,,,,4796,0,0,0,0,150.168,0,214.44,0,204.84
,,,,,,,,4797,0,0,0,0,144.816,0,206.76,0,197.4
,,,,,,,,4798,0,0,0,0,143.928,0,205.56,0,196.2
,,,,,,,,4799,0,0,0,0,138.936,0,198.36,0,189.48
,,,,,,,,4800,0,0,0,0,126.828,0,181.08,0,172.92
,,,,,,,,4801,0,0,0,0,114.072,0,162.9,0,155.52
,,,,,,,,4802,0,0,0,0,104.508,0,149.28,0,142.44
,,,,,,,,4803,0,0,0,0,98.952,0,141.3,0,134.88
,,,,,,,,4804,0,0,0,0,95.424,0,136.26,0,130.08
,,,,,,,,4805,0,0,0,0,93.828,0,133.98,0,127.92
,,,,,,,,4806,0,0,0,0,94.776,0,135.36,0,129.24
,,,,,,,,4807,0,0,0,0,99.576,0,142.14,0,135.72
,,,,,,,,4808,0,0,0,0,109.14,0,155.88,0,148.8
,,,,,,,,4809,0,0,0,0,120.456,0,172.02,0,164.16
,,,,,,,,4810,0,0,0,0,127.896,0,182.64,0,174.36
,,,,,,,,4811,0,0,0,0,131.772,0,188.16,0,179.64
,,,,,,,,4812,0,0,0,0,134.328,0,191.82,0,183.12
,,,,,,,,4813,0,0,0,0,134.772,0,192.42,0,183.72
,,,,,,,,4814,0,0,0,0,134.112,0,191.52,0,182.88
,,,,,,,,4815,0,0,0,0,133.968,0,191.34,0,182.64
,,,,,,,,4816,0,0,0,0,132.66,0,189.42,0,180.84
,,,,,,,,4817,0,0,0,0,130.74,0,186.66,0,178.2
,,,,,,,,4818,0,0,0,0,129.696,0,185.16,0,176.88
,,,,,,,,4819,0,0,0,0,128.328,0,183.24,0,174.96
,,,,,,,,4820,0,0,0,0,125.208,0,178.8,0,170.76
,,,,,,,,4821,0,0,0,0,122.628,0,175.14,0,167.16
,,,,,,,,4822,0,0,0,0,123.672,0,176.64,0,168.6
,,,,,,,,4823,0,0,0,0,120.6,0,172.2,0,164.4
,,,,,,,,4824,0,0,0,0,111.24,0,158.88,0,151.68
,,,,,,,,4825,0,0,0,0,100.74,0,143.88,0,137.4
,,,,,,,,4826,0,0,0,0,92.508,0,132.12,0,126.12
,,,,,,,,4827,0,0,0,0,87.156,0,124.44,0,118.8
,,,,,,,,4828,0,0,0,0,83.88,0,119.76,0,114.36
,,,,,,,,4829,0,0,0,0,82.068,0,117.18,0,111.96
,,,,,,,,4830,0,0,0,0,81.804,0,116.82,0,111.48
,,,,,,,,4831,0,0,0,0,82.416,0,117.72,0,112.32
,,,,,,,,4832,0,0,0,0,86.592,0,123.66,0,118.08
,,,,,,,,4833,0,0,0,0,95.268,0,136.08,0,129.84
,,,,,,,,4834,0,0,0,0,105.648,0,150.84,0,144
,,,,,,,,4835,0,0,0,0,113.532,0,162.12,0,154.8
,,,,,,,,4836,0,0,0,0,118.536,0,169.26,0,161.64
,,,,,,,,4837,0,0,0,0,121.452,0,173.4,0,165.6
,,,,,,,,4838,0,0,0,0,122.928,0,175.5,0,167.64
,,,,,,,,4839,0,0,0,0,123.66,0,176.58,0,168.6
,,,,,,,,4840,0,0,0,0,124.332,0,177.6,0,169.56
,,,,,,,,4841,0,0,0,0,125.376,0,179.04,0,170.88
,,,,,,,,4842,0,0,0,0,126.984,0,181.32,0,173.16
,,,,,,,,4843,0,0,0,0,127.764,0,182.4,0,174.24
,,,,,,,,4844,0,0,0,0,126.156,0,180.12,0,172.08
,,,,,,,,4845,0,0,0,0,122.244,0,174.6,0,166.68
,,,,,,,,4846,0,0,0,0,121.824,0,174,0,166.08
,,,,,,,,4847,0,0,0,0,119.172,0,170.16,0,162.48
,,,,,,,,4848,0,0,0,0,110.556,0,157.86,0,150.72
,,,,,,,,4849,0,0,0,0,101.028,0,144.24,0,137.64
,,,,,,,,4850,0,0,0,0,92.904,0,132.66,0,126.6
,,,,,,,,4851,0,0,0,0,87.684,0,125.22,0,119.52
,,,,,,,,4852,0,0,0,0,84.396,0,120.48,0,115.08
,,,,,,,,4853,0,0,0,0,82.356,0,117.6,0,112.2
,,,,,,,,4854,0,0,0,0,81.54,0,116.46,0,111.12
,,,,,,,,4855,0,0,0,0,80.736,0,115.32,0,110.04
,,,,,,,,4856,0,0,0,0,83.208,0,118.8,0,113.4
,,,,,,,,4857,0,0,0,0,90.648,0,129.48,0,123.6
,,,,,,,,4858,0,0,0,0,100.836,0,144,0,137.52
,,,,,,,,4859,0,0,0,0,110.076,0,157.2,0,150.12
,,,,,,,,4860,0,0,0,0,117.684,0,168,0,160.44
,,,,,,,,4861,0,0,0,0,123.828,0,176.82,0,168.84
,,,,,,,,4862,0,0,0,0,128.196,0,183.06,0,174.72
,,,,,,,,4863,0,0,0,0,130.704,0,186.66,0,178.2
,,,,,,,,4864,0,0,0,0,133.032,0,189.96,0,181.32
,,,,,,,,4865,0,0,0,0,135.384,0,193.32,0,184.56
,,,,,,,,4866,0,0,0,0,138.504,0,197.76,0,188.88
,,,,,,,,4867,0,0,0,0,140.46,0,200.58,0,191.4
,,,,,,,,4868,0,0,0,0,138.948,0,198.42,0,189.48
,,,,,,,,4869,0,0,0,0,135.228,0,193.14,0,184.32
,,,,,,,,4870,0,0,0,0,135.312,0,193.26,0,184.44
,,,,,,,,4871,0,0,0,0,131.916,0,188.4,0,179.88
,,,,,,,,4872,0,0,0,0,121.632,0,173.7,0,165.84
,,,,,,,,4873,0,0,0,0,110.448,0,157.74,0,150.6
,,,,,,,,4874,0,0,0,0,102.036,0,145.74,0,139.08
,,,,,,,,4875,0,0,0,0,96.588,0,137.94,0,131.64
,,,,,,,,4876,0,0,0,0,93.468,0,133.44,0,127.44
,,,,,,,,4877,0,0,0,0,92.376,0,131.94,0,126
,,,,,,,,4878,0,0,0,0,94.26,0,134.64,0,128.4
,,,,,,,,4879,0,0,0,0,100.26,0,143.16,0,136.68
,,,,,,,,4880,0,0,0,0,111.024,0,158.58,0,151.44
,,,,,,,,4881,0,0,0,0,123.804,0,176.76,0,168.84
,,,,,,,,4882,0,0,0,0,133.164,0,190.2,0,181.56
,,,,,,,,4883,0,0,0,0,140.148,0,200.16,0,191.04
,,,,,,,,4884,0,0,0,0,146.7,0,209.52,0,199.92
,,,,,,,,4885,0,0,0,0,151.932,0,216.96,0,207.24
,,,,,,,,4886,0,0,0,0,155.58,0,222.18,0,212.04
,,,,,,,,4887,0,0,0,0,160.824,0,229.68,0,219.24
,,,,,,,,4888,0,0,0,0,164.916,0,235.5,0,224.76
,,,,,,,,4889,0,0,0,0,167.928,0,239.82,0,228.96
,,,,,,,,4890,0,0,0,0,169.752,0,242.4,0,231.48
,,,,,,,,4891,0,0,0,0,169.068,0,241.44,0,230.52
,,,,,,,,4892,0,0,0,0,165.108,0,235.8,0,225.12
,,,,,,,,4893,0,0,0,0,160.932,0,229.8,0,219.36
,,,,,,,,4894,0,0,0,0,161.232,0,230.22,0,219.84
,,,,,,,,4895,0,0,0,0,155.22,0,221.64,0,211.56
,,,,,,,,4896,0,0,0,0,141.744,0,202.38,0,193.32
,,,,,,,,4897,0,0,0,0,127.908,0,182.64,0,174.36
,,,,,,,,4898,0,0,0,0,117.876,0,168.3,0,160.68
,,,,,,,,4899,0,0,0,0,111.648,0,159.42,0,152.16
,,,,,,,,4900,0,0,0,0,107.712,0,153.84,0,146.88
,,,,,,,,4901,0,0,0,0,105.936,0,151.26,0,144.36
,,,,,,,,4902,0,0,0,0,106.776,0,152.46,0,145.56
,,,,,,,,4903,0,0,0,0,111.528,0,159.3,0,152.04
,,,,,,,,4904,0,0,0,0,121.764,0,173.88,0,165.96
,,,,,,,,4905,0,0,0,0,135.744,0,193.86,0,185.04
,,,,,,,,4906,0,0,0,0,147.804,0,211.08,0,201.48
,,,,,,,,4907,0,0,0,0,157.704,0,225.24,0,215.04
,,,,,,,,4908,0,0,0,0,166.512,0,237.78,0,227.04
,,,,,,,,4909,0,0,0,0,172.224,0,245.94,0,234.84
,,,,,,,,4910,0,0,0,0,177.192,0,253.02,0,241.68
,,,,,,,,4911,0,0,0,0,181.488,0,259.14,0,247.44
,,,,,,,,4912,0,0,0,0,183.12,0,261.48,0,249.6
,,,,,,,,4913,0,0,0,0,181.524,0,259.2,0,247.44
,,,,,,,,4914,0,0,0,0,178.416,0,254.82,0,243.24
,,,,,,,,4915,0,0,0,0,174.456,0,249.12,0,237.84
,,,,,,,,4916,0,0,0,0,168.216,0,240.18,0,229.32
,,,,,,,,4917,0,0,0,0,161.832,0,231.12,0,220.68
,,,,,,,,4918,0,0,0,0,159.024,0,227.1,0,216.84
,,,,,,,,4919,0,0,0,0,150.432,0,214.86,0,205.08
,,,,,,,,4920,0,0,0,0,134.676,0,192.3,0,183.6
,,,,,,,,4921,0,0,0,0,119.4,0,170.52,0,162.84
,,,,,,,,4922,0,0,0,0,107.796,0,153.9,0,147
,,,,,,,,4923,0,0,0,0,100.308,0,143.22,0,136.8
,,,,,,,,4924,0,0,0,0,95.676,0,136.62,0,130.44
,,,,,,,,4925,0,0,0,0,92.964,0,132.78,0,126.72
,,,,,,,,4926,0,0,0,0,93.324,0,133.26,0,127.2
,,,,,,,,4927,0,0,0,0,97.404,0,139.14,0,132.72
,,,,,,,,4928,0,0,0,0,107.244,0,153.18,0,146.16
,,,,,,,,4929,0,0,0,0,119.892,0,171.24,0,163.44
,,,,,,,,4930,0,0,0,0,128.808,0,183.9,0,175.68
,,,,,,,,4931,0,0,0,0,134.904,0,192.66,0,183.96
,,,,,,,,4932,0,0,0,0,139.692,0,199.5,0,190.44
,,,,,,,,4933,0,0,0,0,142.788,0,203.88,0,194.64
,,,,,,,,4934,0,0,0,0,144.888,0,206.94,0,197.52
,,,,,,,,4935,0,0,0,0,147.888,0,211.2,0,201.72
,,,,,,,,4936,0,0,0,0,150.42,0,214.8,0,205.08
,,,,,,,,4937,0,0,0,0,152.736,0,218.1,0,208.2
,,,,,,,,4938,0,0,0,0,154.752,0,220.98,0,210.96
,,,,,,,,4939,0,0,0,0,154.668,0,220.86,0,210.84
,,,,,,,,4940,0,0,0,0,150.528,0,214.92,0,205.32
,,,,,,,,4941,0,0,0,0,145.14,0,207.3,0,197.88
,,,,,,,,4942,0,0,0,0,145.356,0,207.6,0,198.12
,,,,,,,,4943,0,0,0,0,139.812,0,199.62,0,190.68
,,,,,,,,4944,0,0,0,0,127.128,0,181.5,0,173.28
,,,,,,,,4945,0,0,0,0,114.12,0,162.96,0,155.64
,,,,,,,,4946,0,0,0,0,105.108,0,150.12,0,143.28
,,,,,,,,4947,0,0,0,0,99.168,0,141.6,0,135.12
,,,,,,,,4948,0,0,0,0,95.604,0,136.5,0,130.32
,,,,,,,,4949,0,0,0,0,94.188,0,134.52,0,128.4
,,,,,,,,4950,0,0,0,0,95.448,0,136.32,0,130.2
,,,,,,,,4951,0,0,0,0,101.46,0,144.9,0,138.24
,,,,,,,,4952,0,0,0,0,112.512,0,160.68,0,153.36
,,,,,,,,4953,0,0,0,0,124.536,0,177.84,0,169.8
,,,,,,,,4954,0,0,0,0,132.564,0,189.36,0,180.72
,,,,,,,,4955,0,0,0,0,138.072,0,197.16,0,188.28
,,,,,,,,4956,0,0,0,0,142.188,0,203.04,0,193.8
,,,,,,,,4957,0,0,0,0,144.552,0,206.46,0,197.04
,,,,,,,,4958,0,0,0,0,146.568,0,209.34,0,199.92
,,,,,,,,4959,0,0,0,0,150.876,0,215.52,0,205.68
,,,,,,,,4960,0,0,0,0,154.668,0,220.92,0,210.84
,,,,,,,,4961,0,0,0,0,158.16,0,225.9,0,215.64
,,,,,,,,4962,0,0,0,0,161.676,0,230.88,0,220.44
,,,,,,,,4963,0,0,0,0,163.584,0,233.58,0,222.96
,,,,,,,,4964,0,0,0,0,161.844,0,231.12,0,220.68
,,,,,,,,4965,0,0,0,0,159.432,0,227.7,0,217.44
,,,,,,,,4966,0,0,0,0,157.812,0,225.36,0,215.16
,,,,,,,,4967,0,0,0,0,149.988,0,214.2,0,204.48
,,,,,,,,4968,0,0,0,0,137.004,0,195.6,0,186.72
,,,,,,,,4969,0,0,0,0,124.068,0,177.18,0,169.08
,,,,,,,,4970,0,0,0,0,114.576,0,163.62,0,156.24
,,,,,,,,4971,0,0,0,0,108.156,0,154.44,0,147.48
,,,,,,,,4972,0,0,0,0,103.932,0,148.44,0,141.72
,,,,,,,,4973,0,0,0,0,101.82,0,145.44,0,138.72
,,,,,,,,4974,0,0,0,0,102.732,0,146.7,0,140.04
,,,,,,,,4975,0,0,0,0,108.516,0,154.98,0,147.96
,,,,,,,,4976,0,0,0,0,118.656,0,169.5,0,161.76
,,,,,,,,4977,0,0,0,0,130.404,0,186.24,0,177.72
,,,,,,,,4978,0,0,0,0,138.78,0,198.18,0,189.24
,,,,,,,,4979,0,0,0,0,145.644,0,207.96,0,198.6
,,,,,,,,4980,0,0,0,0,151.656,0,216.6,0,206.76
,,,,,,,,4981,0,0,0,0,156,0,222.78,0,212.64
,,,,,,,,4982,0,0,0,0,158.712,0,226.62,0,216.36
,,,,,,,,4983,0,0,0,0,160.524,0,229.26,0,218.88
,,,,,,,,4984,0,0,0,0,160.512,0,229.26,0,218.76
,,,,,,,,4985,0,0,0,0,159.696,0,228.06,0,217.68
,,,,,,,,4986,0,0,0,0,158.736,0,226.68,0,216.36
,,,,,,,,4987,0,0,0,0,157.356,0,224.76,0,214.56
,,,,,,,,4988,0,0,0,0,153.528,0,219.24,0,209.28
,,,,,,,,4989,0,0,0,0,148.848,0,212.58,0,202.92
,,,,,,,,4990,0,0,0,0,147.156,0,210.12,0,200.64
,,,,,,,,4991,0,0,0,0,142.584,0,203.64,0,194.4
,,,,,,,,4992,0,0,0,0,131.676,0,188.04,0,179.52
,,,,,,,,4993,0,0,0,0,119.724,0,171,0,163.2
,,,,,,,,4994,0,0,0,0,109.896,0,156.9,0,149.76
,,,,,,,,4995,0,0,0,0,102.96,0,147,0,140.4
,,,,,,,,4996,0,0,0,0,98.388,0,140.52,0,134.16
,,,,,,,,4997,0,0,0,0,95.616,0,136.56,0,130.32
,,,,,,,,4998,0,0,0,0,94.992,0,135.66,0,129.48
,,,,,,,,4999,0,0,0,0,95.832,0,136.86,0,130.68
,,,,,,,,5000,0,0,0,0,99.504,0,142.14,0,135.6
,,,,,,,,5001,0,0,0,0,108.312,0,154.68,0,147.72
,,,,,,,,5002,0,0,0,0,119.436,0,170.58,0,162.84
,,,,,,,,5003,0,0,0,0,129.384,0,184.8,0,176.4
,,,,,,,,5004,0,0,0,0,136.476,0,194.88,0,186
,,,,,,,,5005,0,0,0,0,140.232,0,200.22,0,191.16
,,,,,,,,5006,0,0,0,0,141.672,0,202.26,0,193.2
,,,,,,,,5007,0,0,0,0,141.768,0,202.44,0,193.32
,,,,,,,,5008,0,0,0,0,140.652,0,200.82,0,191.76
,,,,,,,,5009,0,0,0,0,137.412,0,196.26,0,187.32
,,,,,,,,5010,0,0,0,0,134.604,0,192.24,0,183.6
,,,,,,,,5011,0,0,0,0,133.272,0,190.32,0,181.8
,,,,,,,,5012,0,0,0,0,131.232,0,187.38,0,178.92
,,,,,,,,5013,0,0,0,0,129.492,0,184.86,0,176.52
,,,,,,,,5014,0,0,0,0,129.528,0,184.98,0,176.64
,,,,,,,,5015,0,0,0,0,124.92,0,178.38,0,170.28
,,,,,,,,5016,0,0,0,0,116.736,0,166.68,0,159.12
,,,,,,,,5017,0,0,0,0,107.568,0,153.6,0,146.64
,,,,,,,,5018,0,0,0,0,99.6,0,142.2,0,135.72
,,,,,,,,5019,0,0,0,0,94.404,0,134.82,0,128.64
,,,,,,,,5020,0,0,0,0,91.008,0,129.96,0,124.08
,,,,,,,,5021,0,0,0,0,89.04,0,127.14,0,121.32
,,,,,,,,5022,0,0,0,0,88.572,0,126.48,0,120.72
,,,,,,,,5023,0,0,0,0,89.268,0,127.44,0,121.68
,,,,,,,,5024,0,0,0,0,90.816,0,129.66,0,123.72
,,,,,,,,5025,0,0,0,0,96.72,0,138.12,0,131.88
,,,,,,,,5026,0,0,0,0,105.132,0,150.12,0,143.4
,,,,,,,,5027,0,0,0,0,112.68,0,160.92,0,153.6
,,,,,,,,5028,0,0,0,0,117.9,0,168.36,0,160.68
,,,,,,,,5029,0,0,0,0,121.812,0,173.94,0,166.08
,,,,,,,,5030,0,0,0,0,124.176,0,177.3,0,169.32
,,,,,,,,5031,0,0,0,0,124.464,0,177.72,0,169.68
,,,,,,,,5032,0,0,0,0,124.068,0,177.18,0,169.08
,,,,,,,,5033,0,0,0,0,123.48,0,176.34,0,168.36
,,,,,,,,5034,0,0,0,0,124.68,0,178.08,0,170.04
,,,,,,,,5035,0,0,0,0,126.408,0,180.54,0,172.32
,,,,,,,,5036,0,0,0,0,125.7,0,179.46,0,171.36
,,,,,,,,5037,0,0,0,0,123.9,0,176.94,0,168.96
,,,,,,,,5038,0,0,0,0,125.256,0,178.86,0,170.76
,,,,,,,,5039,0,0,0,0,121.56,0,173.58,0,165.72
,,,,,,,,5040,0,0,0,0,112.356,0,160.5,0,153.24
,,,,,,,,5041,0,0,0,0,102.372,0,146.16,0,139.56
,,,,,,,,5042,0,0,0,0,94.476,0,134.94,0,128.76
,,,,,,,,5043,0,0,0,0,89.568,0,127.92,0,122.04
,,,,,,,,5044,0,0,0,0,86.784,0,123.9,0,118.32
,,,,,,,,5045,0,0,0,0,85.656,0,122.28,0,116.76
,,,,,,,,5046,0,0,0,0,87.432,0,124.86,0,119.16
,,,,,,,,5047,0,0,0,0,92.7,0,132.42,0,126.36
,,,,,,,,5048,0,0,0,0,102.972,0,147.06,0,140.4
,,,,,,,,5049,0,0,0,0,116.184,0,165.9,0,158.4
,,,,,,,,5050,0,0,0,0,126.324,0,180.36,0,172.2
,,,,,,,,5051,0,0,0,0,133.872,0,191.16,0,182.52
,,,,,,,,5052,0,0,0,0,140.472,0,200.58,0,191.52
,,,,,,,,5053,0,0,0,0,145.284,0,207.48,0,198.12
,,,,,,,,5054,0,0,0,0,148.908,0,212.64,0,202.92
,,,,,,,,5055,0,0,0,0,152.892,0,218.34,0,208.44
,,,,,,,,5056,0,0,0,0,155.484,0,222.06,0,212.04
,,,,,,,,5057,0,0,0,0,156.912,0,224.1,0,213.96
,,,,,,,,5058,0,0,0,0,158.136,0,225.84,0,215.64
,,,,,,,,5059,0,0,0,0,157.26,0,224.52,0,214.44
,,,,,,,,5060,0,0,0,0,153.048,0,218.52,0,208.68
,,,,,,,,5061,0,0,0,0,147.336,0,210.36,0,200.88
,,,,,,,,5062,0,0,0,0,145.98,0,208.5,0,199.08
,,,,,,,,5063,0,0,0,0,139.308,0,198.96,0,189.96
,,,,,,,,5064,0,0,0,0,125.616,0,179.4,0,171.24
,,,,,,,,5065,0,0,0,0,112.14,0,160.14,0,152.88
,,,,,,,,5066,0,0,0,0,102.348,0,146.16,0,139.56
,,,,,,,,5067,0,0,0,0,96.264,0,137.46,0,131.28
,,,,,,,,5068,0,0,0,0,92.664,0,132.3,0,126.36
,,,,,,,,5069,0,0,0,0,90.864,0,129.78,0,123.84
,,,,,,,,5070,0,0,0,0,91.944,0,131.34,0,125.4
,,,,,,,,5071,0,0,0,0,97.032,0,138.54,0,132.24
,,,,,,,,5072,0,0,0,0,107.088,0,152.94,0,145.92
,,,,,,,,5073,0,0,0,0,119.616,0,170.82,0,163.08
,,,,,,,,5074,0,0,0,0,128.568,0,183.6,0,175.2
,,,,,,,,5075,0,0,0,0,134.952,0,192.72,0,184.08
,,,,,,,,5076,0,0,0,0,140.484,0,200.64,0,191.52
,,,,,,,,5077,0,0,0,0,143.88,0,205.5,0,196.2
,,,,,,,,5078,0,0,0,0,145.848,0,208.26,0,198.84
,,,,,,,,5079,0,0,0,0,148.056,0,211.44,0,201.84
,,,,,,,,5080,0,0,0,0,148.08,0,211.5,0,201.84
,,,,,,,,5081,0,0,0,0,146.52,0,209.22,0,199.8
,,,,,,,,5082,0,0,0,0,144.996,0,207.06,0,197.64
,,,,,,,,5083,0,0,0,0,143.4,0,204.78,0,195.48
,,,,,,,,5084,0,0,0,0,140.772,0,201.06,0,192
,,,,,,,,5085,0,0,0,0,138.804,0,198.24,0,189.24
,,,,,,,,5086,0,0,0,0,139.704,0,199.5,0,190.44
,,,,,,,,5087,0,0,0,0,133.452,0,190.56,0,181.92
,,,,,,,,5088,0,0,0,0,121.788,0,173.94,0,165.96
,,,,,,,,5089,0,0,0,0,110.412,0,157.68,0,150.48
,,,,,,,,5090,0,0,0,0,101.832,0,145.44,0,138.72
,,,,,,,,5091,0,0,0,0,96.432,0,137.7,0,131.4
,,,,,,,,5092,0,0,0,0,93.144,0,133.02,0,126.96
,,,,,,,,5093,0,0,0,0,91.776,0,131.04,0,125.16
,,,,,,,,5094,0,0,0,0,93.204,0,133.14,0,127.08
,,,,,,,,5095,0,0,0,0,99.024,0,141.42,0,135
,,,,,,,,5096,0,0,0,0,109.488,0,156.36,0,149.28
,,,,,,,,5097,0,0,0,0,122.424,0,174.84,0,166.92
,,,,,,,,5098,0,0,0,0,132.012,0,188.52,0,180
,,,,,,,,5099,0,0,0,0,139.968,0,199.86,0,190.8
,,,,,,,,5100,0,0,0,0,146.988,0,209.94,0,200.4
,,,,,,,,5101,0,0,0,0,152.148,0,217.26,0,207.36
,,,,,,,,5102,0,0,0,0,156.024,0,222.78,0,212.64
,,,,,,,,5103,0,0,0,0,159.444,0,227.7,0,217.44
,,,,,,,,5104,0,0,0,0,160.608,0,229.32,0,219
,,,,,,,,5105,0,0,0,0,159.096,0,227.22,0,216.84
,,,,,,,,5106,0,0,0,0,157.776,0,225.36,0,215.16
,,,,,,,,5107,0,0,0,0,155.88,0,222.6,0,212.52
,,,,,,,,5108,0,0,0,0,152.316,0,217.5,0,207.72
,,,,,,,,5109,0,0,0,0,148.98,0,212.76,0,203.16
,,,,,,,,5110,0,0,0,0,149.22,0,213.06,0,203.52
,,,,,,,,5111,0,0,0,0,143.34,0,204.66,0,195.48
,,,,,,,,5112,0,0,0,0,130.476,0,186.3,0,177.84
,,,,,,,,5113,0,0,0,0,117.708,0,168.06,0,160.56
,,,,,,,,5114,0,0,0,0,108.552,0,155.04,0,147.96
,,,,,,,,5115,0,0,0,0,102.684,0,146.64,0,139.92
,,,,,,,,5116,0,0,0,0,98.964,0,141.3,0,134.88
,,,,,,,,5117,0,0,0,0,97.716,0,139.5,0,133.2
,,,,,,,,5118,0,0,0,0,98.964,0,141.3,0,134.88
,,,,,,,,5119,0,0,0,0,104.784,0,149.64,0,142.92
,,,,,,,,5120,0,0,0,0,115.416,0,164.82,0,157.32
,,,,,,,,5121,0,0,0,0,128.928,0,184.14,0,175.68
,,,,,,,,5122,0,0,0,0,139.908,0,199.8,0,190.8
,,,,,,,,5123,0,0,0,0,149.712,0,213.78,0,204.12
,,,,,,,,5124,0,0,0,0,158.976,0,227.04,0,216.84
,,,,,,,,5125,0,0,0,0,166.2,0,237.36,0,226.56
,,,,,,,,5126,0,0,0,0,171.168,0,244.44,0,233.4
,,,,,,,,5127,0,0,0,0,176.004,0,251.34,0,239.88
,,,,,,,,5128,0,0,0,0,178.944,0,255.54,0,243.96
,,,,,,,,5129,0,0,0,0,180.768,0,258.18,0,246.48
,,,,,,,,5130,0,0,0,0,181.644,0,259.38,0,247.68
,,,,,,,,5131,0,0,0,0,180.78,0,258.18,0,246.48
,,,,,,,,5132,0,0,0,0,176.724,0,252.36,0,240.96
,,,,,,,,5133,0,0,0,0,171.12,0,244.32,0,233.28
,,,,,,,,5134,0,0,0,0,169.752,0,242.4,0,231.48
,,,,,,,,5135,0,0,0,0,162.504,0,232.02,0,221.64
,,,,,,,,5136,0,0,0,0,147.576,0,210.72,0,201.12
,,,,,,,,5137,0,0,0,0,133.104,0,190.08,0,181.44
,,,,,,,,5138,0,0,0,0,121.524,0,173.52,0,165.72
,,,,,,,,5139,0,0,0,0,114.144,0,162.96,0,155.64
,,,,,,,,5140,0,0,0,0,109.044,0,155.7,0,148.68
,,,,,,,,5141,0,0,0,0,106.428,0,151.98,0,145.08
,,,,,,,,5142,0,0,0,0,106.944,0,152.7,0,145.8
,,,,,,,,5143,0,0,0,0,112.092,0,160.08,0,152.76
,,,,,,,,5144,0,0,0,0,122.424,0,174.84,0,166.92
,,,,,,,,5145,0,0,0,0,135.96,0,194.16,0,185.4
,,,,,,,,5146,0,0,0,0,148.188,0,211.62,0,202.08
,,,,,,,,5147,0,0,0,0,159.12,0,227.22,0,216.96
,,,,,,,,5148,0,0,0,0,169.692,0,242.34,0,231.48
,,,,,,,,5149,0,0,0,0,177.552,0,253.56,0,242.04
,,,,,,,,5150,0,0,0,0,182.952,0,261.24,0,249.48
,,,,,,,,5151,0,0,0,0,187.62,0,267.96,0,255.84
,,,,,,,,5152,0,0,0,0,190.74,0,272.4,0,260.04
,,,,,,,,5153,0,0,0,0,191.856,0,273.96,0,261.6
,,,,,,,,5154,0,0,0,0,191.76,0,273.78,0,261.48
,,,,,,,,5155,0,0,0,0,189.216,0,270.18,0,258
,,,,,,,,5156,0,0,0,0,183.108,0,261.48,0,249.6
,,,,,,,,5157,0,0,0,0,176.928,0,252.66,0,241.2
,,,,,,,,5158,0,0,0,0,175.476,0,250.56,0,239.28
,,,,,,,,5159,0,0,0,0,168.816,0,241.02,0,230.16
,,,,,,,,5160,0,0,0,0,155.268,0,221.7,0,211.68
,,,,,,,,5161,0,0,0,0,141.036,0,201.36,0,192.24
,,,,,,,,5162,0,0,0,0,128.508,0,183.48,0,175.2
,,,,,,,,5163,0,0,0,0,120.6,0,172.2,0,164.4
,,,,,,,,5164,0,0,0,0,114.792,0,163.92,0,156.48
,,,,,,,,5165,0,0,0,0,111.084,0,158.64,0,151.44
,,,,,,,,5166,0,0,0,0,109.452,0,156.3,0,149.16
,,,,,,,,5167,0,0,0,0,109.92,0,156.96,0,149.88
,,,,,,,,5168,0,0,0,0,113.712,0,162.36,0,155.04
,,,,,,,,5169,0,0,0,0,124.008,0,177.06,0,168.96
,,,,,,,,5170,0,0,0,0,137.496,0,196.32,0,187.44
,,,,,,,,5171,0,0,0,0,149.904,0,214.08,0,204.36
,,,,,,,,5172,0,0,0,0,160.776,0,229.62,0,219.24
,,,,,,,,5173,0,0,0,0,168.816,0,241.02,0,230.16
,,,,,,,,5174,0,0,0,0,173.808,0,248.22,0,236.88
,,,,,,,,5175,0,0,0,0,176.748,0,252.42,0,241.08
,,,,,,,,5176,0,0,0,0,178.416,0,254.82,0,243.24
,,,,,,,,5177,0,0,0,0,178.584,0,255,0,243.48
,,,,,,,,5178,0,0,0,0,177.048,0,252.78,0,241.44
,,,,,,,,5179,0,0,0,0,173.724,0,248.1,0,236.88
,,,,,,,,5180,0,0,0,0,167.868,0,239.7,0,228.96
,,,,,,,,5181,0,0,0,0,162.144,0,231.54,0,221.16
,,,,,,,,5182,0,0,0,0,161.436,0,230.52,0,220.08
,,,,,,,,5183,0,0,0,0,155.472,0,222,0,212.04
,,,,,,,,5184,0,0,0,0,144.612,0,206.46,0,197.16
,,,,,,,,5185,0,0,0,0,132.888,0,189.78,0,181.08
,,,,,,,,5186,0,0,0,0,123.3,0,176.1,0,168.12
,,,,,,,,5187,0,0,0,0,116.424,0,166.26,0,158.64
,,,,,,,,5188,0,0,0,0,111.984,0,159.9,0,152.64
,,,,,,,,5189,0,0,0,0,109.14,0,155.88,0,148.8
,,,,,,,,5190,0,0,0,0,108.132,0,154.44,0,147.36
,,,,,,,,5191,0,0,0,0,108.504,0,154.98,0,147.84
,,,,,,,,5192,0,0,0,0,110.796,0,158.22,0,151.08
,,,,,,,,5193,0,0,0,0,118.932,0,169.86,0,162.12
,,,,,,,,5194,0,0,0,0,130.68,0,186.66,0,178.08
,,,,,,,,5195,0,0,0,0,143.16,0,204.42,0,195.12
,,,,,,,,5196,0,0,0,0,153.48,0,219.18,0,209.28
,,,,,,,,5197,0,0,0,0,161.916,0,231.24,0,220.8
,,,,,,,,5198,0,0,0,0,168.204,0,240.18,0,229.32
,,,,,,,,5199,0,0,0,0,171.132,0,244.38,0,233.28
,,,,,,,,5200,0,0,0,0,171.984,0,245.58,0,234.48
,,,,,,,,5201,0,0,0,0,172.056,0,245.7,0,234.6
,,,,,,,,5202,0,0,0,0,170.928,0,244.08,0,233.04
,,,,,,,,5203,0,0,0,0,167.424,0,239.1,0,228.24
,,,,,,,,5204,0,0,0,0,163.968,0,234.12,0,223.56
,,,,,,,,5205,0,0,0,0,161.412,0,230.52,0,220.08
,,,,,,,,5206,0,0,0,0,160.512,0,229.2,0,218.76
,,,,,,,,5207,0,0,0,0,154.008,0,219.9,0,210
,,,,,,,,5208,0,0,0,0,142.788,0,203.88,0,194.64
,,,,,,,,5209,0,0,0,0,130.86,0,186.9,0,178.44
,,,,,,,,5210,0,0,0,0,121.164,0,173.04,0,165.24
,,,,,,,,5211,0,0,0,0,115.152,0,164.4,0,156.96
,,,,,,,,5212,0,0,0,0,111.552,0,159.3,0,152.04
,,,,,,,,5213,0,0,0,0,109.788,0,156.78,0,149.64
,,,,,,,,5214,0,0,0,0,111.168,0,158.76,0,151.56
,,,,,,,,5215,0,0,0,0,116.856,0,166.86,0,159.36
,,,,,,,,5216,0,0,0,0,126.888,0,181.2,0,173.04
,,,,,,,,5217,0,0,0,0,140.796,0,201.06,0,192
,,,,,,,,5218,0,0,0,0,151.86,0,216.84,0,207.12
,,,,,,,,5219,0,0,0,0,159.648,0,228,0,217.68
,,,,,,,,5220,0,0,0,0,164.16,0,234.42,0,223.8
,,,,,,,,5221,0,0,0,0,167.64,0,239.4,0,228.48
,,,,,,,,5222,0,0,0,0,169.824,0,242.52,0,231.48
,,,,,,,,5223,0,0,0,0,171.9,0,245.52,0,234.48
,,,,,,,,5224,0,0,0,0,172.728,0,246.66,0,235.56
,,,,,,,,5225,0,0,0,0,173.076,0,247.14,0,236.04
,,,,,,,,5226,0,0,0,0,172.32,0,246.12,0,234.96
,,,,,,,,5227,0,0,0,0,169.428,0,241.92,0,231
,,,,,,,,5228,0,0,0,0,162.948,0,232.68,0,222.24
,,,,,,,,5229,0,0,0,0,156.096,0,222.9,0,212.76
,,,,,,,,5230,0,0,0,0,154.32,0,220.32,0,210.36
,,,,,,,,5231,0,0,0,0,145.776,0,208.14,0,198.72
,,,,,,,,5232,0,0,0,0,130.68,0,186.6,0,178.08
,,,,,,,,5233,0,0,0,0,116.748,0,166.68,0,159.12
,,,,,,,,5234,0,0,0,0,106.092,0,151.5,0,144.72
,,,,,,,,5235,0,0,0,0,99.48,0,142.08,0,135.6
,,,,,,,,5236,0,0,0,0,95.28,0,136.08,0,129.84
,,,,,,,,5237,0,0,0,0,93.36,0,133.32,0,127.2
,,,,,,,,5238,0,0,0,0,94.104,0,134.4,0,128.28
,,,,,,,,5239,0,0,0,0,98.916,0,141.24,0,134.88
,,,,,,,,5240,0,0,0,0,108.6,0,155.04,0,148.08
,,,,,,,,5241,0,0,0,0,121.44,0,173.4,0,165.6
,,,,,,,,5242,0,0,0,0,130.632,0,186.54,0,178.08
,,,,,,,,5243,0,0,0,0,138.156,0,197.28,0,188.4
,,,,,,,,5244,0,0,0,0,144.984,0,207.06,0,197.64
,,,,,,,,5245,0,0,0,0,150.228,0,214.56,0,204.84
,,,,,,,,5246,0,0,0,0,153.876,0,219.72,0,209.76
,,,,,,,,5247,0,0,0,0,157.776,0,225.3,0,215.16
,,,,,,,,5248,0,0,0,0,159.948,0,228.42,0,218.04
,,,,,,,,5249,0,0,0,0,161.376,0,230.46,0,219.96
,,,,,,,,5250,0,0,0,0,162.072,0,231.42,0,221.04
,,,,,,,,5251,0,0,0,0,160.38,0,229.02,0,218.76
,,,,,,,,5252,0,0,0,0,155.724,0,222.36,0,212.28
,,,,,,,,5253,0,0,0,0,150.972,0,215.58,0,205.92
,,,,,,,,5254,0,0,0,0,151.536,0,216.36,0,206.52
,,,,,,,,5255,0,0,0,0,144.48,0,206.34,0,196.92
,,,,,,,,5256,0,0,0,0,131.004,0,187.08,0,178.68
,,,,,,,,5257,0,0,0,0,117.78,0,168.18,0,160.56
,,,,,,,,5258,0,0,0,0,107.844,0,154.02,0,147
,,,,,,,,5259,0,0,0,0,101.268,0,144.6,0,138.12
,,,,,,,,5260,0,0,0,0,96.984,0,138.48,0,132.12
,,,,,,,,5261,0,0,0,0,94.848,0,135.48,0,129.24
,,,,,,,,5262,0,0,0,0,95.868,0,136.92,0,130.68
,,,,,,,,5263,0,0,0,0,101.172,0,144.48,0,138
,,,,,,,,5264,0,0,0,0,111.204,0,158.82,0,151.56
,,,,,,,,5265,0,0,0,0,124.608,0,177.9,0,169.92
,,,,,,,,5266,0,0,0,0,135.96,0,194.16,0,185.4
,,,,,,,,5267,0,0,0,0,145.536,0,207.84,0,198.48
,,,,,,,,5268,0,0,0,0,154.764,0,220.98,0,210.96
,,,,,,,,5269,0,0,0,0,161.7,0,230.88,0,220.44
,,,,,,,,5270,0,0,0,0,166.62,0,237.96,0,227.16
,,,,,,,,5271,0,0,0,0,171.18,0,244.44,0,233.4
,,,,,,,,5272,0,0,0,0,173.64,0,247.92,0,236.76
,,,,,,,,5273,0,0,0,0,174.78,0,249.6,0,238.32
,,,,,,,,5274,0,0,0,0,174.324,0,248.94,0,237.72
,,,,,,,,5275,0,0,0,0,171.864,0,245.46,0,234.36
,,,,,,,,5276,0,0,0,0,167.112,0,238.62,0,227.76
,,,,,,,,5277,0,0,0,0,163.068,0,232.86,0,222.36
,,,,,,,,5278,0,0,0,0,163.608,0,233.64,0,223.08
,,,,,,,,5279,0,0,0,0,155.7,0,222.36,0,212.28
,,,,,,,,5280,0,0,0,0,141.552,0,202.14,0,192.96
,,,,,,,,5281,0,0,0,0,127.14,0,181.56,0,173.28
,,,,,,,,5282,0,0,0,0,116.064,0,165.72,0,158.16
,,,,,,,,5283,0,0,0,0,109.764,0,156.78,0,149.64
,,,,,,,,5284,0,0,0,0,105.528,0,150.72,0,143.88
,,,,,,,,5285,0,0,0,0,103.572,0,147.9,0,141.12
,,,,,,,,5286,0,0,0,0,104.556,0,149.34,0,142.56
,,,,,,,,5287,0,0,0,0,110.568,0,157.92,0,150.72
,,,,,,,,5288,0,0,0,0,120.78,0,172.5,0,164.64
,,,,,,,,5289,0,0,0,0,134.112,0,191.52,0,182.88
,,,,,,,,5290,0,0,0,0,145.668,0,208.02,0,198.6
,,,,,,,,5291,0,0,0,0,156.156,0,222.96,0,212.88
,,,,,,,,5292,0,0,0,0,166.248,0,237.42,0,226.68
,,,,,,,,5293,0,0,0,0,173.952,0,248.4,0,237.12
,,,,,,,,5294,0,0,0,0,179.112,0,255.72,0,244.2
,,,,,,,,5295,0,0,0,0,183.36,0,261.84,0,250.08
,,,,,,,,5296,0,0,0,0,184.944,0,264.12,0,252.12
,,,,,,,,5297,0,0,0,0,185.136,0,264.42,0,252.48
,,,,,,,,5298,0,0,0,0,184.032,0,262.74,0,250.92
,,,,,,,,5299,0,0,0,0,180.72,0,258.06,0,246.36
,,,,,,,,5300,0,0,0,0,174.528,0,249.18,0,237.96
,,,,,,,,5301,0,0,0,0,170.244,0,243.12,0,232.08
,,,,,,,,5302,0,0,0,0,170.016,0,242.76,0,231.84
,,,,,,,,5303,0,0,0,0,161.508,0,230.64,0,220.2
,,,,,,,,5304,0,0,0,0,147.336,0,210.36,0,200.88
,,,,,,,,5305,0,0,0,0,133.296,0,190.32,0,181.8
,,,,,,,,5306,0,0,0,0,122.88,0,175.5,0,167.52
,,,,,,,,5307,0,0,0,0,116.472,0,166.32,0,158.76
,,,,,,,,5308,0,0,0,0,112.272,0,160.32,0,153.12
,,,,,,,,5309,0,0,0,0,110.4,0,157.68,0,150.48
,,,,,,,,5310,0,0,0,0,111.384,0,159.06,0,151.92
,,,,,,,,5311,0,0,0,0,117.396,0,167.64,0,159.96
,,,,,,,,5312,0,0,0,0,127.74,0,182.4,0,174.12
,,,,,,,,5313,0,0,0,0,140.988,0,201.36,0,192.24
,,,,,,,,5314,0,0,0,0,151.92,0,216.96,0,207.12
,,,,,,,,5315,0,0,0,0,160.752,0,229.56,0,219.24
,,,,,,,,5316,0,0,0,0,167.76,0,239.52,0,228.72
,,,,,,,,5317,0,0,0,0,172.44,0,246.24,0,235.08
,,,,,,,,5318,0,0,0,0,173.508,0,247.74,0,236.52
,,,,,,,,5319,0,0,0,0,172.548,0,246.42,0,235.2
,,,,,,,,5320,0,0,0,0,168.996,0,241.32,0,230.4
,,,,,,,,5321,0,0,0,0,164.112,0,234.36,0,223.8
,,,,,,,,5322,0,0,0,0,161.172,0,230.16,0,219.84
,,,,,,,,5323,0,0,0,0,157.86,0,225.42,0,215.16
,,,,,,,,5324,0,0,0,0,153.468,0,219.12,0,209.28
,,,,,,,,5325,0,0,0,0,150.276,0,214.56,0,204.84
,,,,,,,,5326,0,0,0,0,150.252,0,214.56,0,204.84
,,,,,,,,5327,0,0,0,0,144.624,0,206.52,0,197.16
,,,,,,,,5328,0,0,0,0,134.52,0,192.06,0,183.48
,,,,,,,,5329,0,0,0,0,123.276,0,176.04,0,168.12
,,,,,,,,5330,0,0,0,0,114.12,0,162.9,0,155.64
,,,,,,,,5331,0,0,0,0,108.012,0,154.26,0,147.24
,,,,,,,,5332,0,0,0,0,103.968,0,148.44,0,141.72
,,,,,,,,5333,0,0,0,0,101.7,0,145.2,0,138.72
,,,,,,,,5334,0,0,0,0,101.004,0,144.24,0,137.64
,,,,,,,,5335,0,0,0,0,102.204,0,145.92,0,139.32
,,,,,,,,5336,0,0,0,0,105.6,0,150.84,0,144
,,,,,,,,5337,0,0,0,0,114.372,0,163.32,0,155.88
,,,,,,,,5338,0,0,0,0,125.208,0,178.8,0,170.76
,,,,,,,,5339,0,0,0,0,135.192,0,193.02,0,184.32
,,,,,,,,5340,0,0,0,0,143.568,0,204.96,0,195.72
,,,,,,,,5341,0,0,0,0,148.584,0,212.16,0,202.56
,,,,,,,,5342,0,0,0,0,151.512,0,216.36,0,206.52
,,,,,,,,5343,0,0,0,0,153.288,0,218.88,0,208.92
,,,,,,,,5344,0,0,0,0,154.26,0,220.26,0,210.24
,,,,,,,,5345,0,0,0,0,155.016,0,221.34,0,211.44
,,,,,,,,5346,0,0,0,0,155.64,0,222.24,0,212.16
,,,,,,,,5347,0,0,0,0,155.364,0,221.82,0,211.8
,,,,,,,,5348,0,0,0,0,152.892,0,218.34,0,208.44
,,,,,,,,5349,0,0,0,0,150.36,0,214.74,0,204.96
,,,,,,,,5350,0,0,0,0,151.26,0,216,0,206.16
,,,,,,,,5351,0,0,0,0,145.692,0,208.02,0,198.72
,,,,,,,,5352,0,0,0,0,136.104,0,194.34,0,185.52
,,,,,,,,5353,0,0,0,0,125.376,0,179.04,0,170.88
,,,,,,,,5354,0,0,0,0,116.244,0,165.96,0,158.52
,,,,,,,,5355,0,0,0,0,110.028,0,157.14,0,150
,,,,,,,,5356,0,0,0,0,105.636,0,150.84,0,144
,,,,,,,,5357,0,0,0,0,103.224,0,147.36,0,140.64
,,,,,,,,5358,0,0,0,0,102.336,0,146.1,0,139.44
,,,,,,,,5359,0,0,0,0,103.152,0,147.24,0,140.52
,,,,,,,,5360,0,0,0,0,104.88,0,149.76,0,142.92
,,,,,,,,5361,0,0,0,0,110.232,0,157.44,0,150.24
,,,,,,,,5362,0,0,0,0,119.412,0,170.52,0,162.84
,,,,,,,,5363,0,0,0,0,128.892,0,184.02,0,175.68
,,,,,,,,5364,0,0,0,0,137.1,0,195.78,0,186.96
,,,,,,,,5365,0,0,0,0,143.508,0,204.9,0,195.72
,,,,,,,,5366,0,0,0,0,148.368,0,211.86,0,202.32
,,,,,,,,5367,0,0,0,0,151.416,0,216.24,0,206.52
,,,,,,,,5368,0,0,0,0,154.296,0,220.32,0,210.36
,,,,,,,,5369,0,0,0,0,156.864,0,223.98,0,213.84
,,,,,,,,5370,0,0,0,0,158.736,0,226.68,0,216.36
,,,,,,,,5371,0,0,0,0,159.12,0,227.22,0,216.96
,,,,,,,,5372,0,0,0,0,156.684,0,223.68,0,213.6
,,,,,,,,5373,0,0,0,0,153.192,0,218.76,0,208.92
,,,,,,,,5374,0,0,0,0,153.864,0,219.66,0,209.76
,,,,,,,,5375,0,0,0,0,146.604,0,209.34,0,199.92
,,,,,,,,5376,0,0,0,0,134.148,0,191.52,0,183
,,,,,,,,5377,0,0,0,0,121.404,0,173.4,0,165.48
,,,,,,,,5378,0,0,0,0,111.612,0,159.36,0,152.16
,,,,,,,,5379,0,0,0,0,105.156,0,150.18,0,143.4
,,,,,,,,5380,0,0,0,0,101.076,0,144.3,0,137.76
,,,,,,,,5381,0,0,0,0,98.964,0,141.3,0,134.88
,,,,,,,,5382,0,0,0,0,99.792,0,142.5,0,136.08
,,,,,,,,5383,0,0,0,0,105.096,0,150.06,0,143.28
,,,,,,,,5384,0,0,0,0,114.18,0,163.08,0,155.76
,,,,,,,,5385,0,0,0,0,127.188,0,181.62,0,173.4
,,,,,,,,5386,0,0,0,0,138.096,0,197.16,0,188.28
,,,,,,,,5387,0,0,0,0,147.24,0,210.24,0,200.76
,,,,,,,,5388,0,0,0,0,155.196,0,221.58,0,211.56
,,,,,,,,5389,0,0,0,0,160.8,0,229.62,0,219.24
,,,,,,,,5390,0,0,0,0,164.424,0,234.78,0,224.16
,,,,,,,,5391,0,0,0,0,167.724,0,239.52,0,228.72
,,,,,,,,5392,0,0,0,0,169.932,0,242.64,0,231.72
,,,,,,,,5393,0,0,0,0,170.88,0,244.02,0,233.04
,,,,,,,,5394,0,0,0,0,171.708,0,245.22,0,234.12
,,,,,,,,5395,0,0,0,0,170.508,0,243.42,0,232.44
,,,,,,,,5396,0,0,0,0,165.216,0,235.92,0,225.36
,,,,,,,,5397,0,0,0,0,160.188,0,228.72,0,218.4
,,,,,,,,5398,0,0,0,0,159.66,0,228,0,217.68
,,,,,,,,5399,0,0,0,0,149.988,0,214.2,0,204.48
,,,,,,,,5400,0,0,0,0,135.276,0,193.2,0,184.44
,,,,,,,,5401,0,0,0,0,121.176,0,173.04,0,165.24
,,,,,,,,5402,0,0,0,0,110.736,0,158.1,0,150.96
,,,,,,,,5403,0,0,0,0,103.836,0,148.26,0,141.6
,,,,,,,,5404,0,0,0,0,99.36,0,141.84,0,135.48
,,,,,,,,5405,0,0,0,0,97.176,0,138.78,0,132.48
,,,,,,,,5406,0,0,0,0,97.884,0,139.74,0,133.44
,,,,,,,,5407,0,0,0,0,103.536,0,147.84,0,141.12
,,,,,,,,5408,0,0,0,0,112.944,0,161.28,0,153.96
,,,,,,,,5409,0,0,0,0,125.94,0,179.82,0,171.72
,,,,,,,,5410,0,0,0,0,136.128,0,194.4,0,185.64
,,,,,,,,5411,0,0,0,0,144.876,0,206.88,0,197.52
,,,,,,,,5412,0,0,0,0,152.16,0,217.26,0,207.48
,,,,,,,,5413,0,0,0,0,157.08,0,224.28,0,214.2
,,,,,,,,5414,0,0,0,0,159.888,0,228.36,0,218.04
,,,,,,,,5415,0,0,0,0,161.892,0,231.18,0,220.68
,,,,,,,,5416,0,0,0,0,162.444,0,231.96,0,221.52
,,,,,,,,5417,0,0,0,0,161.844,0,231.12,0,220.68
,,,,,,,,5418,0,0,0,0,161.52,0,230.64,0,220.2
,,,,,,,,5419,0,0,0,0,159.72,0,228.12,0,217.8
,,,,,,,,5420,0,0,0,0,155.796,0,222.42,0,212.4
,,,,,,,,5421,0,0,0,0,153.3,0,218.88,0,208.92
,,,,,,,,5422,0,0,0,0,154.476,0,220.62,0,210.6
,,,,,,,,5423,0,0,0,0,146.34,0,208.98,0,199.56
,,,,,,,,5424,0,0,0,0,133.14,0,190.14,0,181.56
,,,,,,,,5425,0,0,0,0,120.204,0,171.66,0,163.92
,,,,,,,,5426,0,0,0,0,111.168,0,158.7,0,151.56
,,,,,,,,5427,0,0,0,0,105.228,0,150.24,0,143.52
,,,,,,,,5428,0,0,0,0,101.568,0,145.02,0,138.48
,,,,,,,,5429,0,0,0,0,100.032,0,142.86,0,136.32
,,,,,,,,5430,0,0,0,0,101.208,0,144.54,0,138
,,,,,,,,5431,0,0,0,0,107.532,0,153.54,0,146.64
,,,,,,,,5432,0,0,0,0,118.284,0,168.9,0,161.28
,,,,,,,,5433,0,0,0,0,128.952,0,184.14,0,175.8
,,,,,,,,5434,0,0,0,0,135.672,0,193.74,0,184.92
,,,,,,,,5435,0,0,0,0,140.592,0,200.76,0,191.64
,,,,,,,,5436,0,0,0,0,146.988,0,209.88,0,200.4
,,,,,,,,5437,0,0,0,0,153.348,0,219,0,209.04
,,,,,,,,5438,0,0,0,0,158.124,0,225.78,0,215.64
,,,,,,,,5439,0,0,0,0,162.54,0,232.08,0,221.64
,,,,,,,,5440,0,0,0,0,164.736,0,235.26,0,224.64
,,,,,,,,5441,0,0,0,0,165.624,0,236.52,0,225.84
,,,,,,,,5442,0,0,0,0,164.892,0,235.44,0,224.76
,,,,,,,,5443,0,0,0,0,162.288,0,231.72,0,221.28
,,,,,,,,5444,0,0,0,0,158.016,0,225.66,0,215.52
,,,,,,,,5445,0,0,0,0,156.264,0,223.14,0,213.12
,,,,,,,,5446,0,0,0,0,155.808,0,222.42,0,212.4
,,,,,,,,5447,0,0,0,0,147.156,0,210.12,0,200.64
,,,,,,,,5448,0,0,0,0,133.656,0,190.86,0,182.28
,,,,,,,,5449,0,0,0,0,120.36,0,171.9,0,164.16
,,,,,,,,5450,0,0,0,0,110.04,0,157.14,0,150
,,,,,,,,5451,0,0,0,0,103.464,0,147.72,0,141.12
,,,,,,,,5452,0,0,0,0,99.48,0,142.08,0,135.6
,,,,,,,,5453,0,0,0,0,97.728,0,139.56,0,133.2
,,,,,,,,5454,0,0,0,0,98.544,0,140.7,0,134.4
,,,,,,,,5455,0,0,0,0,104.508,0,149.28,0,142.44
,,,,,,,,5456,0,0,0,0,114.66,0,163.74,0,156.24
,,,,,,,,5457,0,0,0,0,125.736,0,179.52,0,171.36
,,,,,,,,5458,0,0,0,0,134.772,0,192.48,0,183.72
,,,,,,,,5459,0,0,0,0,142.98,0,204.18,0,195
,,,,,,,,5460,0,0,0,0,150.504,0,214.92,0,205.2
,,,,,,,,5461,0,0,0,0,156.084,0,222.9,0,212.76
,,,,,,,,5462,0,0,0,0,159.684,0,228.06,0,217.68
,,,,,,,,5463,0,0,0,0,162.84,0,232.56,0,222
,,,,,,,,5464,0,0,0,0,164.616,0,235.02,0,224.4
,,,,,,,,5465,0,0,0,0,165.348,0,236.1,0,225.36
,,,,,,,,5466,0,0,0,0,165.624,0,236.52,0,225.84
,,,,,,,,5467,0,0,0,0,163.896,0,234.06,0,223.56
,,,,,,,,5468,0,0,0,0,158.448,0,226.26,0,216
,,,,,,,,5469,0,0,0,0,153.528,0,219.24,0,209.28
,,,,,,,,5470,0,0,0,0,153.096,0,218.58,0,208.68
,,,,,,,,5471,0,0,0,0,144.228,0,205.92,0,196.68
,,,,,,,,5472,0,0,0,0,130.632,0,186.54,0,178.08
,,,,,,,,5473,0,0,0,0,116.904,0,166.92,0,159.36
,,,,,,,,5474,0,0,0,0,106.86,0,152.64,0,145.68
,,,,,,,,5475,0,0,0,0,100.164,0,143.04,0,136.56
,,,,,,,,5476,0,0,0,0,95.976,0,137.04,0,130.8
,,,,,,,,5477,0,0,0,0,93.864,0,134.04,0,127.92
,,,,,,,,5478,0,0,0,0,94.524,0,135,0,128.88
,,,,,,,,5479,0,0,0,0,99.576,0,142.2,0,135.72
,,,,,,,,5480,0,0,0,0,108.384,0,154.8,0,147.84
,,,,,,,,5481,0,0,0,0,120.276,0,171.78,0,164.04
,,,,,,,,5482,0,0,0,0,131.16,0,187.26,0,178.8
,,,,,,,,5483,0,0,0,0,140.376,0,200.46,0,191.4
,,,,,,,,5484,0,0,0,0,148.98,0,212.76,0,203.04
,,,,,,,,5485,0,0,0,0,155.544,0,222.12,0,212.04
,,,,,,,,5486,0,0,0,0,160.932,0,229.86,0,219.36
,,,,,,,,5487,0,0,0,0,165.984,0,237,0,226.32
,,,,,,,,5488,0,0,0,0,169.116,0,241.5,0,230.52
,,,,,,,,5489,0,0,0,0,170.16,0,243,0,231.96
,,,,,,,,5490,0,0,0,0,170.04,0,242.82,0,231.84
,,,,,,,,5491,0,0,0,0,167.1,0,238.62,0,227.76
,,,,,,,,5492,0,0,0,0,160.8,0,229.62,0,219.24
,,,,,,,,5493,0,0,0,0,157.128,0,224.34,0,214.2
,,,,,,,,5494,0,0,0,0,156.312,0,223.2,0,213.12
,,,,,,,,5495,0,0,0,0,147.876,0,211.2,0,201.72
,,,,,,,,5496,0,0,0,0,135.18,0,193.02,0,184.32
,,,,,,,,5497,0,0,0,0,122.532,0,174.96,0,167.04
,,,,,,,,5498,0,0,0,0,112.092,0,160.08,0,152.76
,,,,,,,,5499,0,0,0,0,105.048,0,150,0,143.16
,,,,,,,,5500,0,0,0,0,100.332,0,143.28,0,136.8
,,,,,,,,5501,0,0,0,0,97.272,0,138.84,0,132.6
,,,,,,,,5502,0,0,0,0,96.132,0,137.28,0,131.04
,,,,,,,,5503,0,0,0,0,97.272,0,138.9,0,132.6
,,,,,,,,5504,0,0,0,0,99.708,0,142.38,0,135.96
,,,,,,,,5505,0,0,0,0,105.708,0,150.96,0,144.12
,,,,,,,,5506,0,0,0,0,113.592,0,162.24,0,154.92
,,,,,,,,5507,0,0,0,0,119.82,0,171.12,0,163.32
,,,,,,,,5508,0,0,0,0,123.804,0,176.76,0,168.84
,,,,,,,,5509,0,0,0,0,126.216,0,180.24,0,172.08
,,,,,,,,5510,0,0,0,0,126.6,0,180.78,0,172.68
,,,,,,,,5511,0,0,0,0,126.24,0,180.3,0,172.08
,,,,,,,,5512,0,0,0,0,125.76,0,179.58,0,171.36
,,,,,,,,5513,0,0,0,0,125.316,0,178.92,0,170.88
,,,,,,,,5514,0,0,0,0,125.688,0,179.46,0,171.36
,,,,,,,,5515,0,0,0,0,125.652,0,179.46,0,171.36
,,,,,,,,5516,0,0,0,0,124.02,0,177.06,0,169.08
,,,,,,,,5517,0,0,0,0,122.352,0,174.72,0,166.8
,,,,,,,,5518,0,0,0,0,123.804,0,176.76,0,168.84
,,,,,,,,5519,0,0,0,0,118.08,0,168.6,0,161.04
,,,,,,,,5520,0,0,0,0,109.272,0,156,0,149.04
,,,,,,,,5521,0,0,0,0,99.684,0,142.38,0,135.84
,,,,,,,,5522,0,0,0,0,91.908,0,131.28,0,125.4
,,,,,,,,5523,0,0,0,0,86.472,0,123.48,0,117.84
,,,,,,,,5524,0,0,0,0,82.728,0,118.14,0,112.68
,,,,,,,,5525,0,0,0,0,80.796,0,115.38,0,110.16
,,,,,,,,5526,0,0,0,0,79.956,0,114.18,0,109.08
,,,,,,,,5527,0,0,0,0,80.496,0,114.96,0,109.68
,,,,,,,,5528,0,0,0,0,81.348,0,116.16,0,110.88
,,,,,,,,5529,0,0,0,0,87.3,0,124.68,0,119.04
,,,,,,,,5530,0,0,0,0,96.264,0,137.46,0,131.28
,,,,,,,,5531,0,0,0,0,104.232,0,148.8,0,142.08
,,,,,,,,5532,0,0,0,0,109.704,0,156.66,0,149.64
,,,,,,,,5533,0,0,0,0,113.016,0,161.4,0,154.08
,,,,,,,,5534,0,0,0,0,114.888,0,164.04,0,156.6
,,,,,,,,5535,0,0,0,0,115.056,0,164.28,0,156.84
,,,,,,,,5536,0,0,0,0,115.152,0,164.4,0,156.96
,,,,,,,,5537,0,0,0,0,115.812,0,165.36,0,157.92
,,,,,,,,5538,0,0,0,0,117.732,0,168.12,0,160.56
,,,,,,,,5539,0,0,0,0,119.136,0,170.1,0,162.36
,,,,,,,,5540,0,0,0,0,118.872,0,169.74,0,162.12
,,,,,,,,5541,0,0,0,0,119.436,0,170.58,0,162.84
,,,,,,,,5542,0,0,0,0,122.076,0,174.3,0,166.44
,,,,,,,,5543,0,0,0,0,116.184,0,165.9,0,158.4
,,,,,,,,5544,0,0,0,0,106.68,0,152.34,0,145.44
,,,,,,,,5545,0,0,0,0,97.452,0,139.14,0,132.84
,,,,,,,,5546,0,0,0,0,90.612,0,129.36,0,123.6
,,,,,,,,5547,0,0,0,0,86.352,0,123.3,0,117.72
,,,,,,,,5548,0,0,0,0,83.844,0,119.7,0,114.36
,,,,,,,,5549,0,0,0,0,82.98,0,118.5,0,113.16
,,,,,,,,5550,0,0,0,0,84.66,0,120.9,0,115.44
,,,,,,,,5551,0,0,0,0,90.384,0,129.06,0,123.24
,,,,,,,,5552,0,0,0,0,99.912,0,142.68,0,136.2
,,,,,,,,5553,0,0,0,0,110.856,0,158.34,0,151.08
,,,,,,,,5554,0,0,0,0,119.616,0,170.82,0,163.08
,,,,,,,,5555,0,0,0,0,127.008,0,181.38,0,173.16
,,,,,,,,5556,0,0,0,0,133.212,0,190.2,0,181.68
,,,,,,,,5557,0,0,0,0,137.58,0,196.44,0,187.56
,,,,,,,,5558,0,0,0,0,140.208,0,200.22,0,191.16
,,,,,,,,5559,0,0,0,0,142.14,0,202.98,0,193.8
,,,,,,,,5560,0,0,0,0,142.536,0,203.52,0,194.4
,,,,,,,,5561,0,0,0,0,142.272,0,203.16,0,193.92
,,,,,,,,5562,0,0,0,0,142.488,0,203.46,0,194.28
,,,,,,,,5563,0,0,0,0,142.02,0,202.8,0,193.68
,,,,,,,,5564,0,0,0,0,138.264,0,197.46,0,188.52
,,,,,,,,5565,0,0,0,0,136.332,0,194.7,0,185.88
,,,,,,,,5566,0,0,0,0,137.544,0,196.38,0,187.56
,,,,,,,,5567,0,0,0,0,129.06,0,184.26,0,175.92
,,,,,,,,5568,0,0,0,0,116.724,0,166.68,0,159.12
,,,,,,,,5569,0,0,0,0,105,0,149.94,0,143.16
,,,,,,,,5570,0,0,0,0,96.612,0,137.94,0,131.76
,,,,,,,,5571,0,0,0,0,91.908,0,131.28,0,125.28
,,,,,,,,5572,0,0,0,0,88.872,0,126.9,0,121.2
,,,,,,,,5573,0,0,0,0,87.672,0,125.16,0,119.52
,,,,,,,,5574,0,0,0,0,89.34,0,127.56,0,121.68
,,,,,,,,5575,0,0,0,0,95.868,0,136.92,0,130.68
,,,,,,,,5576,0,0,0,0,106.344,0,151.86,0,144.96
,,,,,,,,5577,0,0,0,0,117.3,0,167.52,0,159.84
,,,,,,,,5578,0,0,0,0,125.628,0,179.4,0,171.36
,,,,,,,,5579,0,0,0,0,132.612,0,189.36,0,180.84
,,,,,,,,5580,0,0,0,0,138.804,0,198.18,0,189.24
,,,,,,,,5581,0,0,0,0,142.932,0,204.06,0,194.88
,,,,,,,,5582,0,0,0,0,145.728,0,208.08,0,198.72
,,,,,,,,5583,0,0,0,0,148.536,0,212.16,0,202.56
,,,,,,,,5584,0,0,0,0,150.06,0,214.26,0,204.6
,,,,,,,,5585,0,0,0,0,150.54,0,214.98,0,205.32
,,,,,,,,5586,0,0,0,0,150.564,0,214.98,0,205.32
,,,,,,,,5587,0,0,0,0,148.104,0,211.5,0,201.96
,,,,,,,,5588,0,0,0,0,143.148,0,204.36,0,195.12
,,,,,,,,5589,0,0,0,0,140.34,0,200.4,0,191.4
,,,,,,,,5590,0,0,0,0,140.988,0,201.36,0,192.24
,,,,,,,,5591,0,0,0,0,132.264,0,188.88,0,180.36
,,,,,,,,5592,0,0,0,0,119.244,0,170.28,0,162.6
,,,,,,,,5593,0,0,0,0,106.908,0,152.7,0,145.8
,,,,,,,,5594,0,0,0,0,98.076,0,140.04,0,133.68
,,,,,,,,5595,0,0,0,0,92.64,0,132.24,0,126.24
,,,,,,,,5596,0,0,0,0,89.172,0,127.32,0,121.56
,,,,,,,,5597,0,0,0,0,87.36,0,124.74,0,119.16
,,,,,,,,5598,0,0,0,0,88.38,0,126.18,0,120.48
,,,,,,,,5599,0,0,0,0,94.164,0,134.46,0,128.4
,,,,,,,,5600,0,0,0,0,103.176,0,147.3,0,140.64
,,,,,,,,5601,0,0,0,0,115.092,0,164.4,0,156.96
,,,,,,,,5602,0,0,0,0,124.188,0,177.3,0,169.32
,,,,,,,,5603,0,0,0,0,131.976,0,188.46,0,179.88
,,,,,,,,5604,0,0,0,0,138.792,0,198.18,0,189.24
,,,,,,,,5605,0,0,0,0,143.664,0,205.14,0,195.84
,,,,,,,,5606,0,0,0,0,146.616,0,209.4,0,199.92
,,,,,,,,5607,0,0,0,0,149.796,0,213.9,0,204.12
,,,,,,,,5608,0,0,0,0,151.728,0,216.72,0,206.88
,,,,,,,,5609,0,0,0,0,152.256,0,217.44,0,207.6
,,,,,,,,5610,0,0,0,0,152.592,0,217.86,0,208.08
,,,,,,,,5611,0,0,0,0,150.732,0,215.22,0,205.44
,,,,,,,,5612,0,0,0,0,146.076,0,208.56,0,199.2
,,,,,,,,5613,0,0,0,0,142.8,0,203.94,0,194.64
,,,,,,,,5614,0,0,0,0,143.556,0,204.96,0,195.72
,,,,,,,,5615,0,0,0,0,134.988,0,192.78,0,184.08
,,,,,,,,5616,0,0,0,0,121.848,0,174,0,166.08
,,,,,,,,5617,0,0,0,0,109.488,0,156.36,0,149.28
,,,,,,,,5618,0,0,0,0,100.464,0,143.46,0,136.92
,,,,,,,,5619,0,0,0,0,94.836,0,135.42,0,129.24
,,,,,,,,5620,0,0,0,0,91.068,0,130.02,0,124.2
,,,,,,,,5621,0,0,0,0,89.604,0,127.98,0,122.16
,,,,,,,,5622,0,0,0,0,90.576,0,129.3,0,123.48
,,,,,,,,5623,0,0,0,0,96.792,0,138.24,0,132
,,,,,,,,5624,0,0,0,0,106.236,0,151.74,0,144.72
,,,,,,,,5625,0,0,0,0,118.632,0,169.44,0,161.76
,,,,,,,,5626,0,0,0,0,128.856,0,184.02,0,175.68
,,,,,,,,5627,0,0,0,0,137.1,0,195.78,0,186.96
,,,,,,,,5628,0,0,0,0,144.156,0,205.86,0,196.56
,,,,,,,,5629,0,0,0,0,149.82,0,213.96,0,204.24
,,,,,,,,5630,0,0,0,0,154.224,0,220.26,0,210.24
,,,,,,,,5631,0,0,0,0,158.628,0,226.56,0,216.36
,,,,,,,,5632,0,0,0,0,160.716,0,229.5,0,219.12
,,,,,,,,5633,0,0,0,0,161.712,0,230.94,0,220.44
,,,,,,,,5634,0,0,0,0,161.988,0,231.36,0,220.92
,,,,,,,,5635,0,0,0,0,160.128,0,228.66,0,218.28
,,,,,,,,5636,0,0,0,0,155.256,0,221.7,0,211.68
,,,,,,,,5637,0,0,0,0,151.74,0,216.72,0,206.88
,,,,,,,,5638,0,0,0,0,152.004,0,217.02,0,207.24
,,,,,,,,5639,0,0,0,0,143.076,0,204.3,0,195
,,,,,,,,5640,0,0,0,0,129.54,0,184.98,0,176.64
,,,,,,,,5641,0,0,0,0,116.484,0,166.32,0,158.76
,,,,,,,,5642,0,0,0,0,107.088,0,152.94,0,145.92
,,,,,,,,5643,0,0,0,0,100.692,0,143.76,0,137.28
,,,,,,,,5644,0,0,0,0,96.564,0,137.88,0,131.64
,,,,,,,,5645,0,0,0,0,94.356,0,134.76,0,128.64
,,,,,,,,5646,0,0,0,0,95.112,0,135.84,0,129.6
,,,,,,,,5647,0,0,0,0,100.668,0,143.76,0,137.28
,,,,,,,,5648,0,0,0,0,109.572,0,156.48,0,149.4
,,,,,,,,5649,0,0,0,0,121.26,0,173.16,0,165.36
,,,,,,,,5650,0,0,0,0,131.328,0,187.56,0,179.04
,,,,,,,,5651,0,0,0,0,139.884,0,199.74,0,190.8
,,,,,,,,5652,0,0,0,0,147.6,0,210.78,0,201.24
,,,,,,,,5653,0,0,0,0,153.3,0,218.88,0,208.92
,,,,,,,,5654,0,0,0,0,157.02,0,224.22,0,214.08
,,,,,,,,5655,0,0,0,0,160.644,0,229.38,0,219
,,,,,,,,5656,0,0,0,0,162.168,0,231.6,0,221.16
,,,,,,,,5657,0,0,0,0,161.772,0,231.06,0,220.56
,,,,,,,,5658,0,0,0,0,161.052,0,229.98,0,219.6
,,,,,,,,5659,0,0,0,0,157.836,0,225.42,0,215.16
,,,,,,,,5660,0,0,0,0,151.884,0,216.9,0,207.12
,,,,,,,,5661,0,0,0,0,148.716,0,212.4,0,202.8
,,,,,,,,5662,0,0,0,0,147.912,0,211.26,0,201.72
,,,,,,,,5663,0,0,0,0,139.644,0,199.38,0,190.32
,,,,,,,,5664,0,0,0,0,127.932,0,182.7,0,174.48
,,,,,,,,5665,0,0,0,0,115.788,0,165.3,0,157.8
,,,,,,,,5666,0,0,0,0,105.972,0,151.32,0,144.48
,,,,,,,,5667,0,0,0,0,99.828,0,142.56,0,136.08
,,,,,,,,5668,0,0,0,0,95.652,0,136.62,0,130.32
,,,,,,,,5669,0,0,0,0,93.252,0,133.14,0,127.2
,,,,,,,,5670,0,0,0,0,92.88,0,132.6,0,126.6
,,,,,,,,5671,0,0,0,0,94.836,0,135.42,0,129.24
,,,,,,,,5672,0,0,0,0,98.34,0,140.4,0,134.04
,,,,,,,,5673,0,0,0,0,106.212,0,151.68,0,144.72
,,,,,,,,5674,0,0,0,0,116.532,0,166.38,0,158.88
,,,,,,,,5675,0,0,0,0,125.712,0,179.52,0,171.36
,,,,,,,,5676,0,0,0,0,132.48,0,189.18,0,180.6
,,,,,,,,5677,0,0,0,0,136.824,0,195.36,0,186.6
,,,,,,,,5678,0,0,0,0,139.536,0,199.26,0,190.2
,,,,,,,,5679,0,0,0,0,141.204,0,201.66,0,192.48
,,,,,,,,5680,0,0,0,0,142.032,0,202.86,0,193.68
,,,,,,,,5681,0,0,0,0,141.744,0,202.38,0,193.32
,,,,,,,,5682,0,0,0,0,140.964,0,201.3,0,192.12
,,,,,,,,5683,0,0,0,0,138.936,0,198.36,0,189.48
,,,,,,,,5684,0,0,0,0,134.832,0,192.54,0,183.84
,,,,,,,,5685,0,0,0,0,132.984,0,189.96,0,181.32
,,,,,,,,5686,0,0,0,0,132.636,0,189.42,0,180.84
,,,,,,,,5687,0,0,0,0,125.976,0,179.88,0,171.72
,,,,,,,,5688,0,0,0,0,116.436,0,166.26,0,158.64
,,,,,,,,5689,0,0,0,0,106.236,0,151.74,0,144.72
,,,,,,,,5690,0,0,0,0,98.148,0,140.16,0,133.8
,,,,,,,,5691,0,0,0,0,92.4,0,131.94,0,126
,,,,,,,,5692,0,0,0,0,88.776,0,126.78,0,121.08
,,,,,,,,5693,0,0,0,0,86.436,0,123.42,0,117.84
,,,,,,,,5694,0,0,0,0,85.704,0,122.34,0,116.88
,,,,,,,,5695,0,0,0,0,86.568,0,123.6,0,118.08
,,,,,,,,5696,0,0,0,0,87.612,0,125.1,0,119.4
,,,,,,,,5697,0,0,0,0,94.116,0,134.4,0,128.4
,,,,,,,,5698,0,0,0,0,104.076,0,148.62,0,141.84
,,,,,,,,5699,0,0,0,0,113.364,0,161.88,0,154.56
,,,,,,,,5700,0,0,0,0,120.492,0,172.08,0,164.28
,,,,,,,,5701,0,0,0,0,126.024,0,180,0,171.84
,,,,,,,,5702,0,0,0,0,130.38,0,186.18,0,177.72
,,,,,,,,5703,0,0,0,0,132.768,0,189.6,0,181.08
,,,,,,,,5704,0,0,0,0,134.94,0,192.72,0,183.96
,,,,,,,,5705,0,0,0,0,137.136,0,195.84,0,186.96
,,,,,,,,5706,0,0,0,0,139.332,0,198.96,0,189.96
,,,,,,,,5707,0,0,0,0,140.448,0,200.52,0,191.4
,,,,,,,,5708,0,0,0,0,137.892,0,196.86,0,187.92
,,,,,,,,5709,0,0,0,0,136.284,0,194.64,0,185.88
,,,,,,,,5710,0,0,0,0,136.668,0,195.18,0,186.36
,,,,,,,,5711,0,0,0,0,128.22,0,183.06,0,174.84
,,,,,,,,5712,0,0,0,0,116.436,0,166.26,0,158.64
,,,,,,,,5713,0,0,0,0,105.84,0,151.14,0,144.24
,,,,,,,,5714,0,0,0,0,97.44,0,139.14,0,132.84
,,,,,,,,5715,0,0,0,0,92.364,0,131.94,0,126
,,,,,,,,5716,0,0,0,0,89.352,0,127.62,0,121.8
,,,,,,,,5717,0,0,0,0,88.008,0,125.64,0,119.88
,,,,,,,,5718,0,0,0,0,89.532,0,127.86,0,122.04
,,,,,,,,5719,0,0,0,0,96.084,0,137.22,0,130.92
,,,,,,,,5720,0,0,0,0,106.152,0,151.62,0,144.72
,,,,,,,,5721,0,0,0,0,118.128,0,168.66,0,161.04
,,,,,,,,5722,0,0,0,0,128.136,0,183,0,174.72
,,,,,,,,5723,0,0,0,0,136.404,0,194.76,0,186
,,,,,,,,5724,0,0,0,0,143.592,0,205.02,0,195.72
,,,,,,,,5725,0,0,0,0,149.58,0,213.6,0,204
,,,,,,,,5726,0,0,0,0,154.08,0,220.02,0,210.12
,,,,,,,,5727,0,0,0,0,158.784,0,226.74,0,216.48
,,,,,,,,5728,0,0,0,0,161.088,0,230.04,0,219.6
,,,,,,,,5729,0,0,0,0,161.4,0,230.52,0,220.08
,,,,,,,,5730,0,0,0,0,160.992,0,229.92,0,219.48
,,,,,,,,5731,0,0,0,0,158.904,0,226.92,0,216.72
,,,,,,,,5732,0,0,0,0,154.932,0,221.22,0,211.2
,,,,,,,,5733,0,0,0,0,155.064,0,221.46,0,211.44
,,,,,,,,5734,0,0,0,0,154.872,0,221.16,0,211.2
,,,,,,,,5735,0,0,0,0,146.076,0,208.56,0,199.2
,,,,,,,,5736,0,0,0,0,133.248,0,190.26,0,181.68
,,,,,,,,5737,0,0,0,0,121.296,0,173.22,0,165.36
,,,,,,,,5738,0,0,0,0,112.896,0,161.22,0,153.84
,,,,,,,,5739,0,0,0,0,107.556,0,153.54,0,146.64
,,,,,,,,5740,0,0,0,0,104.364,0,149.04,0,142.32
,,,,,,,,5741,0,0,0,0,103.14,0,147.24,0,140.52
,,,,,,,,5742,0,0,0,0,104.976,0,149.94,0,143.04
,,,,,,,,5743,0,0,0,0,112.788,0,161.04,0,153.84
,,,,,,,,5744,0,0,0,0,126.18,0,180.18,0,172.08
,,,,,,,,5745,0,0,0,0,137.484,0,196.32,0,187.44
,,,,,,,,5746,0,0,0,0,143.988,0,205.62,0,196.32
,,,,,,,,5747,0,0,0,0,148.104,0,211.5,0,201.84
,,,,,,,,5748,0,0,0,0,152.16,0,217.26,0,207.48
,,,,,,,,5749,0,0,0,0,156.84,0,223.98,0,213.84
,,,,,,,,5750,0,0,0,0,160.848,0,229.68,0,219.24
,,,,,,,,5751,0,0,0,0,165.396,0,236.22,0,225.48
,,,,,,,,5752,0,0,0,0,168.288,0,240.3,0,229.44
,,,,,,,,5753,0,0,0,0,169.272,0,241.68,0,230.76
,,,,,,,,5754,0,0,0,0,169.584,0,242.16,0,231.24
,,,,,,,,5755,0,0,0,0,167.208,0,238.74,0,228
,,,,,,,,5756,0,0,0,0,160.668,0,229.44,0,219.12
,,,,,,,,5757,0,0,0,0,157.86,0,225.42,0,215.16
,,,,,,,,5758,0,0,0,0,155.82,0,222.48,0,212.52
,,,,,,,,5759,0,0,0,0,144.36,0,206.16,0,196.92
,,,,,,,,5760,0,0,0,0,129.096,0,184.32,0,176.04
,,,,,,,,5761,0,0,0,0,115.128,0,164.4,0,156.96
,,,,,,,,5762,0,0,0,0,104.268,0,148.86,0,142.2
,,,,,,,,5763,0,0,0,0,97.62,0,139.44,0,133.08
,,,,,,,,5764,0,0,0,0,93.012,0,132.84,0,126.72
,,,,,,,,5765,0,0,0,0,90.576,0,129.3,0,123.48
,,,,,,,,5766,0,0,0,0,90.828,0,129.72,0,123.84
,,,,,,,,5767,0,0,0,0,96.924,0,138.42,0,132.12
,,,,,,,,5768,0,0,0,0,107.136,0,153,0,146.04
,,,,,,,,5769,0,0,0,0,117.168,0,167.34,0,159.72
,,,,,,,,5770,0,0,0,0,123.408,0,176.22,0,168.24
,,,,,,,,5771,0,0,0,0,127.908,0,182.64,0,174.36
,,,,,,,,5772,0,0,0,0,131.652,0,187.98,0,179.52
,,,,,,,,5773,0,0,0,0,133.956,0,191.28,0,182.64
,,,,,,,,5774,0,0,0,0,135.516,0,193.56,0,184.8
,,,,,,,,5775,0,0,0,0,137.532,0,196.38,0,187.56
,,,,,,,,5776,0,0,0,0,138.756,0,198.12,0,189.12
,,,,,,,,5777,0,0,0,0,139.536,0,199.26,0,190.2
,,,,,,,,5778,0,0,0,0,140.448,0,200.52,0,191.4
,,,,,,,,5779,0,0,0,0,139.752,0,199.56,0,190.56
,,,,,,,,5780,0,0,0,0,135.828,0,193.98,0,185.16
,,,,,,,,5781,0,0,0,0,134.508,0,192.06,0,183.36
,,,,,,,,5782,0,0,0,0,133.704,0,190.92,0,182.28
,,,,,,,,5783,0,0,0,0,124.116,0,177.24,0,169.2
,,,,,,,,5784,0,0,0,0,111.144,0,158.7,0,151.44
,,,,,,,,5785,0,0,0,0,99.132,0,141.54,0,135.12
,,,,,,,,5786,0,0,0,0,91.068,0,130.08,0,124.2
,,,,,,,,5787,0,0,0,0,86.124,0,122.94,0,117.48
,,,,,,,,5788,0,0,0,0,83.172,0,118.74,0,113.28
,,,,,,,,5789,0,0,0,0,82.008,0,117.12,0,111.84
,,,,,,,,5790,0,0,0,0,83.388,0,119.04,0,113.64
,,,,,,,,5791,0,0,0,0,90.084,0,128.64,0,122.76
,,,,,,,,5792,0,0,0,0,101.244,0,144.54,0,138.12
,,,,,,,,5793,0,0,0,0,111.696,0,159.54,0,152.28
,,,,,,,,5794,0,0,0,0,119.196,0,170.22,0,162.48
,,,,,,,,5795,0,0,0,0,125.316,0,178.98,0,170.88
,,,,,,,,5796,0,0,0,0,130.728,0,186.66,0,178.2
,,,,,,,,5797,0,0,0,0,134.172,0,191.64,0,183
,,,,,,,,5798,0,0,0,0,136.452,0,194.82,0,186
,,,,,,,,5799,0,0,0,0,139.428,0,199.08,0,190.08
,,,,,,,,5800,0,0,0,0,141.096,0,201.48,0,192.36
,,,,,,,,5801,0,0,0,0,142.212,0,203.1,0,193.8
,,,,,,,,5802,0,0,0,0,143.04,0,204.3,0,195
,,,,,,,,5803,0,0,0,0,141.528,0,202.08,0,192.96
,,,,,,,,5804,0,0,0,0,137.364,0,196.14,0,187.2
,,,,,,,,5805,0,0,0,0,137.556,0,196.44,0,187.56
,,,,,,,,5806,0,0,0,0,137.34,0,196.14,0,187.2
,,,,,,,,5807,0,0,0,0,128.364,0,183.3,0,175.08
,,,,,,,,5808,0,0,0,0,115.872,0,165.48,0,158.04
,,,,,,,,5809,0,0,0,0,104.628,0,149.4,0,142.56
,,,,,,,,5810,0,0,0,0,96.24,0,137.4,0,131.16
,,,,,,,,5811,0,0,0,0,90.696,0,129.48,0,123.6
,,,,,,,,5812,0,0,0,0,87.552,0,124.98,0,119.28
,,,,,,,,5813,0,0,0,0,86.172,0,123.06,0,117.48
,,,,,,,,5814,0,0,0,0,87.42,0,124.86,0,119.16
,,,,,,,,5815,0,0,0,0,93.96,0,134.16,0,128.04
,,,,,,,,5816,0,0,0,0,104.256,0,148.86,0,142.08
,,,,,,,,5817,0,0,0,0,115.068,0,164.34,0,156.96
,,,,,,,,5818,0,0,0,0,124.176,0,177.3,0,169.32
,,,,,,,,5819,0,0,0,0,131.832,0,188.28,0,179.76
,,,,,,,,5820,0,0,0,0,138.66,0,198.06,0,189
,,,,,,,,5821,0,0,0,0,144.348,0,206.16,0,196.8
,,,,,,,,5822,0,0,0,0,148.38,0,211.86,0,202.32
,,,,,,,,5823,0,0,0,0,153.156,0,218.76,0,208.8
,,,,,,,,5824,0,0,0,0,155.856,0,222.6,0,212.52
,,,,,,,,5825,0,0,0,0,157.308,0,224.64,0,214.44
,,,,,,,,5826,0,0,0,0,157.608,0,225.06,0,214.92
,,,,,,,,5827,0,0,0,0,156.204,0,223.02,0,213
,,,,,,,,5828,0,0,0,0,151.308,0,216.12,0,206.28
,,,,,,,,5829,0,0,0,0,149.436,0,213.36,0,203.76
,,,,,,,,5830,0,0,0,0,148.236,0,211.68,0,202.08
,,,,,,,,5831,0,0,0,0,140.256,0,200.28,0,191.28
,,,,,,,,5832,0,0,0,0,129.444,0,184.86,0,176.4
,,,,,,,,5833,0,0,0,0,117.6,0,167.94,0,160.32
,,,,,,,,5834,0,0,0,0,106.8,0,152.52,0,145.56
,,,,,,,,5835,0,0,0,0,101.64,0,145.14,0,138.6
,,,,,,,,5836,0,0,0,0,98.076,0,140.04,0,133.68
,,,,,,,,5837,0,0,0,0,95.604,0,136.5,0,130.32
,,,,,,,,5838,0,0,0,0,94.44,0,134.88,0,128.76
,,,,,,,,5839,0,0,0,0,95.88,0,136.92,0,130.68
,,,,,,,,5840,0,0,0,0,98.376,0,140.46,0,134.04
,,,,,,,,5841,0,0,0,0,105.924,0,151.26,0,144.36
,,,,,,,,5842,0,0,0,0,117.12,0,167.28,0,159.72
,,,,,,,,5843,0,0,0,0,126.72,0,180.96,0,172.68
,,,,,,,,5844,0,0,0,0,133.26,0,190.26,0,181.68
,,,,,,,,5845,0,0,0,0,137.688,0,196.62,0,187.8
,,,,,,,,5846,0,0,0,0,139.932,0,199.86,0,190.8
,,,,,,,,5847,0,0,0,0,140.208,0,200.22,0,191.16
,,,,,,,,5848,0,0,0,0,139.752,0,199.56,0,190.56
,,,,,,,,5849,0,0,0,0,138.576,0,197.88,0,189
,,,,,,,,5850,0,0,0,0,137.712,0,196.68,0,187.8
,,,,,,,,5851,0,0,0,0,135.408,0,193.38,0,184.68
,,,,,,,,5852,0,0,0,0,130.908,0,186.96,0,178.56
,,,,,,,,5853,0,0,0,0,129.96,0,185.58,0,177.12
,,,,,,,,5854,0,0,0,0,128.712,0,183.78,0,175.44
,,,,,,,,5855,0,0,0,0,122.028,0,174.3,0,166.44
,,,,,,,,5856,0,0,0,0,112.872,0,161.16,0,153.84
,,,,,,,,5857,0,0,0,0,103.128,0,147.24,0,140.52
,,,,,,,,5858,0,0,0,0,95.208,0,135.96,0,129.72
,,,,,,,,5859,0,0,0,0,90.024,0,128.58,0,122.76
,,,,,,,,5860,0,0,0,0,86.592,0,123.66,0,118.08
,,,,,,,,5861,0,0,0,0,84.756,0,121.08,0,115.56
,,,,,,,,5862,0,0,0,0,84,0,119.94,0,114.48
,,,,,,,,5863,0,0,0,0,84.852,0,121.14,0,115.68
,,,,,,,,5864,0,0,0,0,86.016,0,122.88,0,117.24
,,,,,,,,5865,0,0,0,0,91.608,0,130.8,0,124.8
,,,,,,,,5866,0,0,0,0,100.62,0,143.64,0,137.16
,,,,,,,,5867,0,0,0,0,108.324,0,154.68,0,147.72
,,,,,,,,5868,0,0,0,0,113.592,0,162.24,0,154.92
,,,,,,,,5869,0,0,0,0,117.228,0,167.4,0,159.84
,,,,,,,,5870,0,0,0,0,120.18,0,171.6,0,163.8
,,,,,,,,5871,0,0,0,0,121.392,0,173.4,0,165.48
,,,,,,,,5872,0,0,0,0,122.064,0,174.3,0,166.44
,,,,,,,,5873,0,0,0,0,122.292,0,174.6,0,166.68
,,,,,,,,5874,0,0,0,0,122.52,0,174.96,0,167.04
,,,,,,,,5875,0,0,0,0,122.7,0,175.2,0,167.28
,,,,,,,,5876,0,0,0,0,120.936,0,172.74,0,164.88
,,,,,,,,5877,0,0,0,0,121.524,0,173.58,0,165.72
,,,,,,,,5878,0,0,0,0,120.864,0,172.62,0,164.76
,,,,,,,,5879,0,0,0,0,114.984,0,164.16,0,156.84
,,,,,,,,5880,0,0,0,0,106.656,0,152.34,0,145.44
,,,,,,,,5881,0,0,0,0,97.704,0,139.5,0,133.2
,,,,,,,,5882,0,0,0,0,90.564,0,129.3,0,123.48
,,,,,,,,5883,0,0,0,0,85.8,0,122.52,0,116.88
,,,,,,,,5884,0,0,0,0,82.86,0,118.38,0,112.92
,,,,,,,,5885,0,0,0,0,81.408,0,116.28,0,110.88
,,,,,,,,5886,0,0,0,0,81.528,0,116.46,0,111.12
,,,,,,,,5887,0,0,0,0,83.856,0,119.76,0,114.36
,,,,,,,,5888,0,0,0,0,86.508,0,123.48,0,117.96
,,,,,,,,5889,0,0,0,0,91.896,0,131.22,0,125.28
,,,,,,,,5890,0,0,0,0,100.596,0,143.64,0,137.16
,,,,,,,,5891,0,0,0,0,109.092,0,155.76,0,148.68
,,,,,,,,5892,0,0,0,0,115.104,0,164.4,0,156.96
,,,,,,,,5893,0,0,0,0,119.004,0,169.92,0,162.24
,,,,,,,,5894,0,0,0,0,121.128,0,172.98,0,165.12
,,,,,,,,5895,0,0,0,0,122.448,0,174.9,0,166.92
,,,,,,,,5896,0,0,0,0,123.324,0,176.1,0,168.12
,,,,,,,,5897,0,0,0,0,124.152,0,177.3,0,169.2
,,,,,,,,5898,0,0,0,0,125.7,0,179.46,0,171.36
,,,,,,,,5899,0,0,0,0,126.792,0,181.08,0,172.8
,,,,,,,,5900,0,0,0,0,125.712,0,179.52,0,171.36
,,,,,,,,5901,0,0,0,0,128.34,0,183.3,0,174.96
,,,,,,,,5902,0,0,0,0,127.8,0,182.46,0,174.24
,,,,,,,,5903,0,0,0,0,118.728,0,169.56,0,161.88
,,,,,,,,5904,0,0,0,0,107.028,0,152.88,0,145.92
,,,,,,,,5905,0,0,0,0,96.804,0,138.24,0,132
,,,,,,,,5906,0,0,0,0,90.144,0,128.7,0,122.88
,,,,,,,,5907,0,0,0,0,86.244,0,123.18,0,117.48
,,,,,,,,5908,0,0,0,0,84.432,0,120.54,0,115.08
,,,,,,,,5909,0,0,0,0,84.108,0,120.12,0,114.6
,,,,,,,,5910,0,0,0,0,86.244,0,123.18,0,117.48
,,,,,,,,5911,0,0,0,0,94.596,0,135.12,0,129
,,,,,,,,5912,0,0,0,0,109.74,0,156.72,0,149.64
,,,,,,,,5913,0,0,0,0,120.732,0,172.44,0,164.64
,,,,,,,,5914,0,0,0,0,126.744,0,180.96,0,172.8
,,,,,,,,5915,0,0,0,0,131.592,0,187.92,0,179.4
,,,,,,,,5916,0,0,0,0,135.54,0,193.56,0,184.8
,,,,,,,,5917,0,0,0,0,137.544,0,196.44,0,187.56
,,,,,,,,5918,0,0,0,0,138.372,0,197.64,0,188.64
,,,,,,,,5919,0,0,0,0,139.32,0,198.96,0,189.96
,,,,,,,,5920,0,0,0,0,139.092,0,198.66,0,189.6
,,,,,,,,5921,0,0,0,0,139.644,0,199.44,0,190.32
,,,,,,,,5922,0,0,0,0,140.892,0,201.18,0,192
,,,,,,,,5923,0,0,0,0,142.464,0,203.46,0,194.28
,,,,,,,,5924,0,0,0,0,142.92,0,204.06,0,194.88
,,,,,,,,5925,0,0,0,0,145.476,0,207.72,0,198.36
,,,,,,,,5926,0,0,0,0,143.4,0,204.78,0,195.48
,,,,,,,,5927,0,0,0,0,134.808,0,192.54,0,183.72
,,,,,,,,5928,0,0,0,0,122.712,0,175.2,0,167.28
,,,,,,,,5929,0,0,0,0,111.792,0,159.6,0,152.4
,,,,,,,,5930,0,0,0,0,104.376,0,149.04,0,142.32
,,,,,,,,5931,0,0,0,0,100.176,0,143.04,0,136.56
,,,,,,,,5932,0,0,0,0,98.148,0,140.16,0,133.8
,,,,,,,,5933,0,0,0,0,97.704,0,139.5,0,133.2
,,,,,,,,5934,0,0,0,0,100.188,0,143.04,0,136.56
,,,,,,,,5935,0,0,0,0,109.02,0,155.64,0,148.56
,,,,,,,,5936,0,0,0,0,125.316,0,178.98,0,170.88
,,,,,,,,5937,0,0,0,0,137.052,0,195.72,0,186.84
,,,,,,,,5938,0,0,0,0,143.496,0,204.9,0,195.72
,,,,,,,,5939,0,0,0,0,148.572,0,212.16,0,202.56
,,,,,,,,5940,0,0,0,0,151.128,0,215.82,0,206.04
,,,,,,,,5941,0,0,0,0,151.836,0,216.84,0,207
,,,,,,,,5942,0,0,0,0,151.68,0,216.6,0,206.76
,,,,,,,,5943,0,0,0,0,152.796,0,218.22,0,208.32
,,,,,,,,5944,0,0,0,0,153.948,0,219.84,0,209.88
,,,,,,,,5945,0,0,0,0,154.488,0,220.62,0,210.6
,,,,,,,,5946,0,0,0,0,155.844,0,222.54,0,212.52
,,,,,,,,5947,0,0,0,0,155.652,0,222.24,0,212.16
,,,,,,,,5948,0,0,0,0,152.856,0,218.28,0,208.44
,,,,,,,,5949,0,0,0,0,153.504,0,219.18,0,209.28
,,,,,,,,5950,0,0,0,0,150.492,0,214.86,0,205.2
,,,,,,,,5951,0,0,0,0,139.668,0,199.44,0,190.44
,,,,,,,,5952,0,0,0,0,125.22,0,178.8,0,170.76
,,,,,,,,5953,0,0,0,0,112.236,0,160.26,0,153
,,,,,,,,5954,0,0,0,0,102.624,0,146.52,0,139.92
,,,,,,,,5955,0,0,0,0,96.684,0,138.06,0,131.76
,,,,,,,,5956,0,0,0,0,93.276,0,133.2,0,127.2
,,,,,,,,5957,0,0,0,0,91.824,0,131.1,0,125.16
,,,,,,,,5958,0,0,0,0,93.216,0,133.14,0,127.08
,,,,,,,,5959,0,0,0,0,100.668,0,143.76,0,137.28
,,,,,,,,5960,0,0,0,0,114.204,0,163.08,0,155.76
,,,,,,,,5961,0,0,0,0,124.308,0,177.54,0,169.44
,,,,,,,,5962,0,0,0,0,130.212,0,185.94,0,177.48
,,,,,,,,5963,0,0,0,0,135.144,0,192.96,0,184.2
,,,,,,,,5964,0,0,0,0,139.752,0,199.56,0,190.56
,,,,,,,,5965,0,0,0,0,142.5,0,203.46,0,194.28
,,,,,,,,5966,0,0,0,0,143.796,0,205.32,0,196.08
,,,,,,,,5967,0,0,0,0,146.892,0,209.76,0,200.28
,,,,,,,,5968,0,0,0,0,149.292,0,213.18,0,203.52
,,,,,,,,5969,0,0,0,0,150.468,0,214.86,0,205.2
,,,,,,,,5970,0,0,0,0,150.564,0,215.04,0,205.32
,,,,,,,,5971,0,0,0,0,148.632,0,212.22,0,202.68
,,,,,,,,5972,0,0,0,0,145.788,0,208.2,0,198.72
,,,,,,,,5973,0,0,0,0,148.548,0,212.16,0,202.56
,,,,,,,,5974,0,0,0,0,146.52,0,209.22,0,199.8
,,,,,,,,5975,0,0,0,0,136.668,0,195.18,0,186.36
,,,,,,,,5976,0,0,0,0,123.204,0,175.92,0,168
,,,,,,,,5977,0,0,0,0,110.892,0,158.34,0,151.2
,,,,,,,,5978,0,0,0,0,102.36,0,146.16,0,139.56
,,,,,,,,5979,0,0,0,0,97.092,0,138.66,0,132.36
,,,,,,,,5980,0,0,0,0,93.912,0,134.1,0,128.04
,,,,,,,,5981,0,0,0,0,92.352,0,131.94,0,126
,,,,,,,,5982,0,0,0,0,93.984,0,134.22,0,128.16
,,,,,,,,5983,0,0,0,0,101.664,0,145.14,0,138.6
,,,,,,,,5984,0,0,0,0,115.416,0,164.82,0,157.32
,,,,,,,,5985,0,0,0,0,125.988,0,179.94,0,171.72
,,,,,,,,5986,0,0,0,0,133.368,0,190.44,0,181.8
,,,,,,,,5987,0,0,0,0,140.34,0,200.46,0,191.4
,,,,,,,,5988,0,0,0,0,147.168,0,210.18,0,200.64
,,,,,,,,5989,0,0,0,0,153.564,0,219.3,0,209.4
,,,,,,,,5990,0,0,0,0,158.04,0,225.66,0,215.52
,,,,,,,,5991,0,0,0,0,162.036,0,231.42,0,220.92
,,,,,,,,5992,0,0,0,0,164.904,0,235.5,0,224.76
,,,,,,,,5993,0,0,0,0,166.176,0,237.3,0,226.56
,,,,,,,,5994,0,0,0,0,166.128,0,237.24,0,226.56
,,,,,,,,5995,0,0,0,0,162.54,0,232.08,0,221.64
,,,,,,,,5996,0,0,0,0,157.08,0,224.28,0,214.2
,,,,,,,,5997,0,0,0,0,157.14,0,224.4,0,214.32
,,,,,,,,5998,0,0,0,0,153.816,0,219.66,0,209.64
,,,,,,,,5999,0,0,0,0,144.528,0,206.4,0,197.04
,,,,,,,,6000,0,0,0,0,132.24,0,188.82,0,180.36
,,,,,,,,6001,0,0,0,0,119.772,0,171,0,163.32
,,,,,,,,6002,0,0,0,0,110.34,0,157.56,0,150.36
,,,,,,,,6003,0,0,0,0,104.04,0,148.56,0,141.84
,,,,,,,,6004,0,0,0,0,100.26,0,143.16,0,136.68
,,,,,,,,6005,0,0,0,0,98.16,0,140.16,0,133.92
,,,,,,,,6006,0,0,0,0,97.812,0,139.68,0,133.32
,,,,,,,,6007,0,0,0,0,100.668,0,143.76,0,137.28
,,,,,,,,6008,0,0,0,0,105.048,0,150,0,143.16
,,,,,,,,6009,0,0,0,0,112.452,0,160.56,0,153.24
,,,,,,,,6010,0,0,0,0,123.336,0,176.1,0,168.12
,,,,,,,,6011,0,0,0,0,132.432,0,189.12,0,180.48
,,,,,,,,6012,0,0,0,0,139.104,0,198.66,0,189.6
,,,,,,,,6013,0,0,0,0,142.764,0,203.82,0,194.64
,,,,,,,,6014,0,0,0,0,144.624,0,206.52,0,197.16
,,,,,,,,6015,0,0,0,0,144.972,0,207.06,0,197.64
,,,,,,,,6016,0,0,0,0,144.684,0,206.58,0,197.28
,,,,,,,,6017,0,0,0,0,144.276,0,205.98,0,196.68
,,,,,,,,6018,0,0,0,0,144.18,0,205.86,0,196.56
,,,,,,,,6019,0,0,0,0,144.084,0,205.74,0,196.44
,,,,,,,,6020,0,0,0,0,144.288,0,206.04,0,196.8
,,,,,,,,6021,0,0,0,0,145.116,0,207.18,0,197.88
,,,,,,,,6022,0,0,0,0,140.76,0,201,0,192
,,,,,,,,6023,0,0,0,0,132.36,0,189,0,180.48
,,,,,,,,6024,0,0,0,0,120.444,0,171.96,0,164.16
,,,,,,,,6025,0,0,0,0,108.132,0,154.44,0,147.36
,,,,,,,,6026,0,0,0,0,99.048,0,141.42,0,135.12
,,,,,,,,6027,0,0,0,0,92.952,0,132.72,0,126.72
,,,,,,,,6028,0,0,0,0,88.596,0,126.54,0,120.72
,,,,,,,,6029,0,0,0,0,86.052,0,122.88,0,117.36
,,,,,,,,6030,0,0,0,0,84.936,0,121.26,0,115.68
,,,,,,,,6031,0,0,0,0,85.752,0,122.46,0,116.88
,,,,,,,,6032,0,0,0,0,87.816,0,125.4,0,119.76
,,,,,,,,6033,0,0,0,0,92.076,0,131.46,0,125.52
,,,,,,,,6034,0,0,0,0,99.564,0,142.14,0,135.72
,,,,,,,,6035,0,0,0,0,106.116,0,151.5,0,144.72
,,,,,,,,6036,0,0,0,0,110.16,0,157.32,0,150.24
,,,,,,,,6037,0,0,0,0,112.824,0,161.1,0,153.84
,,,,,,,,6038,0,0,0,0,114.864,0,164.04,0,156.6
,,,,,,,,6039,0,0,0,0,114.996,0,164.22,0,156.84
,,,,,,,,6040,0,0,0,0,115.656,0,165.12,0,157.68
,,,,,,,,6041,0,0,0,0,116.748,0,166.74,0,159.24
,,,,,,,,6042,0,0,0,0,118.896,0,169.8,0,162.12
,,,,,,,,6043,0,0,0,0,120.648,0,172.26,0,164.52
,,,,,,,,6044,0,0,0,0,120.204,0,171.66,0,163.92
,,,,,,,,6045,0,0,0,0,123.3,0,176.1,0,168.12
,,,,,,,,6046,0,0,0,0,121.08,0,172.86,0,165.12
,,,,,,,,6047,0,0,0,0,112.368,0,160.5,0,153.24
,,,,,,,,6048,0,0,0,0,101.676,0,145.14,0,138.6
,,,,,,,,6049,0,0,0,0,91.944,0,131.34,0,125.4
,,,,,,,,6050,0,0,0,0,85.26,0,121.74,0,116.28
,,,,,,,,6051,0,0,0,0,81.276,0,116.04,0,110.76
,,,,,,,,6052,0,0,0,0,79.092,0,112.98,0,107.88
,,,,,,,,6053,0,0,0,0,78.528,0,112.14,0,107.04
,,,,,,,,6054,0,0,0,0,80.544,0,115.02,0,109.8
,,,,,,,,6055,0,0,0,0,88.212,0,125.94,0,120.24
,,,,,,,,6056,0,0,0,0,101.136,0,144.42,0,137.88
,,,,,,,,6057,0,0,0,0,110.124,0,157.26,0,150.12
,,,,,,,,6058,0,0,0,0,115.332,0,164.7,0,157.2
,,,,,,,,6059,0,0,0,0,119.388,0,170.52,0,162.84
,,,,,,,,6060,0,0,0,0,122.772,0,175.32,0,167.4
,,,,,,,,6061,0,0,0,0,124.356,0,177.6,0,169.56
,,,,,,,,6062,0,0,0,0,124.248,0,177.42,0,169.44
,,,,,,,,6063,0,0,0,0,124.224,0,177.36,0,169.32
,,,,,,,,6064,0,0,0,0,123.072,0,175.74,0,167.76
,,,,,,,,6065,0,0,0,0,121.836,0,174,0,166.08
,,,,,,,,6066,0,0,0,0,121.644,0,173.7,0,165.84
,,,,,,,,6067,0,0,0,0,121.452,0,173.4,0,165.6
,,,,,,,,6068,0,0,0,0,120.396,0,171.9,0,164.16
,,,,,,,,6069,0,0,0,0,123.516,0,176.4,0,168.36
,,,,,,,,6070,0,0,0,0,120.324,0,171.84,0,164.04
,,,,,,,,6071,0,0,0,0,110.94,0,158.4,0,151.32
,,,,,,,,6072,0,0,0,0,99.108,0,141.54,0,135.12
,,,,,,,,6073,0,0,0,0,88.62,0,126.54,0,120.84
,,,,,,,,6074,0,0,0,0,81.996,0,117.12,0,111.72
,,,,,,,,6075,0,0,0,0,78.06,0,111.48,0,106.44
,,,,,,,,6076,0,0,0,0,75.912,0,108.42,0,103.56
,,,,,,,,6077,0,0,0,0,75.42,0,107.7,0,102.84
,,,,,,,,6078,0,0,0,0,77.364,0,110.46,0,105.36
,,,,,,,,6079,0,0,0,0,85.044,0,121.44,0,115.92
,,,,,,,,6080,0,0,0,0,97.908,0,139.8,0,133.44
,,,,,,,,6081,0,0,0,0,106.632,0,152.28,0,145.44
,,,,,,,,6082,0,0,0,0,110.916,0,158.34,0,151.2
,,,,,,,,6083,0,0,0,0,114.444,0,163.44,0,156
,,,,,,,,6084,0,0,0,0,117.456,0,167.7,0,160.08
,,,,,,,,6085,0,0,0,0,119.412,0,170.52,0,162.84
,,,,,,,,6086,0,0,0,0,120.336,0,171.84,0,164.04
,,,,,,,,6087,0,0,0,0,121.824,0,174,0,166.08
,,,,,,,,6088,0,0,0,0,122.016,0,174.24,0,166.32
,,,,,,,,6089,0,0,0,0,122.088,0,174.36,0,166.44
,,,,,,,,6090,0,0,0,0,122.592,0,175.08,0,167.16
,,,,,,,,6091,0,0,0,0,122.592,0,175.08,0,167.16
,,,,,,,,6092,0,0,0,0,121.344,0,173.28,0,165.36
,,,,,,,,6093,0,0,0,0,124.884,0,178.32,0,170.16
,,,,,,,,6094,0,0,0,0,121.872,0,174,0,166.08
,,,,,,,,6095,0,0,0,0,112.296,0,160.38,0,153.12
,,,,,,,,6096,0,0,0,0,100.236,0,143.1,0,136.68
,,,,,,,,6097,0,0,0,0,89.688,0,128.04,0,122.28
,,,,,,,,6098,0,0,0,0,82.608,0,117.96,0,112.68
,,,,,,,,6099,0,0,0,0,78.648,0,112.32,0,107.16
,,,,,,,,6100,0,0,0,0,76.632,0,109.38,0,104.4
,,,,,,,,6101,0,0,0,0,76.056,0,108.6,0,103.68
,,,,,,,,6102,0,0,0,0,77.856,0,111.18,0,106.08
,,,,,,,,6103,0,0,0,0,85.392,0,121.98,0,116.4
,,,,,,,,6104,0,0,0,0,98.832,0,141.12,0,134.76
,,,,,,,,6105,0,0,0,0,107.748,0,153.84,0,146.88
,,,,,,,,6106,0,0,0,0,112.032,0,159.96,0,152.64
,,,,,,,,6107,0,0,0,0,116.112,0,165.84,0,158.28
,,,,,,,,6108,0,0,0,0,120.432,0,171.96,0,164.16
,,,,,,,,6109,0,0,0,0,123.48,0,176.34,0,168.36
,,,,,,,,6110,0,0,0,0,125.1,0,178.62,0,170.52
,,,,,,,,6111,0,0,0,0,127.26,0,181.74,0,173.52
,,,,,,,,6112,0,0,0,0,127.872,0,182.58,0,174.36
,,,,,,,,6113,0,0,0,0,128.304,0,183.24,0,174.96
,,,,,,,,6114,0,0,0,0,128.82,0,183.9,0,175.68
,,,,,,,,6115,0,0,0,0,128.328,0,183.24,0,174.96
,,,,,,,,6116,0,0,0,0,126.408,0,180.54,0,172.32
,,,,,,,,6117,0,0,0,0,130.056,0,185.7,0,177.36
,,,,,,,,6118,0,0,0,0,126.744,0,180.96,0,172.8
,,,,,,,,6119,0,0,0,0,117.156,0,167.28,0,159.72
,,,,,,,,6120,0,0,0,0,105.048,0,150,0,143.16
,,,,,,,,6121,0,0,0,0,93.912,0,134.1,0,128.04
,,,,,,,,6122,0,0,0,0,86.58,0,123.6,0,118.08
,,,,,,,,6123,0,0,0,0,82.332,0,117.54,0,112.2
,,,,,,,,6124,0,0,0,0,80.124,0,114.42,0,109.2
,,,,,,,,6125,0,0,0,0,79.284,0,113.22,0,108.12
,,,,,,,,6126,0,0,0,0,81.012,0,115.68,0,110.4
,,,,,,,,6127,0,0,0,0,88.428,0,126.24,0,120.48
,,,,,,,,6128,0,0,0,0,101.904,0,145.5,0,138.84
,,,,,,,,6129,0,0,0,0,111.084,0,158.64,0,151.44
,,,,,,,,6130,0,0,0,0,117.084,0,167.16,0,159.6
,,,,,,,,6131,0,0,0,0,122.208,0,174.54,0,166.56
,,,,,,,,6132,0,0,0,0,127.2,0,181.62,0,173.4
,,,,,,,,6133,0,0,0,0,131.004,0,187.08,0,178.68
,,,,,,,,6134,0,0,0,0,133.392,0,190.5,0,181.8
,,,,,,,,6135,0,0,0,0,136.26,0,194.58,0,185.76
,,,,,,,,6136,0,0,0,0,137.52,0,196.38,0,187.44
,,,,,,,,6137,0,0,0,0,138.432,0,197.7,0,188.76
,,,,,,,,6138,0,0,0,0,138.984,0,198.48,0,189.48
,,,,,,,,6139,0,0,0,0,137.496,0,196.32,0,187.44
,,,,,,,,6140,0,0,0,0,134.592,0,192.18,0,183.6
,,,,,,,,6141,0,0,0,0,137.592,0,196.5,0,187.56
,,,,,,,,6142,0,0,0,0,134.004,0,191.4,0,182.76
,,,,,,,,6143,0,0,0,0,123.948,0,177,0,168.96
,,,,,,,,6144,0,0,0,0,111.108,0,158.7,0,151.44
,,,,,,,,6145,0,0,0,0,99.432,0,141.96,0,135.6
,,,,,,,,6146,0,0,0,0,91.272,0,130.32,0,124.44
,,,,,,,,6147,0,0,0,0,86.46,0,123.48,0,117.84
,,,,,,,,6148,0,0,0,0,83.628,0,119.4,0,114
,,,,,,,,6149,0,0,0,0,82.584,0,117.9,0,112.56
,,,,,,,,6150,0,0,0,0,84.024,0,120,0,114.48
,,,,,,,,6151,0,0,0,0,91.26,0,130.32,0,124.32
,,,,,,,,6152,0,0,0,0,104.448,0,149.16,0,142.32
,,,,,,,,6153,0,0,0,0,113.724,0,162.42,0,155.04
,,,,,,,,6154,0,0,0,0,120.096,0,171.54,0,163.68
,,,,,,,,6155,0,0,0,0,125.82,0,179.7,0,171.48
,,,,,,,,6156,0,0,0,0,131.124,0,187.2,0,178.68
,,,,,,,,6157,0,0,0,0,135.12,0,192.96,0,184.2
,,,,,,,,6158,0,0,0,0,137.712,0,196.62,0,187.8
,,,,,,,,6159,0,0,0,0,140.58,0,200.76,0,191.64
,,,,,,,,6160,0,0,0,0,141.636,0,202.26,0,193.08
,,,,,,,,6161,0,0,0,0,141.468,0,201.96,0,192.84
,,,,,,,,6162,0,0,0,0,140.364,0,200.46,0,191.4
,,,,,,,,6163,0,0,0,0,136.488,0,194.88,0,186
,,,,,,,,6164,0,0,0,0,132.3,0,188.94,0,180.36
,,,,,,,,6165,0,0,0,0,134.004,0,191.4,0,182.76
,,,,,,,,6166,0,0,0,0,130.068,0,185.7,0,177.36
,,,,,,,,6167,0,0,0,0,122.196,0,174.48,0,166.56
,,,,,,,,6168,0,0,0,0,111.648,0,159.42,0,152.16
,,,,,,,,6169,0,0,0,0,101.016,0,144.24,0,137.64
,,,,,,,,6170,0,0,0,0,92.904,0,132.66,0,126.6
,,,,,,,,6171,0,0,0,0,87.924,0,125.58,0,119.88
,,,,,,,,6172,0,0,0,0,85.032,0,121.38,0,115.92
,,,,,,,,6173,0,0,0,0,83.448,0,119.16,0,113.76
,,,,,,,,6174,0,0,0,0,83.472,0,119.22,0,113.88
,,,,,,,,6175,0,0,0,0,86.088,0,122.88,0,117.36
,,,,,,,,6176,0,0,0,0,90.216,0,128.82,0,123
,,,,,,,,6177,0,0,0,0,96.516,0,137.82,0,131.52
,,,,,,,,6178,0,0,0,0,104.652,0,149.4,0,142.68
,,,,,,,,6179,0,0,0,0,110.148,0,157.26,0,150.24
,,,,,,,,6180,0,0,0,0,112.752,0,161.04,0,153.72
,,,,,,,,6181,0,0,0,0,113.544,0,162.12,0,154.8
,,,,,,,,6182,0,0,0,0,113.472,0,162,0,154.68
,,,,,,,,6183,0,0,0,0,112.668,0,160.86,0,153.6
,,,,,,,,6184,0,0,0,0,111.72,0,159.54,0,152.28
,,,,,,,,6185,0,0,0,0,111.252,0,158.88,0,151.68
,,,,,,,,6186,0,0,0,0,111.504,0,159.24,0,152.04
,,,,,,,,6187,0,0,0,0,111.528,0,159.3,0,152.04
,,,,,,,,6188,0,0,0,0,110.928,0,158.4,0,151.2
,,,,,,,,6189,0,0,0,0,114.024,0,162.84,0,155.4
,,,,,,,,6190,0,0,0,0,111.24,0,158.88,0,151.68
,,,,,,,,6191,0,0,0,0,104.832,0,149.64,0,142.92
,,,,,,,,6192,0,0,0,0,96.696,0,138.06,0,131.88
,,,,,,,,6193,0,0,0,0,88.152,0,125.88,0,120.12
,,,,,,,,6194,0,0,0,0,81.636,0,116.58,0,111.36
,,,,,,,,6195,0,0,0,0,77.472,0,110.58,0,105.6
,,,,,,,,6196,0,0,0,0,74.856,0,106.92,0,102
,,,,,,,,6197,0,0,0,0,73.392,0,104.82,0,99.96
,,,,,,,,6198,0,0,0,0,73.284,0,104.64,0,99.96
,,,,,,,,6199,0,0,0,0,74.832,0,106.86,0,102
,,,,,,,,6200,0,0,0,0,77.208,0,110.28,0,105.24
,,,,,,,,6201,0,0,0,0,82.596,0,117.96,0,112.68
,,,,,,,,6202,0,0,0,0,90.972,0,129.9,0,124.08
,,,,,,,,6203,0,0,0,0,97.332,0,139.02,0,132.72
,,,,,,,,6204,0,0,0,0,101.124,0,144.42,0,137.88
,,,,,,,,6205,0,0,0,0,103.26,0,147.42,0,140.76
,,,,,,,,6206,0,0,0,0,104.736,0,149.52,0,142.8
,,,,,,,,6207,0,0,0,0,104.676,0,149.46,0,142.68
,,,,,,,,6208,0,0,0,0,104.652,0,149.46,0,142.68
,,,,,,,,6209,0,0,0,0,105.252,0,150.24,0,143.52
,,,,,,,,6210,0,0,0,0,107.016,0,152.82,0,145.92
,,,,,,,,6211,0,0,0,0,109.704,0,156.66,0,149.64
,,,,,,,,6212,0,0,0,0,110.82,0,158.22,0,151.08
,,,,,,,,6213,0,0,0,0,115.44,0,164.82,0,157.44
,,,,,,,,6214,0,0,0,0,111.864,0,159.72,0,152.52
,,,,,,,,6215,0,0,0,0,103.404,0,147.66,0,141
,,,,,,,,6216,0,0,0,0,93.516,0,133.5,0,127.44
,,,,,,,,6217,0,0,0,0,84.72,0,120.96,0,115.56
,,,,,,,,6218,0,0,0,0,78.972,0,112.74,0,107.64
,,,,,,,,6219,0,0,0,0,75.732,0,108.18,0,103.2
,,,,,,,,6220,0,0,0,0,74.004,0,105.66,0,100.92
,,,,,,,,6221,0,0,0,0,73.872,0,105.48,0,100.68
,,,,,,,,6222,0,0,0,0,76.044,0,108.6,0,103.56
,,,,,,,,6223,0,0,0,0,83.88,0,119.82,0,114.36
,,,,,,,,6224,0,0,0,0,97.008,0,138.54,0,132.24
,,,,,,,,6225,0,0,0,0,105.876,0,151.2,0,144.36
,,,,,,,,6226,0,0,0,0,110.916,0,158.34,0,151.2
,,,,,,,,6227,0,0,0,0,114.936,0,164.1,0,156.72
,,,,,,,,6228,0,0,0,0,118.752,0,169.56,0,161.88
,,,,,,,,6229,0,0,0,0,121.056,0,172.86,0,165
,,,,,,,,6230,0,0,0,0,122.232,0,174.6,0,166.56
,,,,,,,,6231,0,0,0,0,123.888,0,176.94,0,168.96
,,,,,,,,6232,0,0,0,0,124.356,0,177.6,0,169.56
,,,,,,,,6233,0,0,0,0,124.488,0,177.78,0,169.68
,,,,,,,,6234,0,0,0,0,124.812,0,178.2,0,170.16
,,,,,,,,6235,0,0,0,0,125.028,0,178.5,0,170.4
,,,,,,,,6236,0,0,0,0,124.764,0,178.2,0,170.16
,,,,,,,,6237,0,0,0,0,128.856,0,183.96,0,175.68
,,,,,,,,6238,0,0,0,0,124.02,0,177.06,0,169.08
,,,,,,,,6239,0,0,0,0,114.204,0,163.08,0,155.76
,,,,,,,,6240,0,0,0,0,102.12,0,145.8,0,139.2
,,,,,,,,6241,0,0,0,0,91.536,0,130.74,0,124.8
,,,,,,,,6242,0,0,0,0,84.72,0,121.02,0,115.56
,,,,,,,,6243,0,0,0,0,80.58,0,115.08,0,109.8
,,,,,,,,6244,0,0,0,0,78.372,0,111.9,0,106.8
,,,,,,,,6245,0,0,0,0,77.952,0,111.3,0,106.2
,,,,,,,,6246,0,0,0,0,80.1,0,114.42,0,109.2
,,,,,,,,6247,0,0,0,0,88.236,0,126,0,120.24
,,,,,,,,6248,0,0,0,0,102.708,0,146.64,0,139.92
,,,,,,,,6249,0,0,0,0,112.524,0,160.68,0,153.36
,,,,,,,,6250,0,0,0,0,118.008,0,168.54,0,160.92
,,,,,,,,6251,0,0,0,0,122.136,0,174.42,0,166.56
,,,,,,,,6252,0,0,0,0,125.904,0,179.76,0,171.6
,,,,,,,,6253,0,0,0,0,127.92,0,182.7,0,174.48
,,,,,,,,6254,0,0,0,0,128.652,0,183.72,0,175.44
,,,,,,,,6255,0,0,0,0,129.864,0,185.46,0,177
,,,,,,,,6256,0,0,0,0,129.468,0,184.86,0,176.52
,,,,,,,,6257,0,0,0,0,129.252,0,184.56,0,176.28
,,,,,,,,6258,0,0,0,0,130.764,0,186.72,0,178.2
,,,,,,,,6259,0,0,0,0,132.924,0,189.84,0,181.2
,,,,,,,,6260,0,0,0,0,134.532,0,192.12,0,183.48
,,,,,,,,6261,0,0,0,0,135.864,0,194.04,0,185.28
,,,,,,,,6262,0,0,0,0,130.884,0,186.9,0,178.44
,,,,,,,,6263,0,0,0,0,121.452,0,173.4,0,165.6
,,,,,,,,6264,0,0,0,0,109.632,0,156.54,0,149.52
,,,,,,,,6265,0,0,0,0,99.48,0,142.08,0,135.6
,,,,,,,,6266,0,0,0,0,92.412,0,131.94,0,126
,,,,,,,,6267,0,0,0,0,88.188,0,125.94,0,120.24
,,,,,,,,6268,0,0,0,0,85.632,0,122.28,0,116.76
,,,,,,,,6269,0,0,0,0,84.576,0,120.78,0,115.32
,,,,,,,,6270,0,0,0,0,85.752,0,122.46,0,116.88
,,,,,,,,6271,0,0,0,0,92.7,0,132.42,0,126.36
,,,,,,,,6272,0,0,0,0,106.296,0,151.8,0,144.84
,,,,,,,,6273,0,0,0,0,114.768,0,163.86,0,156.48
,,,,,,,,6274,0,0,0,0,117.804,0,168.24,0,160.56
,,,,,,,,6275,0,0,0,0,119.892,0,171.24,0,163.56
,,,,,,,,6276,0,0,0,0,122.064,0,174.3,0,166.44
,,,,,,,,6277,0,0,0,0,123.48,0,176.34,0,168.36
,,,,,,,,6278,0,0,0,0,123.828,0,176.82,0,168.84
,,,,,,,,6279,0,0,0,0,124.68,0,178.02,0,170.04
,,,,,,,,6280,0,0,0,0,124.14,0,177.3,0,169.2
,,,,,,,,6281,0,0,0,0,123.456,0,176.28,0,168.36
,,,,,,,,6282,0,0,0,0,123.276,0,176.04,0,168.12
,,,,,,,,6283,0,0,0,0,122.28,0,174.6,0,166.68
,,,,,,,,6284,0,0,0,0,121.368,0,173.34,0,165.48
,,,,,,,,6285,0,0,0,0,125.52,0,179.22,0,171.12
,,,,,,,,6286,0,0,0,0,121.176,0,173.04,0,165.24
,,,,,,,,6287,0,0,0,0,111.888,0,159.78,0,152.52
,,,,,,,,6288,0,0,0,0,99.732,0,142.44,0,135.96
,,,,,,,,6289,0,0,0,0,89.352,0,127.62,0,121.8
,,,,,,,,6290,0,0,0,0,82.224,0,117.42,0,112.08
,,,,,,,,6291,0,0,0,0,78.336,0,111.84,0,106.8
,,,,,,,,6292,0,0,0,0,76.224,0,108.78,0,103.92
,,,,,,,,6293,0,0,0,0,75.6,0,107.94,0,102.96
,,,,,,,,6294,0,0,0,0,77.568,0,110.76,0,105.72
,,,,,,,,6295,0,0,0,0,85.236,0,121.68,0,116.28
,,,,,,,,6296,0,0,0,0,99.264,0,141.78,0,135.36
,,,,,,,,6297,0,0,0,0,107.532,0,153.54,0,146.64
,,,,,,,,6298,0,0,0,0,111.24,0,158.82,0,151.68
,,,,,,,,6299,0,0,0,0,113.964,0,162.72,0,155.4
,,,,,,,,6300,0,0,0,0,116.7,0,166.62,0,159.12
,,,,,,,,6301,0,0,0,0,117.936,0,168.42,0,160.8
,,,,,,,,6302,0,0,0,0,117.936,0,168.42,0,160.8
,,,,,,,,6303,0,0,0,0,118.764,0,169.62,0,161.88
,,,,,,,,6304,0,0,0,0,118.2,0,168.78,0,161.16
,,,,,,,,6305,0,0,0,0,117.3,0,167.46,0,159.84
,,,,,,,,6306,0,0,0,0,117.108,0,167.22,0,159.6
,,,,,,,,6307,0,0,0,0,117.06,0,167.1,0,159.6
,,,,,,,,6308,0,0,0,0,117.852,0,168.3,0,160.56
,,,,,,,,6309,0,0,0,0,122.592,0,175.08,0,167.16
,,,,,,,,6310,0,0,0,0,118.788,0,169.62,0,161.88
,,,,,,,,6311,0,0,0,0,110.112,0,157.2,0,150.12
,,,,,,,,6312,0,0,0,0,98.628,0,140.82,0,134.4
,,,,,,,,6313,0,0,0,0,88.236,0,126,0,120.24
,,,,,,,,6314,0,0,0,0,81.408,0,116.28,0,110.88
,,,,,,,,6315,0,0,0,0,77.664,0,110.88,0,105.84
,,,,,,,,6316,0,0,0,0,75.672,0,108.06,0,103.08
,,,,,,,,6317,0,0,0,0,75.156,0,107.28,0,102.36
,,,,,,,,6318,0,0,0,0,77.052,0,109.98,0,105
,,,,,,,,6319,0,0,0,0,84.516,0,120.72,0,115.2
,,,,,,,,6320,0,0,0,0,98.88,0,141.24,0,134.76
,,,,,,,,6321,0,0,0,0,107.544,0,153.54,0,146.64
,,,,,,,,6322,0,0,0,0,111.492,0,159.24,0,152.04
,,,,,,,,6323,0,0,0,0,114.228,0,163.14,0,155.76
,,,,,,,,6324,0,0,0,0,116.46,0,166.32,0,158.76
,,,,,,,,6325,0,0,0,0,117.168,0,167.34,0,159.72
,,,,,,,,6326,0,0,0,0,117.36,0,167.58,0,159.96
,,,,,,,,6327,0,0,0,0,117.564,0,167.88,0,160.32
,,,,,,,,6328,0,0,0,0,117.036,0,167.1,0,159.48
,,,,,,,,6329,0,0,0,0,116.316,0,166.08,0,158.64
,,,,,,,,6330,0,0,0,0,115.968,0,165.6,0,158.16
,,,,,,,,6331,0,0,0,0,115.128,0,164.4,0,156.96
,,,,,,,,6332,0,0,0,0,115.368,0,164.7,0,157.32
,,,,,,,,6333,0,0,0,0,118.8,0,169.68,0,162
,,,,,,,,6334,0,0,0,0,115.008,0,164.22,0,156.84
,,,,,,,,6335,0,0,0,0,107.7,0,153.78,0,146.76
,,,,,,,,6336,0,0,0,0,98.316,0,140.34,0,134.04
,,,,,,,,6337,0,0,0,0,88.74,0,126.72,0,120.96
,,,,,,,,6338,0,0,0,0,81.804,0,116.82,0,111.48
,,,,,,,,6339,0,0,0,0,77.664,0,110.88,0,105.84
,,,,,,,,6340,0,0,0,0,75.3,0,107.52,0,102.6
,,,,,,,,6341,0,0,0,0,74.46,0,106.32,0,101.52
,,,,,,,,6342,0,0,0,0,74.688,0,106.68,0,101.76
,,,,,,,,6343,0,0,0,0,77.352,0,110.46,0,105.36
,,,,,,,,6344,0,0,0,0,82.428,0,117.72,0,112.32
,,,,,,,,6345,0,0,0,0,89.028,0,127.14,0,121.32
,,,,,,,,6346,0,0,0,0,97.428,0,139.14,0,132.84
,,,,,,,,6347,0,0,0,0,103.26,0,147.48,0,140.76
,,,,,,,,6348,0,0,0,0,106.272,0,151.74,0,144.84
,,,,,,,,6349,0,0,0,0,107.136,0,153,0,146.04
,,,,,,,,6350,0,0,0,0,107.112,0,152.94,0,146.04
,,,,,,,,6351,0,0,0,0,106.332,0,151.86,0,144.96
,,,,,,,,6352,0,0,0,0,105.996,0,151.38,0,144.48
,,,,,,,,6353,0,0,0,0,105.972,0,151.32,0,144.48
,,,,,,,,6354,0,0,0,0,107.004,0,152.82,0,145.92
,,,,,,,,6355,0,0,0,0,108.552,0,155.04,0,147.96
,,,,,,,,6356,0,0,0,0,111.132,0,158.7,0,151.44
,,,,,,,,6357,0,0,0,0,114.66,0,163.74,0,156.24
,,,,,,,,6358,0,0,0,0,111.36,0,159,0,151.8
,,,,,,,,6359,0,0,0,0,105.792,0,151.08,0,144.24
,,,,,,,,6360,0,0,0,0,98.04,0,139.98,0,133.68
,,,,,,,,6361,0,0,0,0,89.676,0,128.04,0,122.28
,,,,,,,,6362,0,0,0,0,83.82,0,119.7,0,114.24
,,,,,,,,6363,0,0,0,0,79.392,0,113.34,0,108.24
,,,,,,,,6364,0,0,0,0,76.836,0,109.68,0,104.76
,,,,,,,,6365,0,0,0,0,75.54,0,107.88,0,102.96
,,,,,,,,6366,0,0,0,0,75.18,0,107.34,0,102.48
,,,,,,,,6367,0,0,0,0,76.68,0,109.5,0,104.52
,,,,,,,,6368,0,0,0,0,79.368,0,113.34,0,108.24
,,,,,,,,6369,0,0,0,0,84.012,0,119.94,0,114.48
,,,,,,,,6370,0,0,0,0,91.872,0,131.22,0,125.28
,,,,,,,,6371,0,0,0,0,98.016,0,139.98,0,133.68
,,,,,,,,6372,0,0,0,0,101.592,0,145.08,0,138.48
,,,,,,,,6373,0,0,0,0,103.452,0,147.72,0,141
,,,,,,,,6374,0,0,0,0,104.16,0,148.74,0,141.96
,,,,,,,,6375,0,0,0,0,103.74,0,148.14,0,141.48
,,,,,,,,6376,0,0,0,0,103.476,0,147.78,0,141.12
,,,,,,,,6377,0,0,0,0,103.848,0,148.26,0,141.6
,,,,,,,,6378,0,0,0,0,105.384,0,150.48,0,143.64
,,,,,,,,6379,0,0,0,0,108.072,0,154.32,0,147.24
,,,,,,,,6380,0,0,0,0,110.58,0,157.92,0,150.84
,,,,,,,,6381,0,0,0,0,115.188,0,164.46,0,156.96
,,,,,,,,6382,0,0,0,0,110.796,0,158.22,0,151.08
,,,,,,,,6383,0,0,0,0,102.312,0,146.1,0,139.44
,,,,,,,,6384,0,0,0,0,93.06,0,132.9,0,126.84
,,,,,,,,6385,0,0,0,0,84.216,0,120.24,0,114.84
,,,,,,,,6386,0,0,0,0,77.784,0,111.06,0,105.96
,,,,,,,,6387,0,0,0,0,74.076,0,105.78,0,101.04
,,,,,,,,6388,0,0,0,0,72.324,0,103.26,0,98.64
,,,,,,,,6389,0,0,0,0,72.12,0,102.96,0,98.28
,,,,,,,,6390,0,0,0,0,74.328,0,106.14,0,101.28
,,,,,,,,6391,0,0,0,0,82.44,0,117.72,0,112.32
,,,,,,,,6392,0,0,0,0,97.14,0,138.72,0,132.48
,,,,,,,,6393,0,0,0,0,106.164,0,151.62,0,144.72
,,,,,,,,6394,0,0,0,0,110.232,0,157.44,0,150.24
,,,,,,,,6395,0,0,0,0,113.172,0,161.64,0,154.32
,,,,,,,,6396,0,0,0,0,115.656,0,165.18,0,157.68
,,,,,,,,6397,0,0,0,0,117.06,0,167.16,0,159.6
,,,,,,,,6398,0,0,0,0,117.276,0,167.46,0,159.84
,,,,,,,,6399,0,0,0,0,117.708,0,168.06,0,160.56
,,,,,,,,6400,0,0,0,0,116.796,0,166.8,0,159.24
,,,,,,,,6401,0,0,0,0,115.896,0,165.48,0,158.04
,,,,,,,,6402,0,0,0,0,115.98,0,165.6,0,158.16
,,,,,,,,6403,0,0,0,0,117.144,0,167.28,0,159.72
,,,,,,,,6404,0,0,0,0,119.376,0,170.46,0,162.72
,,,,,,,,6405,0,0,0,0,123.48,0,176.34,0,168.36
,,,,,,,,6406,0,0,0,0,118.08,0,168.6,0,161.04
,,,,,,,,6407,0,0,0,0,108.6,0,155.04,0,148.08
,,,,,,,,6408,0,0,0,0,96.948,0,138.42,0,132.12
,,,,,,,,6409,0,0,0,0,86.82,0,123.96,0,118.32
,,,,,,,,6410,0,0,0,0,80.244,0,114.6,0,109.44
,,,,,,,,6411,0,0,0,0,76.764,0,109.62,0,104.64
,,,,,,,,6412,0,0,0,0,74.856,0,106.92,0,102
,,,,,,,,6413,0,0,0,0,74.556,0,106.44,0,101.64
,,,,,,,,6414,0,0,0,0,76.608,0,109.38,0,104.4
,,,,,,,,6415,0,0,0,0,84.648,0,120.84,0,115.44
,,,,,,,,6416,0,0,0,0,99.672,0,142.32,0,135.84
,,,,,,,,6417,0,0,0,0,108.276,0,154.62,0,147.6
,,,,,,,,6418,0,0,0,0,111.408,0,159.06,0,151.92
,,,,,,,,6419,0,0,0,0,113.676,0,162.3,0,155.04
,,,,,,,,6420,0,0,0,0,116.22,0,165.96,0,158.4
,,,,,,,,6421,0,0,0,0,117.276,0,167.46,0,159.84
,,,,,,,,6422,0,0,0,0,117.492,0,167.76,0,160.2
,,,,,,,,6423,0,0,0,0,118.2,0,168.78,0,161.16
,,,,,,,,6424,0,0,0,0,117.876,0,168.3,0,160.68
,,,,,,,,6425,0,0,0,0,117.432,0,167.7,0,160.08
,,,,,,,,6426,0,0,0,0,118.008,0,168.54,0,160.92
,,,,,,,,6427,0,0,0,0,118.524,0,169.26,0,161.64
,,,,,,,,6428,0,0,0,0,120.732,0,172.44,0,164.64
,,,,,,,,6429,0,0,0,0,124.596,0,177.9,0,169.92
,,,,,,,,6430,0,0,0,0,119.268,0,170.34,0,162.6
,,,,,,,,6431,0,0,0,0,110.364,0,157.56,0,150.48
,,,,,,,,6432,0,0,0,0,98.724,0,140.94,0,134.52
,,,,,,,,6433,0,0,0,0,88.788,0,126.78,0,121.08
,,,,,,,,6434,0,0,0,0,82.092,0,117.18,0,111.96
,,,,,,,,6435,0,0,0,0,78.48,0,112.08,0,107.04
,,,,,,,,6436,0,0,0,0,76.68,0,109.5,0,104.52
,,,,,,,,6437,0,0,0,0,76.26,0,108.9,0,103.92
,,,,,,,,6438,0,0,0,0,78.6,0,112.26,0,107.16
,,,,,,,,6439,0,0,0,0,86.496,0,123.48,0,117.96
,,,,,,,,6440,0,0,0,0,101.148,0,144.42,0,137.88
,,,,,,,,6441,0,0,0,0,110.412,0,157.68,0,150.48
,,,,,,,,6442,0,0,0,0,115.344,0,164.7,0,157.2
,,,,,,,,6443,0,0,0,0,119.124,0,170.1,0,162.36
,,,,,,,,6444,0,0,0,0,122.472,0,174.9,0,166.92
,,,,,,,,6445,0,0,0,0,123.9,0,176.94,0,168.96
,,,,,,,,6446,0,0,0,0,124.164,0,177.3,0,169.32
,,,,,,,,6447,0,0,0,0,124.56,0,177.9,0,169.8
,,,,,,,,6448,0,0,0,0,123.792,0,176.76,0,168.84
,,,,,,,,6449,0,0,0,0,122.616,0,175.14,0,167.16
,,,,,,,,6450,0,0,0,0,123.36,0,176.16,0,168.24
,,,,,,,,6451,0,0,0,0,125.352,0,178.98,0,170.88
,,,,,,,,6452,0,0,0,0,128.04,0,182.82,0,174.48
,,,,,,,,6453,0,0,0,0,129.288,0,184.62,0,176.28
,,,,,,,,6454,0,0,0,0,123.936,0,177,0,168.96
,,,,,,,,6455,0,0,0,0,114.96,0,164.16,0,156.72
,,,,,,,,6456,0,0,0,0,103.332,0,147.54,0,140.88
,,,,,,,,6457,0,0,0,0,92.94,0,132.72,0,126.6
,,,,,,,,6458,0,0,0,0,85.884,0,122.64,0,117
,,,,,,,,6459,0,0,0,0,81.936,0,117,0,111.72
,,,,,,,,6460,0,0,0,0,79.476,0,113.52,0,108.36
,,,,,,,,6461,0,0,0,0,78.78,0,112.5,0,107.4
,,,,,,,,6462,0,0,0,0,80.592,0,115.08,0,109.8
,,,,,,,,6463,0,0,0,0,88.848,0,126.84,0,121.2
,,,,,,,,6464,0,0,0,0,103.86,0,148.32,0,141.6
,,,,,,,,6465,0,0,0,0,112.356,0,160.5,0,153.24
,,,,,,,,6466,0,0,0,0,116.112,0,165.78,0,158.28
,,,,,,,,6467,0,0,0,0,118.62,0,169.44,0,161.76
,,,,,,,,6468,0,0,0,0,120.804,0,172.5,0,164.76
,,,,,,,,6469,0,0,0,0,121.944,0,174.12,0,166.2
,,,,,,,,6470,0,0,0,0,122.028,0,174.3,0,166.44
,,,,,,,,6471,0,0,0,0,122.316,0,174.66,0,166.68
,,,,,,,,6472,0,0,0,0,121.56,0,173.58,0,165.72
,,,,,,,,6473,0,0,0,0,120.672,0,172.32,0,164.52
,,,,,,,,6474,0,0,0,0,120.324,0,171.84,0,164.04
,,,,,,,,6475,0,0,0,0,119.748,0,171,0,163.32
,,,,,,,,6476,0,0,0,0,121.716,0,173.82,0,165.96
,,,,,,,,6477,0,0,0,0,125.1,0,178.62,0,170.52
,,,,,,,,6478,0,0,0,0,120.096,0,171.48,0,163.68
,,,,,,,,6479,0,0,0,0,111.228,0,158.82,0,151.56
,,,,,,,,6480,0,0,0,0,99.876,0,142.62,0,136.2
,,,,,,,,6481,0,0,0,0,89.484,0,127.74,0,121.92
,,,,,,,,6482,0,0,0,0,82.44,0,117.72,0,112.44
,,,,,,,,6483,0,0,0,0,78.372,0,111.9,0,106.8
,,,,,,,,6484,0,0,0,0,76.176,0,108.78,0,103.8
,,,,,,,,6485,0,0,0,0,75.648,0,108,0,103.08
,,,,,,,,6486,0,0,0,0,77.52,0,110.7,0,105.6
,,,,,,,,6487,0,0,0,0,84.864,0,121.2,0,115.68
,,,,,,,,6488,0,0,0,0,99.804,0,142.5,0,136.08
,,,,,,,,6489,0,0,0,0,109.332,0,156.12,0,149.04
,,,,,,,,6490,0,0,0,0,113.796,0,162.54,0,155.04
,,,,,,,,6491,0,0,0,0,116.424,0,166.2,0,158.64
,,,,,,,,6492,0,0,0,0,118.416,0,169.14,0,161.4
,,,,,,,,6493,0,0,0,0,119.316,0,170.4,0,162.72
,,,,,,,,6494,0,0,0,0,119.088,0,170.1,0,162.36
,,,,,,,,6495,0,0,0,0,119.1,0,170.1,0,162.36
,,,,,,,,6496,0,0,0,0,117.9,0,168.36,0,160.68
,,,,,,,,6497,0,0,0,0,117.264,0,167.4,0,159.84
,,,,,,,,6498,0,0,0,0,117.732,0,168.12,0,160.56
,,,,,,,,6499,0,0,0,0,118.872,0,169.8,0,162.12
,,,,,,,,6500,0,0,0,0,120.708,0,172.38,0,164.64
,,,,,,,,6501,0,0,0,0,120.168,0,171.6,0,163.8
,,,,,,,,6502,0,0,0,0,114.96,0,164.16,0,156.72
,,,,,,,,6503,0,0,0,0,107.988,0,154.2,0,147.12
,,,,,,,,6504,0,0,0,0,98.988,0,141.36,0,135
,,,,,,,,6505,0,0,0,0,89.664,0,128.04,0,122.28
,,,,,,,,6506,0,0,0,0,82.488,0,117.78,0,112.44
,,,,,,,,6507,0,0,0,0,78.264,0,111.78,0,106.68
,,,,,,,,6508,0,0,0,0,75.828,0,108.24,0,103.32
,,,,,,,,6509,0,0,0,0,74.652,0,106.62,0,101.76
,,,,,,,,6510,0,0,0,0,74.88,0,106.92,0,102.12
,,,,,,,,6511,0,0,0,0,77.82,0,111.12,0,105.96
,,,,,,,,6512,0,0,0,0,83.34,0,118.98,0,113.64
,,,,,,,,6513,0,0,0,0,90.336,0,129,0,123.12
,,,,,,,,6514,0,0,0,0,98.652,0,140.88,0,134.4
,,,,,,,,6515,0,0,0,0,104.508,0,149.22,0,142.44
,,,,,,,,6516,0,0,0,0,107.472,0,153.48,0,146.52
,,,,,,,,6517,0,0,0,0,108.036,0,154.26,0,147.24
,,,,,,,,6518,0,0,0,0,107.328,0,153.3,0,146.28
,,,,,,,,6519,0,0,0,0,105.6,0,150.84,0,144
,,,,,,,,6520,0,0,0,0,104.232,0,148.8,0,142.08
,,,,,,,,6521,0,0,0,0,103.428,0,147.66,0,141
,,,,,,,,6522,0,0,0,0,104.4,0,149.04,0,142.32
,,,,,,,,6523,0,0,0,0,106.764,0,152.46,0,145.56
,,,,,,,,6524,0,0,0,0,110.292,0,157.5,0,150.36
,,,,,,,,6525,0,0,0,0,111.24,0,158.88,0,151.68
,,,,,,,,6526,0,0,0,0,107.52,0,153.54,0,146.64
,,,,,,,,6527,0,0,0,0,101.916,0,145.5,0,138.96
,,,,,,,,6528,0,0,0,0,94.428,0,134.82,0,128.76
,,,,,,,,6529,0,0,0,0,86.208,0,123.12,0,117.48
,,,,,,,,6530,0,0,0,0,79.8,0,113.94,0,108.84
,,,,,,,,6531,0,0,0,0,75.72,0,108.12,0,103.2
,,,,,,,,6532,0,0,0,0,73.392,0,104.82,0,99.96
,,,,,,,,6533,0,0,0,0,72.18,0,103.08,0,98.4
,,,,,,,,6534,0,0,0,0,72.204,0,103.08,0,98.4
,,,,,,,,6535,0,0,0,0,73.968,0,105.6,0,100.8
,,,,,,,,6536,0,0,0,0,77.808,0,111.12,0,105.96
,,,,,,,,6537,0,0,0,0,83.028,0,118.56,0,113.28
,,,,,,,,6538,0,0,0,0,91.332,0,130.44,0,124.56
,,,,,,,,6539,0,0,0,0,98.604,0,140.82,0,134.4
,,,,,,,,6540,0,0,0,0,103.176,0,147.3,0,140.64
,,,,,,,,6541,0,0,0,0,105.684,0,150.9,0,144.12
,,,,,,,,6542,0,0,0,0,106.812,0,152.52,0,145.56
,,,,,,,,6543,0,0,0,0,105.72,0,150.96,0,144.24
,,,,,,,,6544,0,0,0,0,104.976,0,149.88,0,143.04
,,,,,,,,6545,0,0,0,0,104.316,0,148.98,0,142.2
,,,,,,,,6546,0,0,0,0,105.792,0,151.08,0,144.24
,,,,,,,,6547,0,0,0,0,108.06,0,154.32,0,147.24
,,,,,,,,6548,0,0,0,0,112.44,0,160.56,0,153.24
,,,,,,,,6549,0,0,0,0,115.056,0,164.28,0,156.96
,,,,,,,,6550,0,0,0,0,110.472,0,157.74,0,150.6
,,,,,,,,6551,0,0,0,0,102.168,0,145.86,0,139.32
,,,,,,,,6552,0,0,0,0,92.784,0,132.54,0,126.48
,,,,,,,,6553,0,0,0,0,84.048,0,120,0,114.48
,,,,,,,,6554,0,0,0,0,77.796,0,111.12,0,105.96
,,,,,,,,6555,0,0,0,0,74.4,0,106.26,0,101.4
,,,,,,,,6556,0,0,0,0,72.972,0,104.22,0,99.48
,,,,,,,,6557,0,0,0,0,72.708,0,103.8,0,99.12
,,,,,,,,6558,0,0,0,0,75.144,0,107.28,0,102.36
,,,,,,,,6559,0,0,0,0,83.58,0,119.34,0,113.88
,,,,,,,,6560,0,0,0,0,98.868,0,141.18,0,134.76
,,,,,,,,6561,0,0,0,0,107.604,0,153.66,0,146.64
,,,,,,,,6562,0,0,0,0,111.156,0,158.7,0,151.44
,,,,,,,,6563,0,0,0,0,113.796,0,162.48,0,155.04
,,,,,,,,6564,0,0,0,0,116.184,0,165.9,0,158.4
,,,,,,,,6565,0,0,0,0,117.252,0,167.4,0,159.84
,,,,,,,,6566,0,0,0,0,117.348,0,167.58,0,159.96
,,,,,,,,6567,0,0,0,0,117.408,0,167.7,0,160.08
,,,,,,,,6568,0,0,0,0,116.664,0,166.56,0,159
,,,,,,,,6569,0,0,0,0,115.932,0,165.54,0,158.04
,,,,,,,,6570,0,0,0,0,116.292,0,166.02,0,158.52
,,,,,,,,6571,0,0,0,0,118.224,0,168.84,0,161.16
,,,,,,,,6572,0,0,0,0,122.652,0,175.14,0,167.16
,,,,,,,,6573,0,0,0,0,125.028,0,178.5,0,170.4
,,,,,,,,6574,0,0,0,0,119.604,0,170.76,0,163.08
,,,,,,,,6575,0,0,0,0,110.208,0,157.38,0,150.24
,,,,,,,,6576,0,0,0,0,98.544,0,140.7,0,134.4
,,,,,,,,6577,0,0,0,0,88.056,0,125.76,0,120
,,,,,,,,6578,0,0,0,0,81.084,0,115.74,0,110.52
,,,,,,,,6579,0,0,0,0,77.364,0,110.46,0,105.36
,,,,,,,,6580,0,0,0,0,75.504,0,107.82,0,102.96
,,,,,,,,6581,0,0,0,0,75.144,0,107.28,0,102.36
,,,,,,,,6582,0,0,0,0,77.304,0,110.4,0,105.36
,,,,,,,,6583,0,0,0,0,85.032,0,121.38,0,115.92
,,,,,,,,6584,0,0,0,0,100.476,0,143.46,0,136.92
,,,,,,,,6585,0,0,0,0,109.044,0,155.7,0,148.68
,,,,,,,,6586,0,0,0,0,112.692,0,160.92,0,153.6
,,,,,,,,6587,0,0,0,0,115.392,0,164.76,0,157.32
,,,,,,,,6588,0,0,0,0,118.128,0,168.66,0,161.04
,,,,,,,,6589,0,0,0,0,119.772,0,171,0,163.32
,,,,,,,,6590,0,0,0,0,119.976,0,171.3,0,163.56
,,,,,,,,6591,0,0,0,0,120.348,0,171.9,0,164.16
,,,,,,,,6592,0,0,0,0,119.46,0,170.58,0,162.96
,,,,,,,,6593,0,0,0,0,118.824,0,169.68,0,162
,,,,,,,,6594,0,0,0,0,119.58,0,170.76,0,162.96
,,,,,,,,6595,0,0,0,0,122.16,0,174.42,0,166.56
,,,,,,,,6596,0,0,0,0,126.156,0,180.12,0,172.08
,,,,,,,,6597,0,0,0,0,126.288,0,180.3,0,172.2
,,,,,,,,6598,0,0,0,0,120.66,0,172.26,0,164.52
,,,,,,,,6599,0,0,0,0,111.768,0,159.6,0,152.4
,,,,,,,,6600,0,0,0,0,100.212,0,143.1,0,136.56
,,,,,,,,6601,0,0,0,0,89.964,0,128.46,0,122.64
,,,,,,,,6602,0,0,0,0,82.968,0,118.44,0,113.16
,,,,,,,,6603,0,0,0,0,79.26,0,113.22,0,108
,,,,,,,,6604,0,0,0,0,77.556,0,110.76,0,105.72
,,,,,,,,6605,0,0,0,0,77.244,0,110.28,0,105.36
,,,,,,,,6606,0,0,0,0,79.32,0,113.28,0,108.12
,,,,,,,,6607,0,0,0,0,87.264,0,124.62,0,118.92
,,,,,,,,6608,0,0,0,0,102.96,0,147,0,140.4
,,,,,,,,6609,0,0,0,0,112.956,0,161.28,0,153.96
,,,,,,,,6610,0,0,0,0,116.508,0,166.38,0,158.76
,,,,,,,,6611,0,0,0,0,119.328,0,170.4,0,162.72
,,,,,,,,6612,0,0,0,0,121.824,0,174,0,166.08
,,,,,,,,6613,0,0,0,0,122.976,0,175.62,0,167.64
,,,,,,,,6614,0,0,0,0,122.712,0,175.2,0,167.28
,,,,,,,,6615,0,0,0,0,122.928,0,175.5,0,167.64
,,,,,,,,6616,0,0,0,0,122.136,0,174.42,0,166.56
,,,,,,,,6617,0,0,0,0,121.632,0,173.7,0,165.84
,,,,,,,,6618,0,0,0,0,122.424,0,174.84,0,166.92
,,,,,,,,6619,0,0,0,0,124.908,0,178.38,0,170.28
,,,,,,,,6620,0,0,0,0,128.868,0,184.02,0,175.68
,,,,,,,,6621,0,0,0,0,128.688,0,183.78,0,175.44
,,,,,,,,6622,0,0,0,0,123.852,0,176.88,0,168.84
,,,,,,,,6623,0,0,0,0,114.468,0,163.5,0,156.12
,,,,,,,,6624,0,0,0,0,103.596,0,147.9,0,141.12
,,,,,,,,6625,0,0,0,0,93.144,0,133.02,0,126.96
,,,,,,,,6626,0,0,0,0,85.428,0,121.98,0,116.4
,,,,,,,,6627,0,0,0,0,81.24,0,115.98,0,110.76
,,,,,,,,6628,0,0,0,0,79.152,0,113.04,0,107.88
,,,,,,,,6629,0,0,0,0,78.6,0,112.26,0,107.16
,,,,,,,,6630,0,0,0,0,80.484,0,114.96,0,109.68
,,,,,,,,6631,0,0,0,0,88.38,0,126.18,0,120.48
,,,,,,,,6632,0,0,0,0,104.28,0,148.92,0,142.2
,,,,,,,,6633,0,0,0,0,114.408,0,163.38,0,156
,,,,,,,,6634,0,0,0,0,118.296,0,168.9,0,161.28
,,,,,,,,6635,0,0,0,0,121.08,0,172.92,0,165.12
,,,,,,,,6636,0,0,0,0,123.408,0,176.22,0,168.24
,,,,,,,,6637,0,0,0,0,124.464,0,177.72,0,169.68
,,,,,,,,6638,0,0,0,0,124.152,0,177.3,0,169.2
,,,,,,,,6639,0,0,0,0,123.924,0,177,0,168.96
,,,,,,,,6640,0,0,0,0,122.64,0,175.14,0,167.16
,,,,,,,,6641,0,0,0,0,121.716,0,173.82,0,165.96
,,,,,,,,6642,0,0,0,0,122.412,0,174.84,0,166.92
,,,,,,,,6643,0,0,0,0,124.752,0,178.14,0,170.16
,,,,,,,,6644,0,0,0,0,128.508,0,183.48,0,175.2
,,,,,,,,6645,0,0,0,0,128.04,0,182.82,0,174.48
,,,,,,,,6646,0,0,0,0,122.94,0,175.56,0,167.64
,,,,,,,,6647,0,0,0,0,114.456,0,163.44,0,156
,,,,,,,,6648,0,0,0,0,103.368,0,147.54,0,140.88
,,,,,,,,6649,0,0,0,0,92.616,0,132.24,0,126.24
,,,,,,,,6650,0,0,0,0,85.344,0,121.86,0,116.28
,,,,,,,,6651,0,0,0,0,81.156,0,115.92,0,110.64
,,,,,,,,6652,0,0,0,0,78.78,0,112.5,0,107.4
,,,,,,,,6653,0,0,0,0,78.156,0,111.6,0,106.56
,,,,,,,,6654,0,0,0,0,79.98,0,114.18,0,109.08
,,,,,,,,6655,0,0,0,0,87.096,0,124.38,0,118.68
,,,,,,,,6656,0,0,0,0,101.7,0,145.2,0,138.72
,,,,,,,,6657,0,0,0,0,110.688,0,158.1,0,150.84
,,,,,,,,6658,0,0,0,0,114.912,0,164.1,0,156.72
,,,,,,,,6659,0,0,0,0,118.704,0,169.5,0,161.76
,,,,,,,,6660,0,0,0,0,122.16,0,174.48,0,166.56
,,,,,,,,6661,0,0,0,0,124.008,0,177.06,0,168.96
,,,,,,,,6662,0,0,0,0,124.332,0,177.54,0,169.56
,,,,,,,,6663,0,0,0,0,124.86,0,178.26,0,170.16
,,,,,,,,6664,0,0,0,0,124.332,0,177.54,0,169.56
,,,,,,,,6665,0,0,0,0,123.528,0,176.4,0,168.36
,,,,,,,,6666,0,0,0,0,122.568,0,175.02,0,167.16
,,,,,,,,6667,0,0,0,0,121.02,0,172.8,0,165
,,,,,,,,6668,0,0,0,0,123.624,0,176.52,0,168.48
,,,,,,,,6669,0,0,0,0,124.644,0,177.96,0,169.92
,,,,,,,,6670,0,0,0,0,119.64,0,170.82,0,163.08
,,,,,,,,6671,0,0,0,0,112.512,0,160.68,0,153.36
,,,,,,,,6672,0,0,0,0,103.212,0,147.36,0,140.64
,,,,,,,,6673,0,0,0,0,93.516,0,133.5,0,127.44
,,,,,,,,6674,0,0,0,0,85.98,0,122.76,0,117.24
,,,,,,,,6675,0,0,0,0,81.12,0,115.86,0,110.64
,,,,,,,,6676,0,0,0,0,78.36,0,111.9,0,106.8
,,,,,,,,6677,0,0,0,0,77.124,0,110.1,0,105.12
,,,,,,,,6678,0,0,0,0,77.16,0,110.22,0,105.24
,,,,,,,,6679,0,0,0,0,79.596,0,113.64,0,108.48
,,,,,,,,6680,0,0,0,0,84.948,0,121.32,0,115.8
,,,,,,,,6681,0,0,0,0,91.092,0,130.08,0,124.2
,,,,,,,,6682,0,0,0,0,99.708,0,142.38,0,135.96
,,,,,,,,6683,0,0,0,0,106.008,0,151.38,0,144.48
,,,,,,,,6684,0,0,0,0,109.5,0,156.36,0,149.28
,,,,,,,,6685,0,0,0,0,111.24,0,158.88,0,151.68
,,,,,,,,6686,0,0,0,0,111.384,0,159.06,0,151.92
,,,,,,,,6687,0,0,0,0,110.544,0,157.86,0,150.72
,,,,,,,,6688,0,0,0,0,109.788,0,156.78,0,149.64
,,,,,,,,6689,0,0,0,0,109.368,0,156.18,0,149.04
,,,,,,,,6690,0,0,0,0,110.316,0,157.5,0,150.36
,,,,,,,,6691,0,0,0,0,112.428,0,160.5,0,153.24
,,,,,,,,6692,0,0,0,0,114.648,0,163.74,0,156.24
,,,,,,,,6693,0,0,0,0,113.484,0,162,0,154.68
,,,,,,,,6694,0,0,0,0,108.756,0,155.28,0,148.32
,,,,,,,,6695,0,0,0,0,102.888,0,146.94,0,140.28
,,,,,,,,6696,0,0,0,0,94.8,0,135.36,0,129.24
,,,,,,,,6697,0,0,0,0,86.508,0,123.48,0,117.96
,,,,,,,,6698,0,0,0,0,79.872,0,114.06,0,108.96
,,,,,,,,6699,0,0,0,0,75.732,0,108.18,0,103.2
,,,,,,,,6700,0,0,0,0,73.38,0,104.76,0,99.96
,,,,,,,,6701,0,0,0,0,72.324,0,103.26,0,98.64
,,,,,,,,6702,0,0,0,0,72.336,0,103.32,0,98.64
,,,,,,,,6703,0,0,0,0,73.896,0,105.48,0,100.68
,,,,,,,,6704,0,0,0,0,77.4,0,110.52,0,105.48
,,,,,,,,6705,0,0,0,0,82.272,0,117.48,0,112.08
,,,,,,,,6706,0,0,0,0,90.144,0,128.7,0,122.88
,,,,,,,,6707,0,0,0,0,95.76,0,136.74,0,130.56
,,,,,,,,6708,0,0,0,0,98.82,0,141.12,0,134.64
,,,,,,,,6709,0,0,0,0,100.356,0,143.34,0,136.8
,,,,,,,,6710,0,0,0,0,101.436,0,144.84,0,138.24
,,,,,,,,6711,0,0,0,0,101.376,0,144.78,0,138.12
,,,,,,,,6712,0,0,0,0,101.4,0,144.78,0,138.24
,,,,,,,,6713,0,0,0,0,101.856,0,145.44,0,138.84
,,,,,,,,6714,0,0,0,0,103.728,0,148.14,0,141.36
,,,,,,,,6715,0,0,0,0,106.356,0,151.86,0,144.96
,,,,,,,,6716,0,0,0,0,111.852,0,159.72,0,152.52
,,,,,,,,6717,0,0,0,0,111.552,0,159.3,0,152.04
,,,,,,,,6718,0,0,0,0,107.304,0,153.24,0,146.28
,,,,,,,,6719,0,0,0,0,100.524,0,143.52,0,137.04
,,,,,,,,6720,0,0,0,0,92.412,0,131.94,0,126
,,,,,,,,6721,0,0,0,0,84.396,0,120.48,0,115.08
,,,,,,,,6722,0,0,0,0,78.336,0,111.84,0,106.8
,,,,,,,,6723,0,0,0,0,74.76,0,106.74,0,101.88
,,,,,,,,6724,0,0,0,0,73.08,0,104.34,0,99.6
,,,,,,,,6725,0,0,0,0,72.864,0,104.04,0,99.24
,,,,,,,,6726,0,0,0,0,74.7,0,106.68,0,101.76
,,,,,,,,6727,0,0,0,0,80.268,0,114.6,0,109.44
,,,,,,,,6728,0,0,0,0,89.94,0,128.4,0,122.64
,,,,,,,,6729,0,0,0,0,98.304,0,140.34,0,134.04
,,,,,,,,6730,0,0,0,0,105.072,0,150.06,0,143.28
,,,,,,,,6731,0,0,0,0,109.644,0,156.6,0,149.52
,,,,,,,,6732,0,0,0,0,112.296,0,160.38,0,153.12
,,,,,,,,6733,0,0,0,0,113.148,0,161.58,0,154.32
,,,,,,,,6734,0,0,0,0,112.44,0,160.56,0,153.24
,,,,,,,,6735,0,0,0,0,111.888,0,159.78,0,152.52
,,,,,,,,6736,0,0,0,0,111.132,0,158.7,0,151.44
,,,,,,,,6737,0,0,0,0,110.424,0,157.68,0,150.48
,,,,,,,,6738,0,0,0,0,111.876,0,159.78,0,152.52
,,,,,,,,6739,0,0,0,0,115.932,0,165.6,0,158.16
,,,,,,,,6740,0,0,0,0,122.616,0,175.08,0,167.16
,,,,,,,,6741,0,0,0,0,123.072,0,175.74,0,167.76
,,,,,,,,6742,0,0,0,0,117.624,0,167.94,0,160.32
,,,,,,,,6743,0,0,0,0,108.576,0,155.04,0,147.96
,,,,,,,,6744,0,0,0,0,97.416,0,139.14,0,132.72
,,,,,,,,6745,0,0,0,0,87.468,0,124.92,0,119.28
,,,,,,,,6746,0,0,0,0,80.616,0,115.08,0,109.92
,,,,,,,,6747,0,0,0,0,76.944,0,109.86,0,104.88
,,,,,,,,6748,0,0,0,0,75.252,0,107.46,0,102.6
,,,,,,,,6749,0,0,0,0,75.012,0,107.1,0,102.24
,,,,,,,,6750,0,0,0,0,77.292,0,110.34,0,105.36
,,,,,,,,6751,0,0,0,0,85.548,0,122.16,0,116.64
,,,,,,,,6752,0,0,0,0,101.7,0,145.2,0,138.72
,,,,,,,,6753,0,0,0,0,111.252,0,158.88,0,151.68
,,,,,,,,6754,0,0,0,0,114.168,0,163.02,0,155.64
,,,,,,,,6755,0,0,0,0,115.968,0,165.6,0,158.16
,,,,,,,,6756,0,0,0,0,117.384,0,167.64,0,159.96
,,,,,,,,6757,0,0,0,0,117.984,0,168.48,0,160.8
,,,,,,,,6758,0,0,0,0,117.54,0,167.82,0,160.2
,,,,,,,,6759,0,0,0,0,117.408,0,167.7,0,160.08
,,,,,,,,6760,0,0,0,0,116.34,0,166.14,0,158.64
,,,,,,,,6761,0,0,0,0,115.62,0,165.06,0,157.56
,,,,,,,,6762,0,0,0,0,116.652,0,166.56,0,159
,,,,,,,,6763,0,0,0,0,120.072,0,171.48,0,163.68
,,,,,,,,6764,0,0,0,0,126.012,0,179.94,0,171.84
,,,,,,,,6765,0,0,0,0,125.784,0,179.64,0,171.48
,,,,,,,,6766,0,0,0,0,120.144,0,171.6,0,163.8
,,,,,,,,6767,0,0,0,0,110.784,0,158.16,0,150.96
,,,,,,,,6768,0,0,0,0,99.012,0,141.36,0,135
,,,,,,,,6769,0,0,0,0,88.572,0,126.48,0,120.72
,,,,,,,,6770,0,0,0,0,81.876,0,116.88,0,111.6
,,,,,,,,6771,0,0,0,0,78.204,0,111.66,0,106.56
,,,,,,,,6772,0,0,0,0,76.404,0,109.08,0,104.16
,,,,,,,,6773,0,0,0,0,75.972,0,108.48,0,103.56
,,,,,,,,6774,0,0,0,0,78.072,0,111.48,0,106.44
,,,,,,,,6775,0,0,0,0,86.016,0,122.88,0,117.24
,,,,,,,,6776,0,0,0,0,102.012,0,145.68,0,139.08
,,,,,,,,6777,0,0,0,0,112.032,0,159.96,0,152.64
,,,,,,,,6778,0,0,0,0,114.876,0,164.04,0,156.6
,,,,,,,,6779,0,0,0,0,116.712,0,166.68,0,159.12
,,,,,,,,6780,0,0,0,0,118.428,0,169.14,0,161.4
,,,,,,,,6781,0,0,0,0,119.22,0,170.28,0,162.48
,,,,,,,,6782,0,0,0,0,119.04,0,169.98,0,162.36
,,,,,,,,6783,0,0,0,0,119.052,0,170.04,0,162.36
,,,,,,,,6784,0,0,0,0,118.368,0,169.02,0,161.4
,,,,,,,,6785,0,0,0,0,117.96,0,168.42,0,160.8
,,,,,,,,6786,0,0,0,0,119.244,0,170.28,0,162.6
,,,,,,,,6787,0,0,0,0,121.956,0,174.12,0,166.32
,,,,,,,,6788,0,0,0,0,126.528,0,180.66,0,172.56
,,,,,,,,6789,0,0,0,0,126.156,0,180.12,0,172.08
,,,,,,,,6790,0,0,0,0,120.528,0,172.14,0,164.28
,,,,,,,,6791,0,0,0,0,111.396,0,159.06,0,151.92
,,,,,,,,6792,0,0,0,0,99.732,0,142.44,0,135.96
,,,,,,,,6793,0,0,0,0,89.16,0,127.32,0,121.56
,,,,,,,,6794,0,0,0,0,82.176,0,117.36,0,112.08
,,,,,,,,6795,0,0,0,0,78.456,0,112.02,0,106.92
,,,,,,,,6796,0,0,0,0,76.416,0,109.08,0,104.16
,,,,,,,,6797,0,0,0,0,76.224,0,108.84,0,103.92
,,,,,,,,6798,0,0,0,0,78.48,0,112.08,0,107.04
,,,,,,,,6799,0,0,0,0,86.568,0,123.6,0,118.08
,,,,,,,,6800,0,0,0,0,102.516,0,146.4,0,139.8
,,,,,,,,6801,0,0,0,0,110.964,0,158.46,0,151.32
,,,,,,,,6802,0,0,0,0,113.28,0,161.76,0,154.44
,,,,,,,,6803,0,0,0,0,114.36,0,163.32,0,155.88
,,,,,,,,6804,0,0,0,0,114.948,0,164.1,0,156.72
,,,,,,,,6805,0,0,0,0,114.84,0,163.98,0,156.6
,,,,,,,,6806,0,0,0,0,114.108,0,162.9,0,155.64
,,,,,,,,6807,0,0,0,0,113.832,0,162.6,0,155.16
,,,,,,,,6808,0,0,0,0,112.428,0,160.5,0,153.24
,,,,,,,,6809,0,0,0,0,111.564,0,159.3,0,152.04
,,,,,,,,6810,0,0,0,0,111.984,0,159.9,0,152.64
,,,,,,,,6811,0,0,0,0,114.516,0,163.5,0,156.12
,,,,,,,,6812,0,0,0,0,121.824,0,174,0,166.08
,,,,,,,,6813,0,0,0,0,123.876,0,176.88,0,168.96
,,,,,,,,6814,0,0,0,0,119.46,0,170.58,0,162.96
,,,,,,,,6815,0,0,0,0,110.892,0,158.34,0,151.2
,,,,,,,,6816,0,0,0,0,100.464,0,143.46,0,136.92
,,,,,,,,6817,0,0,0,0,90.384,0,129.06,0,123.24
,,,,,,,,6818,0,0,0,0,83.028,0,118.56,0,113.28
,,,,,,,,6819,0,0,0,0,79.212,0,113.1,0,108
,,,,,,,,6820,0,0,0,0,77.268,0,110.34,0,105.36
,,,,,,,,6821,0,0,0,0,76.908,0,109.8,0,104.76
,,,,,,,,6822,0,0,0,0,78.9,0,112.68,0,107.52
,,,,,,,,6823,0,0,0,0,86.928,0,124.14,0,118.56
,,,,,,,,6824,0,0,0,0,102.588,0,146.46,0,139.92
,,,,,,,,6825,0,0,0,0,111.348,0,159,0,151.8
,,,,,,,,6826,0,0,0,0,113.94,0,162.66,0,155.28
,,,,,,,,6827,0,0,0,0,116.22,0,165.96,0,158.4
,,,,,,,,6828,0,0,0,0,118.128,0,168.66,0,161.04
,,,,,,,,6829,0,0,0,0,118.524,0,169.2,0,161.64
,,,,,,,,6830,0,0,0,0,117.42,0,167.7,0,160.08
,,,,,,,,6831,0,0,0,0,116.436,0,166.26,0,158.64
,,,,,,,,6832,0,0,0,0,114.048,0,162.9,0,155.52
,,,,,,,,6833,0,0,0,0,112.272,0,160.32,0,153.12
,,,,,,,,6834,0,0,0,0,112.44,0,160.56,0,153.24
,,,,,,,,6835,0,0,0,0,114.9,0,164.1,0,156.6
,,,,,,,,6836,0,0,0,0,121.26,0,173.16,0,165.36
,,,,,,,,6837,0,0,0,0,121.98,0,174.18,0,166.32
,,,,,,,,6838,0,0,0,0,117.852,0,168.3,0,160.68
,,,,,,,,6839,0,0,0,0,111.564,0,159.3,0,152.04
,,,,,,,,6840,0,0,0,0,102.492,0,146.34,0,139.8
,,,,,,,,6841,0,0,0,0,93.312,0,133.26,0,127.2
,,,,,,,,6842,0,0,0,0,86.292,0,123.24,0,117.6
,,,,,,,,6843,0,0,0,0,82.548,0,117.9,0,112.56
,,,,,,,,6844,0,0,0,0,80.688,0,115.2,0,110.04
,,,,,,,,6845,0,0,0,0,79.992,0,114.18,0,109.08
,,,,,,,,6846,0,0,0,0,80.976,0,115.62,0,110.4
,,,,,,,,6847,0,0,0,0,84.528,0,120.72,0,115.2
,,,,,,,,6848,0,0,0,0,90.852,0,129.72,0,123.84
,,,,,,,,6849,0,0,0,0,97.692,0,139.5,0,133.2
,,,,,,,,6850,0,0,0,0,104.808,0,149.64,0,142.92
,,,,,,,,6851,0,0,0,0,108.012,0,154.26,0,147.24
,,,,,,,,6852,0,0,0,0,108.468,0,154.92,0,147.84
,,,,,,,,6853,0,0,0,0,107.004,0,152.76,0,145.92
,,,,,,,,6854,0,0,0,0,104.736,0,149.58,0,142.8
,,,,,,,,6855,0,0,0,0,102.276,0,146.04,0,139.44
,,,,,,,,6856,0,0,0,0,100.332,0,143.28,0,136.8
,,,,,,,,6857,0,0,0,0,99.792,0,142.5,0,136.08
,,,,,,,,6858,0,0,0,0,101.448,0,144.84,0,138.24
,,,,,,,,6859,0,0,0,0,105.72,0,150.96,0,144.24
,,,,,,,,6860,0,0,0,0,113.652,0,162.24,0,154.92
,,,,,,,,6861,0,0,0,0,113.856,0,162.6,0,155.16
,,,,,,,,6862,0,0,0,0,110.46,0,157.74,0,150.6
,,,,,,,,6863,0,0,0,0,104.904,0,149.82,0,142.92
,,,,,,,,6864,0,0,0,0,97.38,0,139.08,0,132.72
,,,,,,,,6865,0,0,0,0,89.424,0,127.68,0,121.92
,,,,,,,,6866,0,0,0,0,82.968,0,118.44,0,113.16
,,,,,,,,6867,0,0,0,0,78.576,0,112.2,0,107.16
,,,,,,,,6868,0,0,0,0,76.416,0,109.08,0,104.16
,,,,,,,,6869,0,0,0,0,75.252,0,107.46,0,102.6
,,,,,,,,6870,0,0,0,0,75.264,0,107.46,0,102.6
,,,,,,,,6871,0,0,0,0,77.184,0,110.22,0,105.24
,,,,,,,,6872,0,0,0,0,81.324,0,116.16,0,110.76
,,,,,,,,6873,0,0,0,0,87.048,0,124.32,0,118.68
,,,,,,,,6874,0,0,0,0,95.124,0,135.84,0,129.6
,,,,,,,,6875,0,0,0,0,101.796,0,145.38,0,138.72
,,,,,,,,6876,0,0,0,0,105.588,0,150.78,0,144
,,,,,,,,6877,0,0,0,0,107.688,0,153.78,0,146.76
,,,,,,,,6878,0,0,0,0,108.144,0,154.44,0,147.48
,,,,,,,,6879,0,0,0,0,106.848,0,152.58,0,145.68
,,,,,,,,6880,0,0,0,0,105.156,0,150.18,0,143.4
,,,,,,,,6881,0,0,0,0,104.352,0,149.04,0,142.32
,,,,,,,,6882,0,0,0,0,105.708,0,150.96,0,144.12
,,,,,,,,6883,0,0,0,0,109.068,0,155.76,0,148.68
,,,,,,,,6884,0,0,0,0,116.016,0,165.66,0,158.16
,,,,,,,,6885,0,0,0,0,116.508,0,166.38,0,158.76
,,,,,,,,6886,0,0,0,0,111.984,0,159.9,0,152.64
,,,,,,,,6887,0,0,0,0,103.368,0,147.54,0,140.88
,,,,,,,,6888,0,0,0,0,93.864,0,134.04,0,127.92
,,,,,,,,6889,0,0,0,0,85.296,0,121.8,0,116.28
,,,,,,,,6890,0,0,0,0,79.308,0,113.28,0,108.12
,,,,,,,,6891,0,0,0,0,76.32,0,108.96,0,104.04
,,,,,,,,6892,0,0,0,0,75.012,0,107.1,0,102.24
,,,,,,,,6893,0,0,0,0,74.964,0,107.04,0,102.24
,,,,,,,,6894,0,0,0,0,77.364,0,110.46,0,105.36
,,,,,,,,6895,0,0,0,0,85.776,0,122.52,0,116.88
,,,,,,,,6896,0,0,0,0,101.748,0,145.26,0,138.72
,,,,,,,,6897,0,0,0,0,111.024,0,158.52,0,151.44
,,,,,,,,6898,0,0,0,0,114.012,0,162.84,0,155.4
,,,,,,,,6899,0,0,0,0,117.492,0,167.76,0,160.2
,,,,,,,,6900,0,0,0,0,119.868,0,171.18,0,163.44
,,,,,,,,6901,0,0,0,0,120.876,0,172.62,0,164.76
,,,,,,,,6902,0,0,0,0,120.708,0,172.38,0,164.64
,,,,,,,,6903,0,0,0,0,120.852,0,172.56,0,164.76
,,,,,,,,6904,0,0,0,0,119.748,0,171,0,163.2
,,,,,,,,6905,0,0,0,0,118.908,0,169.8,0,162.12
,,,,,,,,6906,0,0,0,0,119.652,0,170.88,0,163.08
,,,,,,,,6907,0,0,0,0,123.252,0,176.04,0,168
,,,,,,,,6908,0,0,0,0,129.3,0,184.62,0,176.28
,,,,,,,,6909,0,0,0,0,127.476,0,182.04,0,173.88
,,,,,,,,6910,0,0,0,0,121.284,0,173.16,0,165.36
,,,,,,,,6911,0,0,0,0,111.816,0,159.66,0,152.4
,,,,,,,,6912,0,0,0,0,100.212,0,143.1,0,136.56
,,,,,,,,6913,0,0,0,0,90.108,0,128.64,0,122.88
,,,,,,,,6914,0,0,0,0,83.196,0,118.8,0,113.4
,,,,,,,,6915,0,0,0,0,79.212,0,113.1,0,108
,,,,,,,,6916,0,0,0,0,76.968,0,109.92,0,104.88
,,,,,,,,6917,0,0,0,0,76.08,0,108.6,0,103.68
,,,,,,,,6918,0,0,0,0,77.556,0,110.76,0,105.72
,,,,,,,,6919,0,0,0,0,84.888,0,121.2,0,115.68
,,,,,,,,6920,0,0,0,0,100.32,0,143.28,0,136.8
,,,,,,,,6921,0,0,0,0,109.86,0,156.84,0,149.76
,,,,,,,,6922,0,0,0,0,111.66,0,159.48,0,152.16
,,,,,,,,6923,0,0,0,0,112.968,0,161.34,0,153.96
,,,,,,,,6924,0,0,0,0,114.564,0,163.56,0,156.24
,,,,,,,,6925,0,0,0,0,114.948,0,164.1,0,156.72
,,,,,,,,6926,0,0,0,0,114.132,0,162.96,0,155.64
,,,,,,,,6927,0,0,0,0,113.796,0,162.48,0,155.04
,,,,,,,,6928,0,0,0,0,112.332,0,160.44,0,153.24
,,,,,,,,6929,0,0,0,0,111.408,0,159.06,0,151.92
,,,,,,,,6930,0,0,0,0,112.452,0,160.56,0,153.24
,,,,,,,,6931,0,0,0,0,115.944,0,165.6,0,158.16
,,,,,,,,6932,0,0,0,0,123.972,0,177,0,168.96
,,,,,,,,6933,0,0,0,0,124.152,0,177.3,0,169.2
,,,,,,,,6934,0,0,0,0,119.22,0,170.22,0,162.48
,,,,,,,,6935,0,0,0,0,110.1,0,157.2,0,150.12
,,,,,,,,6936,0,0,0,0,99.924,0,142.68,0,136.32
,,,,,,,,6937,0,0,0,0,90.3,0,128.94,0,123.12
,,,,,,,,6938,0,0,0,0,82.908,0,118.38,0,113.04
,,,,,,,,6939,0,0,0,0,79.392,0,113.34,0,108.24
,,,,,,,,6940,0,0,0,0,77.868,0,111.18,0,106.08
,,,,,,,,6941,0,0,0,0,77.736,0,111,0,105.96
,,,,,,,,6942,0,0,0,0,80.244,0,114.6,0,109.44
,,,,,,,,6943,0,0,0,0,88.716,0,126.72,0,120.96
,,,,,,,,6944,0,0,0,0,105.3,0,150.36,0,143.52
,,,,,,,,6945,0,0,0,0,113.964,0,162.72,0,155.4
,,,,,,,,6946,0,0,0,0,115.5,0,164.94,0,157.44
,,,,,,,,6947,0,0,0,0,115.56,0,165,0,157.44
,,,,,,,,6948,0,0,0,0,115.872,0,165.48,0,158.04
,,,,,,,,6949,0,0,0,0,115.404,0,164.76,0,157.32
,,,,,,,,6950,0,0,0,0,114.576,0,163.62,0,156.24
,,,,,,,,6951,0,0,0,0,114.3,0,163.2,0,155.76
,,,,,,,,6952,0,0,0,0,113.148,0,161.58,0,154.32
,,,,,,,,6953,0,0,0,0,112.296,0,160.32,0,153.12
,,,,,,,,6954,0,0,0,0,112.752,0,161.04,0,153.72
,,,,,,,,6955,0,0,0,0,116.088,0,165.78,0,158.28
,,,,,,,,6956,0,0,0,0,124.152,0,177.3,0,169.2
,,,,,,,,6957,0,0,0,0,124.068,0,177.18,0,169.08
,,,,,,,,6958,0,0,0,0,119.196,0,170.22,0,162.48
,,,,,,,,6959,0,0,0,0,110.556,0,157.86,0,150.72
,,,,,,,,6960,0,0,0,0,98.724,0,140.94,0,134.52
,,,,,,,,6961,0,0,0,0,88.944,0,127.02,0,121.2
,,,,,,,,6962,0,0,0,0,82.308,0,117.48,0,112.2
,,,,,,,,6963,0,0,0,0,78.816,0,112.56,0,107.4
,,,,,,,,6964,0,0,0,0,77.316,0,110.4,0,105.36
,,,,,,,,6965,0,0,0,0,76.944,0,109.86,0,104.88
,,,,,,,,6966,0,0,0,0,79.356,0,113.28,0,108.24
,,,,,,,,6967,0,0,0,0,87.672,0,125.22,0,119.52
,,,,,,,,6968,0,0,0,0,104.28,0,148.92,0,142.2
,,,,,,,,6969,0,0,0,0,113.244,0,161.7,0,154.44
,,,,,,,,6970,0,0,0,0,114.768,0,163.86,0,156.48
,,,,,,,,6971,0,0,0,0,115.392,0,164.76,0,157.32
,,,,,,,,6972,0,0,0,0,116.184,0,165.9,0,158.4
,,,,,,,,6973,0,0,0,0,110.808,0,158.22,0,151.08
,,,,,,,,6974,0,0,0,0,112.968,0,161.34,0,153.96
,,,,,,,,6975,0,0,0,0,112.884,0,161.16,0,153.84
,,,,,,,,6976,0,0,0,0,115.824,0,165.36,0,157.92
,,,,,,,,6977,0,0,0,0,108.768,0,155.34,0,148.32
,,,,,,,,6978,0,0,0,0,113.652,0,162.24,0,154.92
,,,,,,,,6979,0,0,0,0,116.328,0,166.14,0,158.64
,,,,,,,,6980,0,0,0,0,123.72,0,176.7,0,168.6
,,,,,,,,6981,0,0,0,0,123.66,0,176.58,0,168.6
,,,,,,,,6982,0,0,0,0,118.644,0,169.44,0,161.76
,,,,,,,,6983,0,0,0,0,110.184,0,157.32,0,150.24
,,,,,,,,6984,0,0,0,0,99.084,0,141.48,0,135.12
,,,,,,,,6985,0,0,0,0,88.872,0,126.9,0,121.2
,,,,,,,,6986,0,0,0,0,81.912,0,116.94,0,111.6
,,,,,,,,6987,0,0,0,0,78.132,0,111.54,0,106.56
,,,,,,,,6988,0,0,0,0,76.344,0,109.02,0,104.04
,,,,,,,,6989,0,0,0,0,75.936,0,108.42,0,103.56
,,,,,,,,6990,0,0,0,0,77.976,0,111.36,0,106.32
,,,,,,,,6991,0,0,0,0,85.644,0,122.28,0,116.76
,,,,,,,,6992,0,0,0,0,101.22,0,144.54,0,138
,,,,,,,,6993,0,0,0,0,111.708,0,159.54,0,152.28
,,,,,,,,6994,0,0,0,0,115.392,0,164.76,0,157.32
,,,,,,,,6995,0,0,0,0,118.008,0,168.54,0,160.92
,,,,,,,,6996,0,0,0,0,120.168,0,171.6,0,163.8
,,,,,,,,6997,0,0,0,0,120.744,0,172.44,0,164.64
,,,,,,,,6998,0,0,0,0,120.096,0,171.48,0,163.68
,,,,,,,,6999,0,0,0,0,119.964,0,171.3,0,163.56
,,,,,,,,7000,0,0,0,0,118.944,0,169.86,0,162.24
,,,,,,,,7001,0,0,0,0,118.272,0,168.9,0,161.16
,,,,,,,,7002,0,0,0,0,119.196,0,170.22,0,162.48
,,,,,,,,7003,0,0,0,0,122.16,0,174.42,0,166.56
,,,,,,,,7004,0,0,0,0,125.004,0,178.5,0,170.4
,,,,,,,,7005,0,0,0,0,121.956,0,174.12,0,166.32
,,,,,,,,7006,0,0,0,0,117.096,0,167.22,0,159.6
,,,,,,,,7007,0,0,0,0,110.22,0,157.38,0,150.24
,,,,,,,,7008,0,0,0,0,101.016,0,144.24,0,137.64
,,,,,,,,7009,0,0,0,0,91.356,0,130.44,0,124.56
,,,,,,,,7010,0,0,0,0,84.108,0,120.12,0,114.6
,,,,,,,,7011,0,0,0,0,79.944,0,114.18,0,109.08
,,,,,,,,7012,0,0,0,0,77.508,0,110.64,0,105.6
,,,,,,,,7013,0,0,0,0,76.44,0,109.14,0,104.16
,,,,,,,,7014,0,0,0,0,76.752,0,109.62,0,104.64
,,,,,,,,7015,0,0,0,0,79.308,0,113.28,0,108.12
,,,,,,,,7016,0,0,0,0,85.224,0,121.68,0,116.16
,,,,,,,,7017,0,0,0,0,92.196,0,131.64,0,125.64
,,,,,,,,7018,0,0,0,0,100.164,0,143.04,0,136.56
,,,,,,,,7019,0,0,0,0,106.332,0,151.8,0,144.96
,,,,,,,,7020,0,0,0,0,109.392,0,156.24,0,149.16
,,,,,,,,7021,0,0,0,0,110.208,0,157.38,0,150.24
,,,,,,,,7022,0,0,0,0,109.356,0,156.12,0,149.04
,,,,,,,,7023,0,0,0,0,107.556,0,153.54,0,146.64
,,,,,,,,7024,0,0,0,0,105.396,0,150.54,0,143.64
,,,,,,,,7025,0,0,0,0,104.052,0,148.56,0,141.84
,,,,,,,,7026,0,0,0,0,104.352,0,149.04,0,142.32
,,,,,,,,7027,0,0,0,0,106.584,0,152.22,0,145.32
,,,,,,,,7028,0,0,0,0,113.04,0,161.4,0,154.08
,,,,,,,,7029,0,0,0,0,111.588,0,159.3,0,152.04
,,,,,,,,7030,0,0,0,0,107.532,0,153.54,0,146.64
,,,,,,,,7031,0,0,0,0,101.688,0,145.2,0,138.72
,,,,,,,,7032,0,0,0,0,94.02,0,134.28,0,128.16
,,,,,,,,7033,0,0,0,0,86.016,0,122.82,0,117.24
,,,,,,,,7034,0,0,0,0,79.428,0,113.4,0,108.36
,,,,,,,,7035,0,0,0,0,75.168,0,107.28,0,102.36
,,,,,,,,7036,0,0,0,0,72.888,0,104.1,0,99.24
,,,,,,,,7037,0,0,0,0,71.664,0,102.36,0,97.68
,,,,,,,,7038,0,0,0,0,71.748,0,102.48,0,97.8
,,,,,,,,7039,0,0,0,0,73.488,0,104.94,0,100.2
,,,,,,,,7040,0,0,0,0,77.604,0,110.82,0,105.84
,,,,,,,,7041,0,0,0,0,82.38,0,117.6,0,112.32
,,,,,,,,7042,0,0,0,0,89.88,0,128.34,0,122.52
,,,,,,,,7043,0,0,0,0,95.748,0,136.74,0,130.56
,,,,,,,,7044,0,0,0,0,98.592,0,140.76,0,134.4
,,,,,,,,7045,0,0,0,0,100.104,0,142.92,0,136.44
,,,,,,,,7046,0,0,0,0,100.644,0,143.7,0,137.16
,,,,,,,,7047,0,0,0,0,99.996,0,142.74,0,136.32
,,,,,,,,7048,0,0,0,0,99.492,0,142.08,0,135.6
,,,,,,,,7049,0,0,0,0,99.768,0,142.44,0,135.96
,,,,,,,,7050,0,0,0,0,102.216,0,145.98,0,139.32
,,,,,,,,7051,0,0,0,0,106.98,0,152.76,0,145.92
,,,,,,,,7052,0,0,0,0,115.26,0,164.58,0,157.08
,,,,,,,,7053,0,0,0,0,113.256,0,161.7,0,154.44
,,,,,,,,7054,0,0,0,0,109.308,0,156.06,0,149.04
,,,,,,,,7055,0,0,0,0,101.148,0,144.42,0,137.88
,,,,,,,,7056,0,0,0,0,91.572,0,130.74,0,124.8
,,,,,,,,7057,0,0,0,0,82.956,0,118.44,0,113.16
,,,,,,,,7058,0,0,0,0,76.956,0,109.86,0,104.88
,,,,,,,,7059,0,0,0,0,73.92,0,105.54,0,100.68
,,,,,,,,7060,0,0,0,0,72.684,0,103.8,0,99.12
,,,,,,,,7061,0,0,0,0,72.756,0,103.92,0,99.24
,,,,,,,,7062,0,0,0,0,75.168,0,107.34,0,102.36
,,,,,,,,7063,0,0,0,0,83.628,0,119.4,0,114
,,,,,,,,7064,0,0,0,0,100.032,0,142.8,0,136.32
,,,,,,,,7065,0,0,0,0,108.96,0,155.64,0,148.56
,,,,,,,,7066,0,0,0,0,111.192,0,158.76,0,151.56
,,,,,,,,7067,0,0,0,0,113.304,0,161.76,0,154.56
,,,,,,,,7068,0,0,0,0,115.152,0,164.4,0,156.96
,,,,,,,,7069,0,0,0,0,115.824,0,165.36,0,157.92
,,,,,,,,7070,0,0,0,0,115.296,0,164.64,0,157.2
,,,,,,,,7071,0,0,0,0,115.152,0,164.4,0,156.96
,,,,,,,,7072,0,0,0,0,113.988,0,162.78,0,155.4
,,,,,,,,7073,0,0,0,0,113.1,0,161.52,0,154.2
,,,,,,,,7074,0,0,0,0,113.832,0,162.6,0,155.16
,,,,,,,,7075,0,0,0,0,117.432,0,167.7,0,160.08
,,,,,,,,7076,0,0,0,0,125.4,0,179.1,0,170.88
,,,,,,,,7077,0,0,0,0,124.044,0,177.12,0,169.08
,,,,,,,,7078,0,0,0,0,117.876,0,168.3,0,160.68
,,,,,,,,7079,0,0,0,0,108.732,0,155.28,0,148.2
,,,,,,,,7080,0,0,0,0,97.86,0,139.74,0,133.32
,,,,,,,,7081,0,0,0,0,87.888,0,125.52,0,119.88
,,,,,,,,7082,0,0,0,0,80.58,0,115.08,0,109.8
,,,,,,,,7083,0,0,0,0,76.764,0,109.62,0,104.64
,,,,,,,,7084,0,0,0,0,74.868,0,106.92,0,102
,,,,,,,,7085,0,0,0,0,74.664,0,106.62,0,101.76
,,,,,,,,7086,0,0,0,0,76.608,0,109.38,0,104.4
,,,,,,,,7087,0,0,0,0,85.152,0,121.62,0,116.04
,,,,,,,,7088,0,0,0,0,101.568,0,145.02,0,138.48
,,,,,,,,7089,0,0,0,0,110.256,0,157.5,0,150.24
,,,,,,,,7090,0,0,0,0,111.996,0,159.9,0,152.64
,,,,,,,,7091,0,0,0,0,113.136,0,161.58,0,154.2
,,,,,,,,7092,0,0,0,0,114.42,0,163.38,0,156
,,,,,,,,7093,0,0,0,0,114.972,0,164.16,0,156.72
,,,,,,,,7094,0,0,0,0,114.612,0,163.68,0,156.24
,,,,,,,,7095,0,0,0,0,114.768,0,163.86,0,156.48
,,,,,,,,7096,0,0,0,0,113.676,0,162.3,0,155.04
,,,,,,,,7097,0,0,0,0,112.932,0,161.28,0,153.96
,,,,,,,,7098,0,0,0,0,114,0,162.84,0,155.4
,,,,,,,,7099,0,0,0,0,118.56,0,169.32,0,161.64
,,,,,,,,7100,0,0,0,0,126.072,0,180,0,171.84
,,,,,,,,7101,0,0,0,0,123.96,0,177,0,168.96
,,,,,,,,7102,0,0,0,0,118.152,0,168.72,0,161.16
,,,,,,,,7103,0,0,0,0,109.308,0,156.06,0,149.04
,,,,,,,,7104,0,0,0,0,97.776,0,139.62,0,133.2
,,,,,,,,7105,0,0,0,0,87.72,0,125.28,0,119.52
,,,,,,,,7106,0,0,0,0,81.192,0,115.98,0,110.76
,,,,,,,,7107,0,0,0,0,77.652,0,110.88,0,105.84
,,,,,,,,7108,0,0,0,0,75.816,0,108.24,0,103.32
,,,,,,,,7109,0,0,0,0,75.372,0,107.58,0,102.72
,,,,,,,,7110,0,0,0,0,77.52,0,110.7,0,105.6
,,,,,,,,7111,0,0,0,0,85.608,0,122.28,0,116.76
,,,,,,,,7112,0,0,0,0,102.288,0,146.04,0,139.44
,,,,,,,,7113,0,0,0,0,111.72,0,159.54,0,152.28
,,,,,,,,7114,0,0,0,0,113.616,0,162.24,0,154.92
,,,,,,,,7115,0,0,0,0,114.912,0,164.1,0,156.72
,,,,,,,,7116,0,0,0,0,115.836,0,165.42,0,157.92
,,,,,,,,7117,0,0,0,0,115.932,0,165.54,0,158.04
,,,,,,,,7118,0,0,0,0,115.524,0,164.94,0,157.44
,,,,,,,,7119,0,0,0,0,115.284,0,164.64,0,157.2
,,,,,,,,7120,0,0,0,0,114.036,0,162.84,0,155.52
,,,,,,,,7121,0,0,0,0,113.172,0,161.64,0,154.32
,,,,,,,,7122,0,0,0,0,114.456,0,163.44,0,156
,,,,,,,,7123,0,0,0,0,119.316,0,170.4,0,162.72
,,,,,,,,7124,0,0,0,0,125.904,0,179.76,0,171.6
,,,,,,,,7125,0,0,0,0,123.972,0,177,0,168.96
,,,,,,,,7126,0,0,0,0,118.548,0,169.26,0,161.64
,,,,,,,,7127,0,0,0,0,110.076,0,157.2,0,150.12
,,,,,,,,7128,0,0,0,0,98.34,0,140.4,0,134.04
,,,,,,,,7129,0,0,0,0,88.416,0,126.24,0,120.48
,,,,,,,,7130,0,0,0,0,81.672,0,116.58,0,111.36
,,,,,,,,7131,0,0,0,0,78.132,0,111.54,0,106.56
,,,,,,,,7132,0,0,0,0,76.44,0,109.14,0,104.16
,,,,,,,,7133,0,0,0,0,76.224,0,108.84,0,103.92
,,,,,,,,7134,0,0,0,0,78.336,0,111.84,0,106.8
,,,,,,,,7135,0,0,0,0,86.7,0,123.78,0,118.2
,,,,,,,,7136,0,0,0,0,103.2,0,147.36,0,140.64
,,,,,,,,7137,0,0,0,0,111.936,0,159.9,0,152.64
,,,,,,,,7138,0,0,0,0,113.172,0,161.64,0,154.32
,,,,,,,,7139,0,0,0,0,114.36,0,163.26,0,155.88
,,,,,,,,7140,0,0,0,0,115.416,0,164.76,0,157.32
,,,,,,,,7141,0,0,0,0,115.524,0,164.94,0,157.44
,,,,,,,,7142,0,0,0,0,114.768,0,163.86,0,156.48
,,,,,,,,7143,0,0,0,0,114.48,0,163.5,0,156.12
,,,,,,,,7144,0,0,0,0,113.16,0,161.58,0,154.32
,,,,,,,,7145,0,0,0,0,112.2,0,160.2,0,153
,,,,,,,,7146,0,0,0,0,112.932,0,161.28,0,153.96
,,,,,,,,7147,0,0,0,0,117.024,0,167.1,0,159.48
,,,,,,,,7148,0,0,0,0,124.62,0,177.9,0,169.92
,,,,,,,,7149,0,0,0,0,123.312,0,176.1,0,168.12
,,,,,,,,7150,0,0,0,0,118.404,0,169.08,0,161.4
,,,,,,,,7151,0,0,0,0,110.148,0,157.26,0,150.24
,,,,,,,,7152,0,0,0,0,98.976,0,141.3,0,135
,,,,,,,,7153,0,0,0,0,88.812,0,126.84,0,121.08
,,,,,,,,7154,0,0,0,0,82.02,0,117.12,0,111.84
,,,,,,,,7155,0,0,0,0,78.156,0,111.6,0,106.56
,,,,,,,,7156,0,0,0,0,76.332,0,109.02,0,104.04
,,,,,,,,7157,0,0,0,0,76.056,0,108.6,0,103.68
,,,,,,,,7158,0,0,0,0,78.036,0,111.42,0,106.32
,,,,,,,,7159,0,0,0,0,86.016,0,122.82,0,117.24
,,,,,,,,7160,0,0,0,0,101.772,0,145.32,0,138.72
,,,,,,,,7161,0,0,0,0,110.892,0,158.34,0,151.2
,,,,,,,,7162,0,0,0,0,112.968,0,161.34,0,153.96
,,,,,,,,7163,0,0,0,0,114.792,0,163.92,0,156.48
,,,,,,,,7164,0,0,0,0,116.112,0,165.78,0,158.28
,,,,,,,,7165,0,0,0,0,116.22,0,165.9,0,158.4
,,,,,,,,7166,0,0,0,0,115.284,0,164.64,0,157.2
,,,,,,,,7167,0,0,0,0,114.636,0,163.68,0,156.24
,,,,,,,,7168,0,0,0,0,113.316,0,161.82,0,154.56
,,,,,,,,7169,0,0,0,0,112.128,0,160.14,0,152.88
,,,,,,,,7170,0,0,0,0,112.008,0,159.9,0,152.64
,,,,,,,,7171,0,0,0,0,114.78,0,163.92,0,156.48
,,,,,,,,7172,0,0,0,0,120.348,0,171.9,0,164.16
,,,,,,,,7173,0,0,0,0,117.732,0,168.12,0,160.56
,,,,,,,,7174,0,0,0,0,113.088,0,161.46,0,154.2
,,,,,,,,7175,0,0,0,0,106.368,0,151.92,0,144.96
,,,,,,,,7176,0,0,0,0,97.332,0,138.96,0,132.72
,,,,,,,,7177,0,0,0,0,88.032,0,125.7,0,120
,,,,,,,,7178,0,0,0,0,81.108,0,115.8,0,110.52
,,,,,,,,7179,0,0,0,0,77.004,0,109.98,0,105
,,,,,,,,7180,0,0,0,0,74.748,0,106.74,0,101.88
,,,,,,,,7181,0,0,0,0,73.668,0,105.18,0,100.44
,,,,,,,,7182,0,0,0,0,74.124,0,105.84,0,101.04
,,,,,,,,7183,0,0,0,0,77.184,0,110.22,0,105.24
,,,,,,,,7184,0,0,0,0,83.544,0,119.34,0,113.88
,,,,,,,,7185,0,0,0,0,90.372,0,129,0,123.12
,,,,,,,,7186,0,0,0,0,97.956,0,139.86,0,133.56
,,,,,,,,7187,0,0,0,0,103.128,0,147.24,0,140.52
,,,,,,,,7188,0,0,0,0,105.444,0,150.54,0,143.76
,,,,,,,,7189,0,0,0,0,105.48,0,150.6,0,143.76
,,,,,,,,7190,0,0,0,0,104.748,0,149.58,0,142.8
,,,,,,,,7191,0,0,0,0,103.296,0,147.54,0,140.76
,,,,,,,,7192,0,0,0,0,101.7,0,145.2,0,138.72
,,,,,,,,7193,0,0,0,0,100.956,0,144.18,0,137.64
,,,,,,,,7194,0,0,0,0,102.024,0,145.68,0,139.08
,,,,,,,,7195,0,0,0,0,107.004,0,152.82,0,145.92
,,,,,,,,7196,0,0,0,0,113.748,0,162.42,0,155.04
,,,,,,,,7197,0,0,0,0,111.252,0,158.88,0,151.68
,,,,,,,,7198,0,0,0,0,107.112,0,152.94,0,145.92
,,,,,,,,7199,0,0,0,0,101.34,0,144.72,0,138.12
,,,,,,,,7200,0,0,0,0,94.056,0,134.34,0,128.28
,,,,,,,,7201,0,0,0,0,86.22,0,123.12,0,117.48
,,,,,,,,7202,0,0,0,0,79.968,0,114.18,0,109.08
,,,,,,,,7203,0,0,0,0,75.852,0,108.3,0,103.44
,,,,,,,,7204,0,0,0,0,73.368,0,104.76,0,99.96
,,,,,,,,7205,0,0,0,0,72.18,0,103.08,0,98.4
,,,,,,,,7206,0,0,0,0,72.156,0,103.08,0,98.28
,,,,,,,,7207,0,0,0,0,74.004,0,105.66,0,100.92
,,,,,,,,7208,0,0,0,0,78.372,0,111.9,0,106.8
,,,,,,,,7209,0,0,0,0,84.42,0,120.54,0,115.08
,,,,,,,,7210,0,0,0,0,92.352,0,131.94,0,126
,,,,,,,,7211,0,0,0,0,99.432,0,141.96,0,135.6
,,,,,,,,7212,0,0,0,0,103.512,0,147.84,0,141.12
,,,,,,,,7213,0,0,0,0,105.972,0,151.32,0,144.48
,,,,,,,,7214,0,0,0,0,107.46,0,153.48,0,146.52
,,,,,,,,7215,0,0,0,0,107.244,0,153.18,0,146.16
,,,,,,,,7216,0,0,0,0,106.872,0,152.64,0,145.68
,,,,,,,,7217,0,0,0,0,107.064,0,152.88,0,145.92
,,,,,,,,7218,0,0,0,0,109.968,0,157.02,0,149.88
,,,,,,,,7219,0,0,0,0,116.28,0,166.02,0,158.52
,,,,,,,,7220,0,0,0,0,121.548,0,173.58,0,165.72
,,,,,,,,7221,0,0,0,0,118.836,0,169.68,0,162
,,,,,,,,7222,0,0,0,0,113.22,0,161.64,0,154.44
,,,,,,,,7223,0,0,0,0,105.516,0,150.66,0,143.88
,,,,,,,,7224,0,0,0,0,96.672,0,138.06,0,131.76
,,,,,,,,7225,0,0,0,0,88.116,0,125.82,0,120.12
,,,,,,,,7226,0,0,0,0,81,0,115.68,0,110.4
,,,,,,,,7227,0,0,0,0,76.92,0,109.86,0,104.76
,,,,,,,,7228,0,0,0,0,74.784,0,106.8,0,101.88
,,,,,,,,7229,0,0,0,0,74.28,0,106.08,0,101.16
,,,,,,,,7230,0,0,0,0,76.068,0,108.6,0,103.68
,,,,,,,,7231,0,0,0,0,82.86,0,118.32,0,112.92
,,,,,,,,7232,0,0,0,0,94.464,0,134.94,0,128.76
,,,,,,,,7233,0,0,0,0,103.86,0,148.32,0,141.6
,,,,,,,,7234,0,0,0,0,110.58,0,157.92,0,150.84
,,,,,,,,7235,0,0,0,0,116.292,0,166.02,0,158.52
,,,,,,,,7236,0,0,0,0,119.496,0,170.64,0,162.96
,,,,,,,,7237,0,0,0,0,120.324,0,171.84,0,164.04
,,,,,,,,7238,0,0,0,0,118.8,0,169.68,0,162
,,,,,,,,7239,0,0,0,0,116.328,0,166.08,0,158.64
,,,,,,,,7240,0,0,0,0,111.24,0,158.82,0,151.68
,,,,,,,,7241,0,0,0,0,105.948,0,151.26,0,144.48
,,,,,,,,7242,0,0,0,0,103.284,0,147.48,0,140.76
,,,,,,,,7243,0,0,0,0,103.548,0,147.84,0,141.12
,,,,,,,,7244,0,0,0,0,100.608,0,143.64,0,137.16
,,,,,,,,7245,0,0,0,0,93.468,0,133.44,0,127.44
,,,,,,,,7246,0,0,0,0,87.288,0,124.68,0,119.04
,,,,,,,,7247,0,0,0,0,81.432,0,116.28,0,111
,,,,,,,,7248,0,0,0,0,74.916,0,106.98,0,102.12
,,,,,,,,7249,0,0,0,0,68.94,0,98.46,0,93.96
,,,,,,,,7250,0,0,0,0,64.752,0,92.46,0,88.32
,,,,,,,,7251,0,0,0,0,62.484,0,89.22,0,85.2
,,,,,,,,7252,0,0,0,0,61.26,0,87.42,0,83.52
,,,,,,,,7253,0,0,0,0,61.176,0,87.36,0,83.4
,,,,,,,,7254,0,0,0,0,62.952,0,89.88,0,85.8
,,,,,,,,7255,0,0,0,0,68.304,0,97.56,0,93.12
,,,,,,,,7256,0,0,0,0,78.348,0,111.84,0,106.8
,,,,,,,,7257,0,0,0,0,86.928,0,124.08,0,118.56
,,,,,,,,7258,0,0,0,0,92.304,0,131.82,0,125.88
,,,,,,,,7259,0,0,0,0,96.552,0,137.88,0,131.64
,,,,,,,,7260,0,0,0,0,100.008,0,142.74,0,136.32
,,,,,,,,7261,0,0,0,0,101.748,0,145.26,0,138.72
,,,,,,,,7262,0,0,0,0,102.696,0,146.64,0,139.92
,,,,,,,,7263,0,0,0,0,102.996,0,147.06,0,140.4
,,,,,,,,7264,0,0,0,0,102.18,0,145.92,0,139.32
,,,,,,,,7265,0,0,0,0,102.264,0,146.04,0,139.32
,,,,,,,,7266,0,0,0,0,104.484,0,149.16,0,142.44
,,,,,,,,7267,0,0,0,0,110.232,0,157.44,0,150.24
,,,,,,,,7268,0,0,0,0,113.832,0,162.54,0,155.16
,,,,,,,,7269,0,0,0,0,110.82,0,158.22,0,151.08
,,,,,,,,7270,0,0,0,0,106.008,0,151.38,0,144.6
,,,,,,,,7271,0,0,0,0,97.86,0,139.74,0,133.32
,,,,,,,,7272,0,0,0,0,88.872,0,126.9,0,121.2
,,,,,,,,7273,0,0,0,0,80.724,0,115.26,0,110.04
,,,,,,,,7274,0,0,0,0,75.288,0,107.52,0,102.6
,,,,,,,,7275,0,0,0,0,72.204,0,103.08,0,98.4
,,,,,,,,7276,0,0,0,0,70.512,0,100.68,0,96.12
,,,,,,,,7277,0,0,0,0,70.188,0,100.2,0,95.64
,,,,,,,,7278,0,0,0,0,72.024,0,102.84,0,98.16
,,,,,,,,7279,0,0,0,0,79.104,0,112.98,0,107.88
,,,,,,,,7280,0,0,0,0,93.168,0,133.08,0,127.08
,,,,,,,,7281,0,0,0,0,102.384,0,146.16,0,139.56
,,,,,,,,7282,0,0,0,0,104.652,0,149.4,0,142.68
,,,,,,,,7283,0,0,0,0,106.8,0,152.52,0,145.56
,,,,,,,,7284,0,0,0,0,108.6,0,155.04,0,148.08
,,,,,,,,7285,0,0,0,0,109.26,0,156,0,149.04
,,,,,,,,7286,0,0,0,0,108.912,0,155.52,0,148.44
,,,,,,,,7287,0,0,0,0,108.696,0,155.22,0,148.2
,,,,,,,,7288,0,0,0,0,107.796,0,153.9,0,147
,,,,,,,,7289,0,0,0,0,107.388,0,153.3,0,146.4
,,,,,,,,7290,0,0,0,0,108.66,0,155.16,0,148.2
,,,,,,,,7291,0,0,0,0,111.708,0,159.54,0,152.28
,,,,,,,,7292,0,0,0,0,113.856,0,162.6,0,155.16
,,,,,,,,7293,0,0,0,0,111.504,0,159.24,0,152.04
,,,,,,,,7294,0,0,0,0,108.756,0,155.34,0,148.32
,,,,,,,,7295,0,0,0,0,102.516,0,146.34,0,139.8
,,,,,,,,7296,0,0,0,0,93.06,0,132.84,0,126.84
,,,,,,,,7297,0,0,0,0,84.216,0,120.24,0,114.84
,,,,,,,,7298,0,0,0,0,78.432,0,112.02,0,106.92
,,,,,,,,7299,0,0,0,0,75.372,0,107.58,0,102.72
,,,,,,,,7300,0,0,0,0,73.692,0,105.18,0,100.44
,,,,,,,,7301,0,0,0,0,73.32,0,104.7,0,99.96
,,,,,,,,7302,0,0,0,0,75.456,0,107.7,0,102.84
,,,,,,,,7303,0,0,0,0,83.052,0,118.62,0,113.28
,,,,,,,,7304,0,0,0,0,97.908,0,139.8,0,133.44
,,,,,,,,7305,0,0,0,0,107.004,0,152.82,0,145.92
,,,,,,,,7306,0,0,0,0,108.576,0,155.04,0,147.96
,,,,,,,,7307,0,0,0,0,109.92,0,156.96,0,149.88
,,,,,,,,7308,0,0,0,0,110.904,0,158.34,0,151.2
,,,,,,,,7309,0,0,0,0,110.856,0,158.28,0,151.08
,,,,,,,,7310,0,0,0,0,110.184,0,157.32,0,150.24
,,,,,,,,7311,0,0,0,0,109.824,0,156.84,0,149.64
,,,,,,,,7312,0,0,0,0,108.792,0,155.34,0,148.32
,,,,,,,,7313,0,0,0,0,108.444,0,154.86,0,147.84
,,,,,,,,7314,0,0,0,0,110.376,0,157.62,0,150.48
,,,,,,,,7315,0,0,0,0,116.616,0,166.5,0,159
,,,,,,,,7316,0,0,0,0,121.98,0,174.18,0,166.32
,,,,,,,,7317,0,0,0,0,119.952,0,171.3,0,163.56
,,,,,,,,7318,0,0,0,0,115.14,0,164.4,0,156.96
,,,,,,,,7319,0,0,0,0,107.292,0,153.18,0,146.28
,,,,,,,,7320,0,0,0,0,96.852,0,138.24,0,132
,,,,,,,,7321,0,0,0,0,87.516,0,124.98,0,119.28
,,,,,,,,7322,0,0,0,0,81.012,0,115.68,0,110.4
,,,,,,,,7323,0,0,0,0,77.424,0,110.58,0,105.48
,,,,,,,,7324,0,0,0,0,75.456,0,107.76,0,102.84
,,,,,,,,7325,0,0,0,0,75.06,0,107.16,0,102.36
,,,,,,,,7326,0,0,0,0,77.076,0,110.04,0,105
,,,,,,,,7327,0,0,0,0,84.744,0,121.02,0,115.56
,,,,,,,,7328,0,0,0,0,99.744,0,142.44,0,135.96
,,,,,,,,7329,0,0,0,0,109.488,0,156.3,0,149.28
,,,,,,,,7330,0,0,0,0,111.348,0,158.94,0,151.8
,,,,,,,,7331,0,0,0,0,112.596,0,160.8,0,153.48
,,,,,,,,7332,0,0,0,0,113.508,0,162.06,0,154.68
,,,,,,,,7333,0,0,0,0,112.62,0,160.8,0,153.48
,,,,,,,,7334,0,0,0,0,111.66,0,159.42,0,152.16
,,,,,,,,7335,0,0,0,0,111.492,0,159.24,0,152.04
,,,,,,,,7336,0,0,0,0,110.4,0,157.62,0,150.48
,,,,,,,,7337,0,0,0,0,109.764,0,156.72,0,149.64
,,,,,,,,7338,0,0,0,0,111.564,0,159.3,0,152.04
,,,,,,,,7339,0,0,0,0,116.688,0,166.62,0,159.12
,,,,,,,,7340,0,0,0,0,120.756,0,172.44,0,164.64
,,,,,,,,7341,0,0,0,0,117.876,0,168.3,0,160.68
,,,,,,,,7342,0,0,0,0,113.472,0,162,0,154.68
,,,,,,,,7343,0,0,0,0,107.208,0,153.06,0,146.16
,,,,,,,,7344,0,0,0,0,98.7,0,140.94,0,134.52
,,,,,,,,7345,0,0,0,0,89.892,0,128.34,0,122.52
,,,,,,,,7346,0,0,0,0,83.196,0,118.8,0,113.4
,,,,,,,,7347,0,0,0,0,79.068,0,112.92,0,107.88
,,,,,,,,7348,0,0,0,0,77.088,0,110.04,0,105.12
,,,,,,,,7349,0,0,0,0,76.152,0,108.78,0,103.8
,,,,,,,,7350,0,0,0,0,76.776,0,109.62,0,104.64
,,,,,,,,7351,0,0,0,0,79.764,0,113.88,0,108.72
,,,,,,,,7352,0,0,0,0,86.016,0,122.82,0,117.24
,,,,,,,,7353,0,0,0,0,92.76,0,132.48,0,126.48
,,,,,,,,7354,0,0,0,0,99.36,0,141.84,0,135.48
,,,,,,,,7355,0,0,0,0,103.992,0,148.44,0,141.72
,,,,,,,,7356,0,0,0,0,105.504,0,150.66,0,143.88
,,,,,,,,7357,0,0,0,0,104.976,0,149.88,0,143.04
,,,,,,,,7358,0,0,0,0,103.608,0,147.96,0,141.24
,,,,,,,,7359,0,0,0,0,101.772,0,145.32,0,138.72
,,,,,,,,7360,0,0,0,0,100.344,0,143.28,0,136.8
,,,,,,,,7361,0,0,0,0,99.792,0,142.44,0,136.08
,,,,,,,,7362,0,0,0,0,102.204,0,145.92,0,139.32
,,,,,,,,7363,0,0,0,0,108.828,0,155.4,0,148.32
,,,,,,,,7364,0,0,0,0,114.816,0,163.92,0,156.48
,,,,,,,,7365,0,0,0,0,112.38,0,160.5,0,153.24
,,,,,,,,7366,0,0,0,0,108.936,0,155.58,0,148.44
,,,,,,,,7367,0,0,0,0,103.872,0,148.32,0,141.6
,,,,,,,,7368,0,0,0,0,97.068,0,138.6,0,132.36
,,,,,,,,7369,0,0,0,0,89.928,0,128.4,0,122.52
,,,,,,,,7370,0,0,0,0,83.388,0,119.04,0,113.64
,,,,,,,,7371,0,0,0,0,78.084,0,111.48,0,106.44
,,,,,,,,7372,0,0,0,0,75.768,0,108.18,0,103.32
,,,,,,,,7373,0,0,0,0,75.648,0,108,0,103.08
,,,,,,,,7374,0,0,0,0,76.968,0,109.92,0,104.88
,,,,,,,,7375,0,0,0,0,80.244,0,114.6,0,109.44
,,,,,,,,7376,0,0,0,0,84.9,0,121.2,0,115.68
,,,,,,,,7377,0,0,0,0,91.68,0,130.92,0,124.92
,,,,,,,,7378,0,0,0,0,98.424,0,140.52,0,134.16
,,,,,,,,7379,0,0,0,0,101.724,0,145.2,0,138.72
,,,,,,,,7380,0,0,0,0,102.12,0,145.8,0,139.2
,,,,,,,,7381,0,0,0,0,101.772,0,145.32,0,138.72
,,,,,,,,7382,0,0,0,0,101.136,0,144.42,0,137.88
,,,,,,,,7383,0,0,0,0,100.392,0,143.34,0,136.8
,,,,,,,,7384,0,0,0,0,100.104,0,142.98,0,136.44
,,,,,,,,7385,0,0,0,0,101.904,0,145.5,0,138.84
,,,,,,,,7386,0,0,0,0,111.42,0,159.06,0,151.92
,,,,,,,,7387,0,0,0,0,119.964,0,171.3,0,163.56
,,,,,,,,7388,0,0,0,0,120.24,0,171.66,0,163.92
,,,,,,,,7389,0,0,0,0,116.556,0,166.44,0,158.88
,,,,,,,,7390,0,0,0,0,112.644,0,160.8,0,153.6
,,,,,,,,7391,0,0,0,0,102.66,0,146.58,0,139.92
,,,,,,,,7392,0,0,0,0,93.06,0,132.9,0,126.84
,,,,,,,,7393,0,0,0,0,84.984,0,121.38,0,115.8
,,,,,,,,7394,0,0,0,0,81.384,0,116.22,0,110.88
,,,,,,,,7395,0,0,0,0,78.972,0,112.74,0,107.64
,,,,,,,,7396,0,0,0,0,78.06,0,111.48,0,106.44
,,,,,,,,7397,0,0,0,0,78.6,0,112.2,0,107.16
,,,,,,,,7398,0,0,0,0,81.924,0,117,0,111.72
,,,,,,,,7399,0,0,0,0,91.728,0,130.98,0,125.04
,,,,,,,,7400,0,0,0,0,107.904,0,154.08,0,147.12
,,,,,,,,7401,0,0,0,0,116.592,0,166.5,0,158.88
,,,,,,,,7402,0,0,0,0,118.692,0,169.5,0,161.76
,,,,,,,,7403,0,0,0,0,119.676,0,170.94,0,163.2
,,,,,,,,7404,0,0,0,0,119.94,0,171.3,0,163.56
,,,,,,,,7405,0,0,0,0,119.508,0,170.7,0,162.96
,,,,,,,,7406,0,0,0,0,118.5,0,169.2,0,161.52
,,,,,,,,7407,0,0,0,0,117.66,0,168,0,160.44
,,,,,,,,7408,0,0,0,0,115.668,0,165.18,0,157.68
,,,,,,,,7409,0,0,0,0,116.604,0,166.5,0,159
,,,,,,,,7410,0,0,0,0,125.16,0,178.74,0,170.64
,,,,,,,,7411,0,0,0,0,135.516,0,193.5,0,184.8
,,,,,,,,7412,0,0,0,0,134.856,0,192.6,0,183.84
,,,,,,,,7413,0,0,0,0,131.16,0,187.26,0,178.8
,,,,,,,,7414,0,0,0,0,125.508,0,179.22,0,171.12
,,,,,,,,7415,0,0,0,0,116.712,0,166.68,0,159.12
,,,,,,,,7416,0,0,0,0,106.068,0,151.5,0,144.6
,,,,,,,,7417,0,0,0,0,96.456,0,137.7,0,131.4
,,,,,,,,7418,0,0,0,0,90.588,0,129.36,0,123.48
,,,,,,,,7419,0,0,0,0,87.72,0,125.28,0,119.52
,,,,,,,,7420,0,0,0,0,86.736,0,123.84,0,118.2
,,,,,,,,7421,0,0,0,0,87.144,0,124.38,0,118.68
,,,,,,,,7422,0,0,0,0,90.228,0,128.88,0,123
,,,,,,,,7423,0,0,0,0,99.864,0,142.56,0,136.2
,,,,,,,,7424,0,0,0,0,113.568,0,162.18,0,154.8
,,,,,,,,7425,0,0,0,0,120.36,0,171.9,0,164.16
,,,,,,,,7426,0,0,0,0,121.584,0,173.64,0,165.84
,,,,,,,,7427,0,0,0,0,121.428,0,173.4,0,165.48
,,,,,,,,7428,0,0,0,0,121.044,0,172.8,0,165
,,,,,,,,7429,0,0,0,0,120.288,0,171.78,0,164.04
,,,,,,,,7430,0,0,0,0,118.884,0,169.8,0,162.12
,,,,,,,,7431,0,0,0,0,117.924,0,168.36,0,160.8
,,,,,,,,7432,0,0,0,0,116.904,0,166.92,0,159.36
,,,,,,,,7433,0,0,0,0,117.264,0,167.4,0,159.84
,,,,,,,,7434,0,0,0,0,124.488,0,177.72,0,169.68
,,,,,,,,7435,0,0,0,0,135.78,0,193.86,0,185.16
,,,,,,,,7436,0,0,0,0,135.912,0,194.1,0,185.4
,,,,,,,,7437,0,0,0,0,133.248,0,190.26,0,181.68
,,,,,,,,7438,0,0,0,0,127.884,0,182.64,0,174.36
,,,,,,,,7439,0,0,0,0,119.52,0,170.7,0,162.96
,,,,,,,,7440,0,0,0,0,109.056,0,155.7,0,148.68
,,,,,,,,7441,0,0,0,0,100.044,0,142.86,0,136.32
,,,,,,,,7442,0,0,0,0,95.352,0,136.14,0,129.96
,,,,,,,,7443,0,0,0,0,91.488,0,130.62,0,124.8
,,,,,,,,7444,0,0,0,0,88.944,0,127.02,0,121.2
,,,,,,,,7445,0,0,0,0,88.272,0,126.06,0,120.36
,,,,,,,,7446,0,0,0,0,91.704,0,130.98,0,125.04
,,,,,,,,7447,0,0,0,0,100.164,0,143.04,0,136.56
,,,,,,,,7448,0,0,0,0,115.512,0,164.94,0,157.44
,,,,,,,,7449,0,0,0,0,122.748,0,175.26,0,167.28
,,,,,,,,7450,0,0,0,0,125.556,0,179.28,0,171.24
,,,,,,,,7451,0,0,0,0,127.188,0,181.62,0,173.4
,,,,,,,,7452,0,0,0,0,128.4,0,183.36,0,175.08
,,,,,,,,7453,0,0,0,0,129.396,0,184.8,0,176.4
,,,,,,,,7454,0,0,0,0,129.384,0,184.74,0,176.4
,,,,,,,,7455,0,0,0,0,129.912,0,185.46,0,177.12
,,,,,,,,7456,0,0,0,0,130.368,0,186.12,0,177.72
,,,,,,,,7457,0,0,0,0,133.02,0,189.96,0,181.32
,,,,,,,,7458,0,0,0,0,139.308,0,198.96,0,189.96
,,,,,,,,7459,0,0,0,0,145.656,0,207.96,0,198.6
,,,,,,,,7460,0,0,0,0,145.2,0,207.36,0,198
,,,,,,,,7461,0,0,0,0,139.572,0,199.26,0,190.2
,,,,,,,,7462,0,0,0,0,134.376,0,191.88,0,183.24
,,,,,,,,7463,0,0,0,0,123.708,0,176.64,0,168.6
,,,,,,,,7464,0,0,0,0,111.612,0,159.36,0,152.16
,,,,,,,,7465,0,0,0,0,101.7,0,145.2,0,138.72
,,,,,,,,7466,0,0,0,0,94.692,0,135.24,0,129
,,,,,,,,7467,0,0,0,0,91.38,0,130.5,0,124.56
,,,,,,,,7468,0,0,0,0,89.688,0,128.04,0,122.28
,,,,,,,,7469,0,0,0,0,89.712,0,128.04,0,122.28
,,,,,,,,7470,0,0,0,0,92.352,0,131.88,0,126
,,,,,,,,7471,0,0,0,0,101.004,0,144.24,0,137.64
,,,,,,,,7472,0,0,0,0,114.912,0,164.1,0,156.72
,,,,,,,,7473,0,0,0,0,123.348,0,176.1,0,168.24
,,,,,,,,7474,0,0,0,0,127.032,0,181.38,0,173.28
,,,,,,,,7475,0,0,0,0,128.16,0,183,0,174.72
,,,,,,,,7476,0,0,0,0,129.288,0,184.56,0,176.28
,,,,,,,,7477,0,0,0,0,129.504,0,184.92,0,176.52
,,,,,,,,7478,0,0,0,0,128.376,0,183.36,0,175.08
,,,,,,,,7479,0,0,0,0,128.016,0,182.76,0,174.48
,,,,,,,,7480,0,0,0,0,126.9,0,181.2,0,173.04
,,,,,,,,7481,0,0,0,0,127.728,0,182.4,0,174.12
,,,,,,,,7482,0,0,0,0,134.52,0,192.06,0,183.48
,,,,,,,,7483,0,0,0,0,140.316,0,200.4,0,191.4
,,,,,,,,7484,0,0,0,0,138.456,0,197.7,0,188.76
,,,,,,,,7485,0,0,0,0,134.796,0,192.48,0,183.72
,,,,,,,,7486,0,0,0,0,129.072,0,184.32,0,175.92
,,,,,,,,7487,0,0,0,0,119.508,0,170.64,0,162.96
,,,,,,,,7488,0,0,0,0,108.132,0,154.44,0,147.36
,,,,,,,,7489,0,0,0,0,97.812,0,139.68,0,133.32
,,,,,,,,7490,0,0,0,0,91.632,0,130.86,0,124.92
,,,,,,,,7491,0,0,0,0,88.176,0,125.94,0,120.24
,,,,,,,,7492,0,0,0,0,86.328,0,123.24,0,117.6
,,,,,,,,7493,0,0,0,0,86.196,0,123.12,0,117.48
,,,,,,,,7494,0,0,0,0,88.944,0,127.02,0,121.2
,,,,,,,,7495,0,0,0,0,97.692,0,139.5,0,133.2
,,,,,,,,7496,0,0,0,0,111.96,0,159.9,0,152.64
,,,,,,,,7497,0,0,0,0,118.956,0,169.86,0,162.24
,,,,,,,,7498,0,0,0,0,120.192,0,171.6,0,163.92
,,,,,,,,7499,0,0,0,0,120.06,0,171.42,0,163.68
,,,,,,,,7500,0,0,0,0,119.856,0,171.12,0,163.44
,,,,,,,,7501,0,0,0,0,118.776,0,169.62,0,161.88
,,,,,,,,7502,0,0,0,0,116.676,0,166.62,0,159.12
,,,,,,,,7503,0,0,0,0,115.584,0,165,0,157.56
,,,,,,,,7504,0,0,0,0,114.288,0,163.2,0,155.76
,,,,,,,,7505,0,0,0,0,114.252,0,163.14,0,155.76
,,,,,,,,7506,0,0,0,0,120.648,0,172.26,0,164.52
,,,,,,,,7507,0,0,0,0,129.048,0,184.26,0,175.92
,,,,,,,,7508,0,0,0,0,127.344,0,181.8,0,173.64
,,,,,,,,7509,0,0,0,0,123.288,0,176.1,0,168.12
,,,,,,,,7510,0,0,0,0,118.62,0,169.38,0,161.76
,,,,,,,,7511,0,0,0,0,111.9,0,159.78,0,152.64
,,,,,,,,7512,0,0,0,0,103.2,0,147.36,0,140.64
,,,,,,,,7513,0,0,0,0,94.476,0,134.94,0,128.76
,,,,,,,,7514,0,0,0,0,87.732,0,125.28,0,119.64
,,,,,,,,7515,0,0,0,0,84.18,0,120.18,0,114.72
,,,,,,,,7516,0,0,0,0,82.128,0,117.24,0,111.96
,,,,,,,,7517,0,0,0,0,81.396,0,116.28,0,110.88
,,,,,,,,7518,0,0,0,0,82.464,0,117.78,0,112.44
,,,,,,,,7519,0,0,0,0,86.016,0,122.82,0,117.24
,,,,,,,,7520,0,0,0,0,91.584,0,130.74,0,124.8
,,,,,,,,7521,0,0,0,0,98.172,0,140.16,0,133.92
,,,,,,,,7522,0,0,0,0,104.712,0,149.52,0,142.8
,,,,,,,,7523,0,0,0,0,107.736,0,153.84,0,146.88
,,,,,,,,7524,0,0,0,0,107.952,0,154.14,0,147.12
,,,,,,,,7525,0,0,0,0,106.668,0,152.34,0,145.44
,,,,,,,,7526,0,0,0,0,104.736,0,149.52,0,142.8
,,,,,,,,7527,0,0,0,0,102.708,0,146.64,0,139.92
,,,,,,,,7528,0,0,0,0,101.508,0,144.96,0,138.36
,,,,,,,,7529,0,0,0,0,102.336,0,146.1,0,139.44
,,,,,,,,7530,0,0,0,0,110.388,0,157.62,0,150.48
,,,,,,,,7531,0,0,0,0,119.244,0,170.28,0,162.6
,,,,,,,,7532,0,0,0,0,117.66,0,168,0,160.44
,,,,,,,,7533,0,0,0,0,114.216,0,163.08,0,155.76
,,,,,,,,7534,0,0,0,0,110.316,0,157.5,0,150.36
,,,,,,,,7535,0,0,0,0,104.856,0,149.7,0,142.92
,,,,,,,,7536,0,0,0,0,97.788,0,139.62,0,133.2
,,,,,,,,7537,0,0,0,0,90.24,0,128.88,0,123
,,,,,,,,7538,0,0,0,0,84.516,0,120.66,0,115.2
,,,,,,,,7539,0,0,0,0,80.748,0,115.32,0,110.04
,,,,,,,,7540,0,0,0,0,78.648,0,112.32,0,107.16
,,,,,,,,7541,0,0,0,0,77.724,0,110.94,0,105.96
,,,,,,,,7542,0,0,0,0,78.204,0,111.66,0,106.56
,,,,,,,,7543,0,0,0,0,80.316,0,114.72,0,109.56
,,,,,,,,7544,0,0,0,0,84.108,0,120.12,0,114.6
,,,,,,,,7545,0,0,0,0,89.712,0,128.04,0,122.28
,,,,,,,,7546,0,0,0,0,96.948,0,138.42,0,132.12
,,,,,,,,7547,0,0,0,0,101.148,0,144.42,0,137.88
,,,,,,,,7548,0,0,0,0,102.708,0,146.64,0,139.92
,,,,,,,,7549,0,0,0,0,103.116,0,147.24,0,140.52
,,,,,,,,7550,0,0,0,0,102.912,0,146.94,0,140.28
,,,,,,,,7551,0,0,0,0,101.544,0,145.02,0,138.48
,,,,,,,,7552,0,0,0,0,100.368,0,143.34,0,136.8
,,,,,,,,7553,0,0,0,0,100.776,0,143.94,0,137.4
,,,,,,,,7554,0,0,0,0,109.092,0,155.76,0,148.68
,,,,,,,,7555,0,0,0,0,118.752,0,169.56,0,161.88
,,,,,,,,7556,0,0,0,0,117.252,0,167.4,0,159.84
,,,,,,,,7557,0,0,0,0,113.34,0,161.82,0,154.56
,,,,,,,,7558,0,0,0,0,108.444,0,154.86,0,147.84
,,,,,,,,7559,0,0,0,0,101.436,0,144.84,0,138.24
,,,,,,,,7560,0,0,0,0,93.204,0,133.14,0,127.08
,,,,,,,,7561,0,0,0,0,85.56,0,122.16,0,116.64
,,,,,,,,7562,0,0,0,0,80.196,0,114.48,0,109.32
,,,,,,,,7563,0,0,0,0,77.16,0,110.16,0,105.24
,,,,,,,,7564,0,0,0,0,75.72,0,108.12,0,103.2
,,,,,,,,7565,0,0,0,0,75.78,0,108.18,0,103.32
,,,,,,,,7566,0,0,0,0,78.132,0,111.54,0,106.56
,,,,,,,,7567,0,0,0,0,85.32,0,121.8,0,116.28
,,,,,,,,7568,0,0,0,0,96.108,0,137.28,0,131.04
,,,,,,,,7569,0,0,0,0,104.628,0,149.4,0,142.68
,,,,,,,,7570,0,0,0,0,110.208,0,157.38,0,150.24
,,,,,,,,7571,0,0,0,0,113.364,0,161.88,0,154.56
,,,,,,,,7572,0,0,0,0,115.236,0,164.52,0,157.08
,,,,,,,,7573,0,0,0,0,115.656,0,165.18,0,157.68
,,,,,,,,7574,0,0,0,0,115.128,0,164.4,0,156.96
,,,,,,,,7575,0,0,0,0,114.6,0,163.62,0,156.24
,,,,,,,,7576,0,0,0,0,113.736,0,162.42,0,155.04
,,,,,,,,7577,0,0,0,0,113.844,0,162.6,0,155.16
,,,,,,,,7578,0,0,0,0,121.956,0,174.18,0,166.32
,,,,,,,,7579,0,0,0,0,130.536,0,186.36,0,177.96
,,,,,,,,7580,0,0,0,0,128.424,0,183.36,0,175.08
,,,,,,,,7581,0,0,0,0,123.864,0,176.88,0,168.84
,,,,,,,,7582,0,0,0,0,117.66,0,168,0,160.44
,,,,,,,,7583,0,0,0,0,108.432,0,154.8,0,147.84
,,,,,,,,7584,0,0,0,0,97.512,0,139.26,0,132.96
,,,,,,,,7585,0,0,0,0,88.32,0,126.12,0,120.48
,,,,,,,,7586,0,0,0,0,81.9,0,116.94,0,111.6
,,,,,,,,7587,0,0,0,0,78.3,0,111.78,0,106.68
,,,,,,,,7588,0,0,0,0,76.392,0,109.08,0,104.16
,,,,,,,,7589,0,0,0,0,76.236,0,108.84,0,103.92
,,,,,,,,7590,0,0,0,0,78.528,0,112.08,0,107.04
,,,,,,,,7591,0,0,0,0,87.012,0,124.26,0,118.68
,,,,,,,,7592,0,0,0,0,102.192,0,145.92,0,139.32
,,,,,,,,7593,0,0,0,0,111.216,0,158.82,0,151.56
,,,,,,,,7594,0,0,0,0,113.724,0,162.36,0,155.04
,,,,,,,,7595,0,0,0,0,115.56,0,165,0,157.44
,,,,,,,,7596,0,0,0,0,117.36,0,167.58,0,159.96
,,,,,,,,7597,0,0,0,0,117.984,0,168.48,0,160.8
,,,,,,,,7598,0,0,0,0,117.78,0,168.18,0,160.56
,,,,,,,,7599,0,0,0,0,117.852,0,168.3,0,160.68
,,,,,,,,7600,0,0,0,0,117.276,0,167.46,0,159.84
,,,,,,,,7601,0,0,0,0,118.452,0,169.14,0,161.52
,,,,,,,,7602,0,0,0,0,125.388,0,179.1,0,170.88
,,,,,,,,7603,0,0,0,0,132.948,0,189.9,0,181.2
,,,,,,,,7604,0,0,0,0,131.772,0,188.16,0,179.64
,,,,,,,,7605,0,0,0,0,128.148,0,183,0,174.72
,,,,,,,,7606,0,0,0,0,122.748,0,175.26,0,167.28
,,,,,,,,7607,0,0,0,0,114.348,0,163.26,0,155.88
,,,,,,,,7608,0,0,0,0,103.308,0,147.54,0,140.88
,,,,,,,,7609,0,0,0,0,93.708,0,133.8,0,127.8
,,,,,,,,7610,0,0,0,0,87.588,0,125.04,0,119.4
,,,,,,,,7611,0,0,0,0,84.288,0,120.36,0,114.96
,,,,,,,,7612,0,0,0,0,82.92,0,118.38,0,113.04
,,,,,,,,7613,0,0,0,0,83.076,0,118.62,0,113.28
,,,,,,,,7614,0,0,0,0,86.064,0,122.88,0,117.36
,,,,,,,,7615,0,0,0,0,95.472,0,136.32,0,130.2
,,,,,,,,7616,0,0,0,0,111.372,0,159,0,151.8
,,,,,,,,7617,0,0,0,0,118.98,0,169.92,0,162.24
,,,,,,,,7618,0,0,0,0,119.868,0,171.18,0,163.44
,,,,,,,,7619,0,0,0,0,119.46,0,170.58,0,162.96
,,,,,,,,7620,0,0,0,0,119.184,0,170.16,0,162.48
,,,,,,,,7621,0,0,0,0,118.2,0,168.78,0,161.16
,,,,,,,,7622,0,0,0,0,116.844,0,166.8,0,159.36
,,,,,,,,7623,0,0,0,0,115.92,0,165.54,0,158.04
,,,,,,,,7624,0,0,0,0,115.296,0,164.64,0,157.2
,,,,,,,,7625,0,0,0,0,116.532,0,166.44,0,158.88
,,,,,,,,7626,0,0,0,0,124.884,0,178.32,0,170.16
,,,,,,,,7627,0,0,0,0,135.048,0,192.84,0,184.2
,,,,,,,,7628,0,0,0,0,134.592,0,192.18,0,183.6
,,,,,,,,7629,0,0,0,0,131.508,0,187.8,0,179.28
,,,,,,,,7630,0,0,0,0,126.72,0,180.96,0,172.68
,,,,,,,,7631,0,0,0,0,118.38,0,169.02,0,161.4
,,,,,,,,7632,0,0,0,0,107.592,0,153.6,0,146.64
,,,,,,,,7633,0,0,0,0,97.74,0,139.56,0,133.2
,,,,,,,,7634,0,0,0,0,91.248,0,130.32,0,124.32
,,,,,,,,7635,0,0,0,0,88.008,0,125.64,0,119.88
,,,,,,,,7636,0,0,0,0,86.508,0,123.48,0,117.96
,,,,,,,,7637,0,0,0,0,86.88,0,124.08,0,118.44
,,,,,,,,7638,0,0,0,0,89.724,0,128.1,0,122.4
,,,,,,,,7639,0,0,0,0,98.604,0,140.82,0,134.4
,,,,,,,,7640,0,0,0,0,114.336,0,163.26,0,155.88
,,,,,,,,7641,0,0,0,0,122.244,0,174.6,0,166.56
,,,,,,,,7642,0,0,0,0,123.492,0,176.34,0,168.36
,,,,,,,,7643,0,0,0,0,123.576,0,176.46,0,168.48
,,,,,,,,7644,0,0,0,0,123.264,0,176.04,0,168
,,,,,,,,7645,0,0,0,0,122.076,0,174.3,0,166.44
,,,,,,,,7646,0,0,0,0,120.42,0,171.96,0,164.16
,,,,,,,,7647,0,0,0,0,119.832,0,171.12,0,163.44
,,,,,,,,7648,0,0,0,0,118.86,0,169.74,0,162
,,,,,,,,7649,0,0,0,0,120.288,0,171.78,0,164.04
,,,,,,,,7650,0,0,0,0,129.096,0,184.32,0,176.04
,,,,,,,,7651,0,0,0,0,136.92,0,195.54,0,186.6
,,,,,,,,7652,0,0,0,0,136.14,0,194.4,0,185.64
,,,,,,,,7653,0,0,0,0,132.948,0,189.84,0,181.2
,,,,,,,,7654,0,0,0,0,127.848,0,182.52,0,174.36
,,,,,,,,7655,0,0,0,0,119.28,0,170.34,0,162.6
,,,,,,,,7656,0,0,0,0,108.384,0,154.8,0,147.84
,,,,,,,,7657,0,0,0,0,98.364,0,140.46,0,134.04
,,,,,,,,7658,0,0,0,0,92.028,0,131.4,0,125.4
,,,,,,,,7659,0,0,0,0,88.668,0,126.6,0,120.84
,,,,,,,,7660,0,0,0,0,86.916,0,124.08,0,118.44
,,,,,,,,7661,0,0,0,0,87.048,0,124.32,0,118.68
,,,,,,,,7662,0,0,0,0,89.664,0,128.04,0,122.28
,,,,,,,,7663,0,0,0,0,98.388,0,140.46,0,134.16
,,,,,,,,7664,0,0,0,0,113.4,0,161.94,0,154.56
,,,,,,,,7665,0,0,0,0,121.164,0,173.04,0,165.24
,,,,,,,,7666,0,0,0,0,122.64,0,175.14,0,167.16
,,,,,,,,7667,0,0,0,0,122.268,0,174.6,0,166.68
,,,,,,,,7668,0,0,0,0,121.776,0,173.88,0,165.96
,,,,,,,,7669,0,0,0,0,120.264,0,171.72,0,164.04
,,,,,,,,7670,0,0,0,0,118.692,0,169.5,0,161.76
,,,,,,,,7671,0,0,0,0,118.08,0,168.6,0,161.04
,,,,,,,,7672,0,0,0,0,117.12,0,167.22,0,159.72
,,,,,,,,7673,0,0,0,0,117.6,0,167.94,0,160.32
,,,,,,,,7674,0,0,0,0,125.304,0,178.92,0,170.88
,,,,,,,,7675,0,0,0,0,132.156,0,188.76,0,180.12
,,,,,,,,7676,0,0,0,0,130.368,0,186.12,0,177.72
,,,,,,,,7677,0,0,0,0,126.6,0,180.78,0,172.68
,,,,,,,,7678,0,0,0,0,122.376,0,174.72,0,166.8
,,,,,,,,7679,0,0,0,0,115.932,0,165.6,0,158.16
,,,,,,,,7680,0,0,0,0,107.604,0,153.66,0,146.64
,,,,,,,,7681,0,0,0,0,98.712,0,140.94,0,134.52
,,,,,,,,7682,0,0,0,0,91.848,0,131.16,0,125.28
,,,,,,,,7683,0,0,0,0,88.044,0,125.7,0,120
,,,,,,,,7684,0,0,0,0,86.28,0,123.24,0,117.6
,,,,,,,,7685,0,0,0,0,85.824,0,122.58,0,117
,,,,,,,,7686,0,0,0,0,86.784,0,123.9,0,118.32
,,,,,,,,7687,0,0,0,0,90.54,0,129.24,0,123.48
,,,,,,,,7688,0,0,0,0,96.564,0,137.94,0,131.64
,,,,,,,,7689,0,0,0,0,103.056,0,147.18,0,140.52
,,,,,,,,7690,0,0,0,0,108.924,0,155.52,0,148.44
,,,,,,,,7691,0,0,0,0,111.744,0,159.54,0,152.28
,,,,,,,,7692,0,0,0,0,111.588,0,159.36,0,152.04
,,,,,,,,7693,0,0,0,0,110.172,0,157.32,0,150.24
,,,,,,,,7694,0,0,0,0,108,0,154.2,0,147.24
,,,,,,,,7695,0,0,0,0,105.732,0,150.96,0,144.24
,,,,,,,,7696,0,0,0,0,104.292,0,148.92,0,142.2
,,,,,,,,7697,0,0,0,0,105.528,0,150.72,0,143.88
,,,,,,,,7698,0,0,0,0,114.36,0,163.26,0,155.88
,,,,,,,,7699,0,0,0,0,123.228,0,175.98,0,168
,,,,,,,,7700,0,0,0,0,121.956,0,174.12,0,166.32
,,,,,,,,7701,0,0,0,0,118.644,0,169.44,0,161.76
,,,,,,,,7702,0,0,0,0,115.092,0,164.34,0,156.96
,,,,,,,,7703,0,0,0,0,109.86,0,156.84,0,149.76
,,,,,,,,7704,0,0,0,0,103.308,0,147.54,0,140.76
,,,,,,,,7705,0,0,0,0,95.976,0,137.04,0,130.8
,,,,,,,,7706,0,0,0,0,90.096,0,128.64,0,122.88
,,,,,,,,7707,0,0,0,0,86.7,0,123.78,0,118.2
,,,,,,,,7708,0,0,0,0,85.056,0,121.44,0,115.92
,,,,,,,,7709,0,0,0,0,84.48,0,120.6,0,115.08
,,,,,,,,7710,0,0,0,0,85.212,0,121.68,0,116.16
,,,,,,,,7711,0,0,0,0,88.008,0,125.64,0,119.88
,,,,,,,,7712,0,0,0,0,92.46,0,132,0,126
,,,,,,,,7713,0,0,0,0,97.884,0,139.74,0,133.44
,,,,,,,,7714,0,0,0,0,104.052,0,148.56,0,141.84
,,,,,,,,7715,0,0,0,0,107.268,0,153.18,0,146.28
,,,,,,,,7716,0,0,0,0,108.06,0,154.32,0,147.24
,,,,,,,,7717,0,0,0,0,107.952,0,154.14,0,147.12
,,,,,,,,7718,0,0,0,0,107.064,0,152.88,0,145.92
,,,,,,,,7719,0,0,0,0,105.9,0,151.2,0,144.36
,,,,,,,,7720,0,0,0,0,105.372,0,150.48,0,143.64
,,,,,,,,7721,0,0,0,0,107.832,0,153.96,0,147
,,,,,,,,7722,0,0,0,0,118.296,0,168.9,0,161.28
,,,,,,,,7723,0,0,0,0,127.572,0,182.16,0,173.88
,,,,,,,,7724,0,0,0,0,127.008,0,181.32,0,173.16
,,,,,,,,7725,0,0,0,0,123.648,0,176.58,0,168.6
,,,,,,,,7726,0,0,0,0,119.244,0,170.28,0,162.6
,,,,,,,,7727,0,0,0,0,111.468,0,159.18,0,152.04
,,,,,,,,7728,0,0,0,0,102.348,0,146.16,0,139.56
,,,,,,,,7729,0,0,0,0,94.212,0,134.52,0,128.4
,,,,,,,,7730,0,0,0,0,88.872,0,126.9,0,121.2
,,,,,,,,7731,0,0,0,0,86.22,0,123.12,0,117.48
,,,,,,,,7732,0,0,0,0,85.344,0,121.86,0,116.28
,,,,,,,,7733,0,0,0,0,85.872,0,122.64,0,117
,,,,,,,,7734,0,0,0,0,89.124,0,127.26,0,121.44
,,,,,,,,7735,0,0,0,0,98.448,0,140.58,0,134.28
,,,,,,,,7736,0,0,0,0,114.564,0,163.56,0,156.24
,,,,,,,,7737,0,0,0,0,122.748,0,175.26,0,167.28
,,,,,,,,7738,0,0,0,0,124.044,0,177.12,0,169.08
,,,,,,,,7739,0,0,0,0,123.48,0,176.34,0,168.36
,,,,,,,,7740,0,0,0,0,122.892,0,175.5,0,167.52
,,,,,,,,7741,0,0,0,0,121.68,0,173.76,0,165.96
,,,,,,,,7742,0,0,0,0,119.748,0,171,0,163.32
,,,,,,,,7743,0,0,0,0,118.692,0,169.5,0,161.76
,,,,,,,,7744,0,0,0,0,117.432,0,167.7,0,160.08
,,,,,,,,7745,0,0,0,0,118.32,0,168.96,0,161.28
,,,,,,,,7746,0,0,0,0,127.248,0,181.74,0,173.52
,,,,,,,,7747,0,0,0,0,136.524,0,194.94,0,186.12
,,,,,,,,7748,0,0,0,0,135.96,0,194.16,0,185.4
,,,,,,,,7749,0,0,0,0,132.864,0,189.72,0,181.08
,,,,,,,,7750,0,0,0,0,127.884,0,182.64,0,174.36
,,,,,,,,7751,0,0,0,0,119.148,0,170.16,0,162.36
,,,,,,,,7752,0,0,0,0,108.324,0,154.68,0,147.72
,,,,,,,,7753,0,0,0,0,98.196,0,140.22,0,133.92
,,,,,,,,7754,0,0,0,0,91.704,0,130.98,0,125.04
,,,,,,,,7755,0,0,0,0,88.368,0,126.18,0,120.48
,,,,,,,,7756,0,0,0,0,87.228,0,124.56,0,118.92
,,,,,,,,7757,0,0,0,0,87.492,0,124.92,0,119.28
,,,,,,,,7758,0,0,0,0,90.48,0,129.18,0,123.36
,,,,,,,,7759,0,0,0,0,99.888,0,142.62,0,136.2
,,,,,,,,7760,0,0,0,0,115.212,0,164.52,0,157.08
,,,,,,,,7761,0,0,0,0,122.484,0,174.9,0,167.04
,,,,,,,,7762,0,0,0,0,123.408,0,176.22,0,168.24
,,,,,,,,7763,0,0,0,0,122.64,0,175.14,0,167.16
,,,,,,,,7764,0,0,0,0,121.704,0,173.76,0,165.96
,,,,,,,,7765,0,0,0,0,120.384,0,171.9,0,164.16
,,,,,,,,7766,0,0,0,0,118.956,0,169.86,0,162.24
,,,,,,,,7767,0,0,0,0,118.056,0,168.6,0,161.04
,,,,,,,,7768,0,0,0,0,116.904,0,166.92,0,159.36
,,,,,,,,7769,0,0,0,0,117.828,0,168.3,0,160.56
,,,,,,,,7770,0,0,0,0,127.056,0,181.44,0,173.28
,,,,,,,,7771,0,0,0,0,134.904,0,192.66,0,183.96
,,,,,,,,7772,0,0,0,0,134.268,0,191.7,0,183
,,,,,,,,7773,0,0,0,0,131.1,0,187.2,0,178.68
,,,,,,,,7774,0,0,0,0,126.132,0,180.12,0,171.96
,,,,,,,,7775,0,0,0,0,118.32,0,168.96,0,161.28
,,,,,,,,7776,0,0,0,0,107.352,0,153.3,0,146.4
,,,,,,,,7777,0,0,0,0,97.128,0,138.72,0,132.36
,,,,,,,,7778,0,0,0,0,90.252,0,128.88,0,123
,,,,,,,,7779,0,0,0,0,86.568,0,123.6,0,118.08
,,,,,,,,7780,0,0,0,0,84.792,0,121.08,0,115.56
,,,,,,,,7781,0,0,0,0,84.588,0,120.78,0,115.32
,,,,,,,,7782,0,0,0,0,87.168,0,124.44,0,118.8
,,,,,,,,7783,0,0,0,0,95.388,0,136.2,0,130.08
,,,,,,,,7784,0,0,0,0,109.308,0,156.06,0,149.04
,,,,,,,,7785,0,0,0,0,117.78,0,168.18,0,160.56
,,,,,,,,7786,0,0,0,0,120.756,0,172.44,0,164.64
,,,,,,,,7787,0,0,0,0,121.944,0,174.12,0,166.2
,,,,,,,,7788,0,0,0,0,122.076,0,174.3,0,166.44
,,,,,,,,7789,0,0,0,0,121.2,0,173.1,0,165.24
,,,,,,,,7790,0,0,0,0,119.256,0,170.34,0,162.6
,,,,,,,,7791,0,0,0,0,118.368,0,169.02,0,161.4
,,,,,,,,7792,0,0,0,0,117.192,0,167.34,0,159.84
,,,,,,,,7793,0,0,0,0,116.832,0,166.8,0,159.36
,,,,,,,,7794,0,0,0,0,124.692,0,178.02,0,170.04
,,,,,,,,7795,0,0,0,0,132.504,0,189.24,0,180.6
,,,,,,,,7796,0,0,0,0,130.74,0,186.66,0,178.2
,,,,,,,,7797,0,0,0,0,127.008,0,181.38,0,173.16
,,,,,,,,7798,0,0,0,0,121.956,0,174.18,0,166.32
,,,,,,,,7799,0,0,0,0,114.696,0,163.8,0,156.36
,,,,,,,,7800,0,0,0,0,105.252,0,150.24,0,143.52
,,,,,,,,7801,0,0,0,0,95.46,0,136.32,0,130.2
,,,,,,,,7802,0,0,0,0,88.08,0,125.76,0,120
,,,,,,,,7803,0,0,0,0,83.808,0,119.64,0,114.24
,,,,,,,,7804,0,0,0,0,81.384,0,116.22,0,110.88
,,,,,,,,7805,0,0,0,0,80.532,0,115.02,0,109.8
,,,,,,,,7806,0,0,0,0,81.384,0,116.22,0,110.88
,,,,,,,,7807,0,0,0,0,85.26,0,121.74,0,116.28
,,,,,,,,7808,0,0,0,0,91.056,0,130.02,0,124.2
,,,,,,,,7809,0,0,0,0,98.148,0,140.1,0,133.8
,,,,,,,,7810,0,0,0,0,106.02,0,151.38,0,144.6
,,,,,,,,7811,0,0,0,0,111.204,0,158.76,0,151.56
,,,,,,,,7812,0,0,0,0,113.436,0,162,0,154.56
,,,,,,,,7813,0,0,0,0,113.412,0,161.94,0,154.56
,,,,,,,,7814,0,0,0,0,109.5,0,156.36,0,149.28
,,,,,,,,7815,0,0,0,0,103.176,0,147.3,0,140.64
,,,,,,,,7816,0,0,0,0,97.548,0,139.32,0,132.96
,,,,,,,,7817,0,0,0,0,94.692,0,135.24,0,129
,,,,,,,,7818,0,0,0,0,98.304,0,140.34,0,133.92
,,,,,,,,7819,0,0,0,0,102.516,0,146.34,0,139.8
,,,,,,,,7820,0,0,0,0,102.576,0,146.46,0,139.92
,,,,,,,,7821,0,0,0,0,102.384,0,146.16,0,139.56
,,,,,,,,7822,0,0,0,0,101.904,0,145.5,0,138.84
,,,,,,,,7823,0,0,0,0,99.132,0,141.54,0,135.12
,,,,,,,,7824,0,0,0,0,94.836,0,135.42,0,129.24
,,,,,,,,7825,0,0,0,0,88.92,0,126.96,0,121.2
,,,,,,,,7826,0,0,0,0,83.628,0,119.4,0,114
,,,,,,,,7827,0,0,0,0,80.748,0,115.32,0,110.16
,,,,,,,,7828,0,0,0,0,79.68,0,113.82,0,108.6
,,,,,,,,7829,0,0,0,0,79.56,0,113.58,0,108.36
,,,,,,,,7830,0,0,0,0,81.444,0,116.28,0,111
,,,,,,,,7831,0,0,0,0,86.244,0,123.18,0,117.48
,,,,,,,,7832,0,0,0,0,92.532,0,132.18,0,126.12
,,,,,,,,7833,0,0,0,0,97.884,0,139.74,0,133.44
,,,,,,,,7834,0,0,0,0,103.092,0,147.24,0,140.52
,,,,,,,,7835,0,0,0,0,106.212,0,151.68,0,144.72
,,,,,,,,7836,0,0,0,0,107.196,0,153.06,0,146.16
,,,,,,,,7837,0,0,0,0,106.704,0,152.34,0,145.44
,,,,,,,,7838,0,0,0,0,105.12,0,150.12,0,143.28
,,,,,,,,7839,0,0,0,0,103.38,0,147.6,0,141
,,,,,,,,7840,0,0,0,0,102.444,0,146.28,0,139.68
,,,,,,,,7841,0,0,0,0,103.548,0,147.84,0,141.12
,,,,,,,,7842,0,0,0,0,113.04,0,161.4,0,154.08
,,,,,,,,7843,0,0,0,0,120.192,0,171.6,0,163.92
,,,,,,,,7844,0,0,0,0,118.26,0,168.9,0,161.16
,,,,,,,,7845,0,0,0,0,114.564,0,163.56,0,156.24
,,,,,,,,7846,0,0,0,0,110.316,0,157.5,0,150.36
,,,,,,,,7847,0,0,0,0,104.628,0,149.4,0,142.68
,,,,,,,,7848,0,0,0,0,97.128,0,138.72,0,132.36
,,,,,,,,7849,0,0,0,0,88.824,0,126.84,0,121.08
,,,,,,,,7850,0,0,0,0,82.464,0,117.78,0,112.44
,,,,,,,,7851,0,0,0,0,78.528,0,112.14,0,107.04
,,,,,,,,7852,0,0,0,0,76.524,0,109.26,0,104.28
,,,,,,,,7853,0,0,0,0,75.72,0,108.12,0,103.2
,,,,,,,,7854,0,0,0,0,76.464,0,109.2,0,104.16
,,,,,,,,7855,0,0,0,0,79.608,0,113.64,0,108.48
,,,,,,,,7856,0,0,0,0,85.212,0,121.68,0,116.16
,,,,,,,,7857,0,0,0,0,91.608,0,130.8,0,124.8
,,,,,,,,7858,0,0,0,0,99.888,0,142.62,0,136.2
,,,,,,,,7859,0,0,0,0,105.552,0,150.72,0,143.88
,,,,,,,,7860,0,0,0,0,107.496,0,153.54,0,146.64
,,,,,,,,7861,0,0,0,0,107.832,0,153.96,0,147
,,,,,,,,7862,0,0,0,0,107.316,0,153.24,0,146.28
,,,,,,,,7863,0,0,0,0,106.032,0,151.44,0,144.6
,,,,,,,,7864,0,0,0,0,105.648,0,150.84,0,144.12
,,,,,,,,7865,0,0,0,0,107.508,0,153.54,0,146.64
,,,,,,,,7866,0,0,0,0,117.288,0,167.46,0,159.84
,,,,,,,,7867,0,0,0,0,124.68,0,178.02,0,170.04
,,,,,,,,7868,0,0,0,0,123.672,0,176.64,0,168.6
,,,,,,,,7869,0,0,0,0,120.756,0,172.44,0,164.64
,,,,,,,,7870,0,0,0,0,117.408,0,167.7,0,160.08
,,,,,,,,7871,0,0,0,0,112.308,0,160.38,0,153.12
,,,,,,,,7872,0,0,0,0,105.048,0,150,0,143.16
,,,,,,,,7873,0,0,0,0,97.248,0,138.84,0,132.6
,,,,,,,,7874,0,0,0,0,90.96,0,129.84,0,123.96
,,,,,,,,7875,0,0,0,0,87.072,0,124.38,0,118.68
,,,,,,,,7876,0,0,0,0,85.116,0,121.56,0,116.04
,,,,,,,,7877,0,0,0,0,84.444,0,120.54,0,115.08
,,,,,,,,7878,0,0,0,0,85.212,0,121.68,0,116.16
,,,,,,,,7879,0,0,0,0,87.708,0,125.28,0,119.52
,,,,,,,,7880,0,0,0,0,91.656,0,130.86,0,124.92
,,,,,,,,7881,0,0,0,0,96.504,0,137.82,0,131.52
,,,,,,,,7882,0,0,0,0,104.268,0,148.86,0,142.2
,,,,,,,,7883,0,0,0,0,110.028,0,157.14,0,150
,,,,,,,,7884,0,0,0,0,113.496,0,162.06,0,154.68
,,,,,,,,7885,0,0,0,0,115.224,0,164.52,0,157.08
,,,,,,,,7886,0,0,0,0,115.368,0,164.7,0,157.32
,,,,,,,,7887,0,0,0,0,114.18,0,163.02,0,155.76
,,,,,,,,7888,0,0,0,0,114.096,0,162.9,0,155.64
,,,,,,,,7889,0,0,0,0,116.376,0,166.2,0,158.64
,,,,,,,,7890,0,0,0,0,126.828,0,181.14,0,172.92
,,,,,,,,7891,0,0,0,0,134.76,0,192.42,0,183.72
,,,,,,,,7892,0,0,0,0,133.728,0,190.98,0,182.28
,,,,,,,,7893,0,0,0,0,130.152,0,185.82,0,177.48
,,,,,,,,7894,0,0,0,0,125.748,0,179.58,0,171.36
,,,,,,,,7895,0,0,0,0,116.412,0,166.2,0,158.64
,,,,,,,,7896,0,0,0,0,106.284,0,151.74,0,144.84
,,,,,,,,7897,0,0,0,0,97.164,0,138.72,0,132.48
,,,,,,,,7898,0,0,0,0,91.092,0,130.08,0,124.2
,,,,,,,,7899,0,0,0,0,87.924,0,125.58,0,119.88
,,,,,,,,7900,0,0,0,0,86.616,0,123.66,0,118.08
,,,,,,,,7901,0,0,0,0,86.676,0,123.78,0,118.08
,,,,,,,,7902,0,0,0,0,89.88,0,128.28,0,122.52
,,,,,,,,7903,0,0,0,0,99,0,141.36,0,135
,,,,,,,,7904,0,0,0,0,115.08,0,164.34,0,156.96
,,,,,,,,7905,0,0,0,0,123.216,0,175.92,0,168
,,,,,,,,7906,0,0,0,0,123.912,0,176.94,0,168.96
,,,,,,,,7907,0,0,0,0,124.128,0,177.24,0,169.2
,,,,,,,,7908,0,0,0,0,123.96,0,177,0,168.96
,,,,,,,,7909,0,0,0,0,123.24,0,175.98,0,168
,,,,,,,,7910,0,0,0,0,122.244,0,174.6,0,166.56
,,,,,,,,7911,0,0,0,0,121.356,0,173.28,0,165.36
,,,,,,,,7912,0,0,0,0,120.108,0,171.54,0,163.68
,,,,,,,,7913,0,0,0,0,121.392,0,173.4,0,165.48
,,,,,,,,7914,0,0,0,0,131.4,0,187.62,0,179.16
,,,,,,,,7915,0,0,0,0,141.288,0,201.72,0,192.6
,,,,,,,,7916,0,0,0,0,141.108,0,201.48,0,192.36
,,,,,,,,7917,0,0,0,0,138.096,0,197.16,0,188.28
,,,,,,,,7918,0,0,0,0,132.66,0,189.42,0,180.84
,,,,,,,,7919,0,0,0,0,123.696,0,176.64,0,168.6
,,,,,,,,7920,0,0,0,0,111.912,0,159.84,0,152.64
,,,,,,,,7921,0,0,0,0,101.34,0,144.72,0,138.12
,,,,,,,,7922,0,0,0,0,94.788,0,135.36,0,129.24
,,,,,,,,7923,0,0,0,0,91.356,0,130.44,0,124.56
,,,,,,,,7924,0,0,0,0,89.724,0,128.1,0,122.4
,,,,,,,,7925,0,0,0,0,89.64,0,128.04,0,122.16
,,,,,,,,7926,0,0,0,0,92.388,0,131.94,0,126
,,,,,,,,7927,0,0,0,0,101.136,0,144.42,0,137.88
,,,,,,,,7928,0,0,0,0,117.132,0,167.22,0,159.72
,,,,,,,,7929,0,0,0,0,125.652,0,179.46,0,171.36
,,,,,,,,7930,0,0,0,0,127.716,0,182.4,0,174.12
,,,,,,,,7931,0,0,0,0,128.628,0,183.66,0,175.32
,,,,,,,,7932,0,0,0,0,129.624,0,185.1,0,176.76
,,,,,,,,7933,0,0,0,0,130.02,0,185.7,0,177.24
,,,,,,,,7934,0,0,0,0,129.84,0,185.4,0,177
,,,,,,,,7935,0,0,0,0,129.732,0,185.22,0,176.88
,,,,,,,,7936,0,0,0,0,129,0,184.2,0,175.8
,,,,,,,,7937,0,0,0,0,130.656,0,186.6,0,178.08
,,,,,,,,7938,0,0,0,0,139.62,0,199.38,0,190.32
,,,,,,,,7939,0,0,0,0,145.548,0,207.84,0,198.48
,,,,,,,,7940,0,0,0,0,144.432,0,206.22,0,196.92
,,,,,,,,7941,0,0,0,0,140.568,0,200.76,0,191.64
,,,,,,,,7942,0,0,0,0,134.484,0,192.06,0,183.36
,,,,,,,,7943,0,0,0,0,124.752,0,178.14,0,170.16
,,,,,,,,7944,0,0,0,0,112.596,0,160.8,0,153.48
,,,,,,,,7945,0,0,0,0,101.712,0,145.2,0,138.72
,,,,,,,,7946,0,0,0,0,94.62,0,135.12,0,129
,,,,,,,,7947,0,0,0,0,90.852,0,129.72,0,123.84
,,,,,,,,7948,0,0,0,0,89.316,0,127.5,0,121.68
,,,,,,,,7949,0,0,0,0,89.292,0,127.5,0,121.68
,,,,,,,,7950,0,0,0,0,92.1,0,131.52,0,125.52
,,,,,,,,7951,0,0,0,0,100.992,0,144.24,0,137.64
,,,,,,,,7952,0,0,0,0,117.24,0,167.4,0,159.84
,,,,,,,,7953,0,0,0,0,125.82,0,179.7,0,171.48
,,,,,,,,7954,0,0,0,0,126.768,0,181.02,0,172.8
,,,,,,,,7955,0,0,0,0,126.984,0,181.32,0,173.16
,,,,,,,,7956,0,0,0,0,127.356,0,181.8,0,173.64
,,,,,,,,7957,0,0,0,0,126.36,0,180.42,0,172.2
,,,,,,,,7958,0,0,0,0,124.812,0,178.2,0,170.16
,,,,,,,,7959,0,0,0,0,124.44,0,177.66,0,169.68
,,,,,,,,7960,0,0,0,0,124.116,0,177.24,0,169.2
,,,,,,,,7961,0,0,0,0,125.94,0,179.82,0,171.72
,,,,,,,,7962,0,0,0,0,135.792,0,193.86,0,185.16
,,,,,,,,7963,0,0,0,0,143.664,0,205.2,0,195.84
,,,,,,,,7964,0,0,0,0,142.872,0,204,0,194.76
,,,,,,,,7965,0,0,0,0,139.716,0,199.5,0,190.44
,,,,,,,,7966,0,0,0,0,134.7,0,192.3,0,183.6
,,,,,,,,7967,0,0,0,0,126.108,0,180.06,0,171.96
,,,,,,,,7968,0,0,0,0,114.396,0,163.32,0,156
,,,,,,,,7969,0,0,0,0,103.68,0,148.08,0,141.36
,,,,,,,,7970,0,0,0,0,96.768,0,138.18,0,132
,,,,,,,,7971,0,0,0,0,93.324,0,133.26,0,127.2
,,,,,,,,7972,0,0,0,0,91.872,0,131.22,0,125.28
,,,,,,,,7973,0,0,0,0,91.872,0,131.22,0,125.28
,,,,,,,,7974,0,0,0,0,94.512,0,134.94,0,128.88
,,,,,,,,7975,0,0,0,0,103.656,0,148.02,0,141.24
,,,,,,,,7976,0,0,0,0,120,0,171.36,0,163.56
,,,,,,,,7977,0,0,0,0,127.668,0,182.28,0,174
,,,,,,,,7978,0,0,0,0,127.644,0,182.28,0,174
,,,,,,,,7979,0,0,0,0,126.744,0,180.96,0,172.8
,,,,,,,,7980,0,0,0,0,126.288,0,180.3,0,172.2
,,,,,,,,7981,0,0,0,0,125.34,0,178.98,0,170.88
,,,,,,,,7982,0,0,0,0,123.456,0,176.28,0,168.36
,,,,,,,,7983,0,0,0,0,122.832,0,175.38,0,167.4
,,,,,,,,7984,0,0,0,0,121.74,0,173.82,0,165.96
,,,,,,,,7985,0,0,0,0,123.18,0,175.86,0,167.88
,,,,,,,,7986,0,0,0,0,132.66,0,189.42,0,180.84
,,,,,,,,7987,0,0,0,0,141.216,0,201.66,0,192.6
,,,,,,,,7988,0,0,0,0,141.768,0,202.44,0,193.32
,,,,,,,,7989,0,0,0,0,138.984,0,198.48,0,189.48
,,,,,,,,7990,0,0,0,0,133.548,0,190.74,0,182.04
,,,,,,,,7991,0,0,0,0,124.74,0,178.14,0,170.04
,,,,,,,,7992,0,0,0,0,112.836,0,161.1,0,153.84
,,,,,,,,7993,0,0,0,0,101.892,0,145.44,0,138.84
,,,,,,,,7994,0,0,0,0,94.812,0,135.42,0,129.24
,,,,,,,,7995,0,0,0,0,91.236,0,130.26,0,124.32
,,,,,,,,7996,0,0,0,0,89.484,0,127.74,0,121.92
,,,,,,,,7997,0,0,0,0,89.592,0,127.92,0,122.16
,,,,,,,,7998,0,0,0,0,92.472,0,132.06,0,126
,,,,,,,,7999,0,0,0,0,101.652,0,145.14,0,138.6
,,,,,,,,8000,0,0,0,0,117.684,0,168,0,160.44
,,,,,,,,8001,0,0,0,0,125.844,0,179.7,0,171.48
,,,,,,,,8002,0,0,0,0,127.848,0,182.58,0,174.36
,,,,,,,,8003,0,0,0,0,128.424,0,183.36,0,175.08
,,,,,,,,8004,0,0,0,0,127.968,0,182.76,0,174.48
,,,,,,,,8005,0,0,0,0,126.972,0,181.32,0,173.16
,,,,,,,,8006,0,0,0,0,125.748,0,179.58,0,171.36
,,,,,,,,8007,0,0,0,0,125.388,0,179.1,0,170.88
,,,,,,,,8008,0,0,0,0,124.98,0,178.5,0,170.4
,,,,,,,,8009,0,0,0,0,126.912,0,181.2,0,173.04
,,,,,,,,8010,0,0,0,0,136.692,0,195.18,0,186.36
,,,,,,,,8011,0,0,0,0,141.864,0,202.56,0,193.32
,,,,,,,,8012,0,0,0,0,139.644,0,199.38,0,190.32
,,,,,,,,8013,0,0,0,0,136.068,0,194.28,0,185.52
,,,,,,,,8014,0,0,0,0,131.568,0,187.86,0,179.28
,,,,,,,,8015,0,0,0,0,124.704,0,178.08,0,170.04
,,,,,,,,8016,0,0,0,0,115.056,0,164.28,0,156.96
,,,,,,,,8017,0,0,0,0,105.048,0,150,0,143.16
,,,,,,,,8018,0,0,0,0,97.464,0,139.14,0,132.84
,,,,,,,,8019,0,0,0,0,93.036,0,132.84,0,126.84
,,,,,,,,8020,0,0,0,0,90.924,0,129.84,0,123.96
,,,,,,,,8021,0,0,0,0,90.216,0,128.82,0,123
,,,,,,,,8022,0,0,0,0,91.044,0,130.02,0,124.2
,,,,,,,,8023,0,0,0,0,94.464,0,134.88,0,128.76
,,,,,,,,8024,0,0,0,0,101.376,0,144.78,0,138.12
,,,,,,,,8025,0,0,0,0,109.092,0,155.76,0,148.68
,,,,,,,,8026,0,0,0,0,117.54,0,167.82,0,160.2
,,,,,,,,8027,0,0,0,0,123.084,0,175.8,0,167.76
,,,,,,,,8028,0,0,0,0,125.652,0,179.46,0,171.36
,,,,,,,,8029,0,0,0,0,125.952,0,179.82,0,171.72
,,,,,,,,8030,0,0,0,0,125.4,0,179.1,0,170.88
,,,,,,,,8031,0,0,0,0,124.2,0,177.3,0,169.32
,,,,,,,,8032,0,0,0,0,123.36,0,176.16,0,168.24
,,,,,,,,8033,0,0,0,0,124.896,0,178.32,0,170.28
,,,,,,,,8034,0,0,0,0,133.248,0,190.26,0,181.68
,,,,,,,,8035,0,0,0,0,136.872,0,195.42,0,186.6
,,,,,,,,8036,0,0,0,0,134.616,0,192.24,0,183.6
,,,,,,,,8037,0,0,0,0,130.236,0,186,0,177.48
,,,,,,,,8038,0,0,0,0,125.76,0,179.58,0,171.36
,,,,,,,,8039,0,0,0,0,119.58,0,170.76,0,162.96
,,,,,,,,8040,0,0,0,0,111.036,0,158.58,0,151.44
,,,,,,,,8041,0,0,0,0,101.676,0,145.14,0,138.6
,,,,,,,,8042,0,0,0,0,94.392,0,134.76,0,128.64
,,,,,,,,8043,0,0,0,0,89.82,0,128.28,0,122.4
,,,,,,,,8044,0,0,0,0,87.108,0,124.38,0,118.68
,,,,,,,,8045,0,0,0,0,85.86,0,122.64,0,117
,,,,,,,,8046,0,0,0,0,85.968,0,122.76,0,117.24
,,,,,,,,8047,0,0,0,0,88.056,0,125.7,0,120
,,,,,,,,8048,0,0,0,0,92.496,0,132.06,0,126
,,,,,,,,8049,0,0,0,0,98.184,0,140.22,0,133.92
,,,,,,,,8050,0,0,0,0,105.912,0,151.2,0,144.36
,,,,,,,,8051,0,0,0,0,111.552,0,159.3,0,152.04
,,,,,,,,8052,0,0,0,0,114.096,0,162.9,0,155.64
,,,,,,,,8053,0,0,0,0,114.924,0,164.1,0,156.72
,,,,,,,,8054,0,0,0,0,114.996,0,164.22,0,156.84
,,,,,,,,8055,0,0,0,0,113.736,0,162.42,0,155.04
,,,,,,,,8056,0,0,0,0,112.608,0,160.8,0,153.48
,,,,,,,,8057,0,0,0,0,114.228,0,163.14,0,155.76
,,,,,,,,8058,0,0,0,0,125.448,0,179.1,0,171
,,,,,,,,8059,0,0,0,0,132.312,0,188.94,0,180.48
,,,,,,,,8060,0,0,0,0,130.812,0,186.78,0,178.32
,,,,,,,,8061,0,0,0,0,127.128,0,181.5,0,173.28
,,,,,,,,8062,0,0,0,0,121.608,0,173.64,0,165.84
,,,,,,,,8063,0,0,0,0,112.776,0,161.04,0,153.72
,,,,,,,,8064,0,0,0,0,101.88,0,145.44,0,138.84
,,,,,,,,8065,0,0,0,0,91.824,0,131.1,0,125.16
,,,,,,,,8066,0,0,0,0,85.14,0,121.56,0,116.04
,,,,,,,,8067,0,0,0,0,81.552,0,116.46,0,111.12
,,,,,,,,8068,0,0,0,0,79.704,0,113.82,0,108.6
,,,,,,,,8069,0,0,0,0,79.872,0,114.06,0,108.96
,,,,,,,,8070,0,0,0,0,82.896,0,118.38,0,113.04
,,,,,,,,8071,0,0,0,0,92.1,0,131.52,0,125.52
,,,,,,,,8072,0,0,0,0,108.492,0,154.92,0,147.84
,,,,,,,,8073,0,0,0,0,116.304,0,166.08,0,158.64
,,,,,,,,8074,0,0,0,0,117.312,0,167.52,0,159.84
,,,,,,,,8075,0,0,0,0,117.828,0,168.24,0,160.56
,,,,,,,,8076,0,0,0,0,118.248,0,168.9,0,161.16
,,,,,,,,8077,0,0,0,0,117.708,0,168.06,0,160.56
,,,,,,,,8078,0,0,0,0,116.856,0,166.86,0,159.36
,,,,,,,,8079,0,0,0,0,116.232,0,165.96,0,158.52
,,,,,,,,8080,0,0,0,0,115.296,0,164.64,0,157.2
,,,,,,,,8081,0,0,0,0,116.268,0,166.02,0,158.52
,,,,,,,,8082,0,0,0,0,126.696,0,180.9,0,172.68
,,,,,,,,8083,0,0,0,0,136.548,0,195,0,186.12
,,,,,,,,8084,0,0,0,0,136.032,0,194.22,0,185.4
,,,,,,,,8085,0,0,0,0,132.84,0,189.66,0,181.08
,,,,,,,,8086,0,0,0,0,127.548,0,182.1,0,173.88
,,,,,,,,8087,0,0,0,0,118.74,0,169.56,0,161.88
,,,,,,,,8088,0,0,0,0,106.896,0,152.7,0,145.8
,,,,,,,,8089,0,0,0,0,96.216,0,137.34,0,131.16
,,,,,,,,8090,0,0,0,0,88.932,0,126.96,0,121.2
,,,,,,,,8091,0,0,0,0,85.38,0,121.92,0,116.28
,,,,,,,,8092,0,0,0,0,83.976,0,119.88,0,114.48
,,,,,,,,8093,0,0,0,0,83.832,0,119.7,0,114.24
,,,,,,,,8094,0,0,0,0,86.76,0,123.9,0,118.2
,,,,,,,,8095,0,0,0,0,95.904,0,136.92,0,130.8
,,,,,,,,8096,0,0,0,0,112.056,0,159.96,0,152.76
,,,,,,,,8097,0,0,0,0,120.84,0,172.5,0,164.76
,,,,,,,,8098,0,0,0,0,122.736,0,175.26,0,167.28
,,,,,,,,8099,0,0,0,0,123.744,0,176.7,0,168.72
,,,,,,,,8100,0,0,0,0,124.44,0,177.66,0,169.68
,,,,,,,,8101,0,0,0,0,124.404,0,177.6,0,169.68
,,,,,,,,8102,0,0,0,0,123.72,0,176.7,0,168.6
,,,,,,,,8103,0,0,0,0,123.132,0,175.8,0,167.88
,,,,,,,,8104,0,0,0,0,122.04,0,174.3,0,166.44
,,,,,,,,8105,0,0,0,0,123.144,0,175.8,0,167.88
,,,,,,,,8106,0,0,0,0,132.648,0,189.42,0,180.84
,,,,,,,,8107,0,0,0,0,139.14,0,198.66,0,189.6
,,,,,,,,8108,0,0,0,0,137.76,0,196.74,0,187.8
,,,,,,,,8109,0,0,0,0,133.584,0,190.8,0,182.16
,,,,,,,,8110,0,0,0,0,127.692,0,182.34,0,174.12
,,,,,,,,8111,0,0,0,0,118.356,0,169.02,0,161.4
,,,,,,,,8112,0,0,0,0,105.408,0,150.54,0,143.64
,,,,,,,,8113,0,0,0,0,93.9,0,134.1,0,128.04
,,,,,,,,8114,0,0,0,0,86.616,0,123.66,0,118.08
,,,,,,,,8115,0,0,0,0,82.548,0,117.84,0,112.56
,,,,,,,,8116,0,0,0,0,80.112,0,114.42,0,109.2
,,,,,,,,8117,0,0,0,0,79.548,0,113.58,0,108.36
,,,,,,,,8118,0,0,0,0,81.876,0,116.88,0,111.6
,,,,,,,,8119,0,0,0,0,90.36,0,129,0,123.12
,,,,,,,,8120,0,0,0,0,106.392,0,151.92,0,145.08
,,,,,,,,8121,0,0,0,0,114.756,0,163.86,0,156.36
,,,,,,,,8122,0,0,0,0,116.088,0,165.78,0,158.28
,,,,,,,,8123,0,0,0,0,116.508,0,166.38,0,158.76
,,,,,,,,8124,0,0,0,0,116.988,0,167.1,0,159.48
,,,,,,,,8125,0,0,0,0,116.928,0,166.98,0,159.36
,,,,,,,,8126,0,0,0,0,116.496,0,166.32,0,158.76
,,,,,,,,8127,0,0,0,0,116.748,0,166.74,0,159.24
,,,,,,,,8128,0,0,0,0,116.544,0,166.44,0,158.88
,,,,,,,,8129,0,0,0,0,118.5,0,169.2,0,161.52
,,,,,,,,8130,0,0,0,0,129.852,0,185.46,0,177
,,,,,,,,8131,0,0,0,0,138.984,0,198.48,0,189.48
,,,,,,,,8132,0,0,0,0,138.996,0,198.48,0,189.48
,,,,,,,,8133,0,0,0,0,136.332,0,194.7,0,185.88
,,,,,,,,8134,0,0,0,0,131.712,0,188.1,0,179.52
,,,,,,,,8135,0,0,0,0,123.084,0,175.8,0,167.76
,,,,,,,,8136,0,0,0,0,111.372,0,159,0,151.8
,,,,,,,,8137,0,0,0,0,100.5,0,143.52,0,136.92
,,,,,,,,8138,0,0,0,0,93.876,0,134.04,0,127.92
,,,,,,,,8139,0,0,0,0,90.636,0,129.42,0,123.6
,,,,,,,,8140,0,0,0,0,89.244,0,127.44,0,121.68
,,,,,,,,8141,0,0,0,0,89.376,0,127.62,0,121.8
,,,,,,,,8142,0,0,0,0,92.64,0,132.24,0,126.24
,,,,,,,,8143,0,0,0,0,102.384,0,146.16,0,139.56
,,,,,,,,8144,0,0,0,0,119.172,0,170.16,0,162.48
,,,,,,,,8145,0,0,0,0,127.128,0,181.5,0,173.28
,,,,,,,,8146,0,0,0,0,127.572,0,182.16,0,173.88
,,,,,,,,8147,0,0,0,0,127.188,0,181.62,0,173.4
,,,,,,,,8148,0,0,0,0,126.588,0,180.78,0,172.68
,,,,,,,,8149,0,0,0,0,125.052,0,178.56,0,170.52
,,,,,,,,8150,0,0,0,0,123.312,0,176.1,0,168.12
,,,,,,,,8151,0,0,0,0,122.352,0,174.72,0,166.8
,,,,,,,,8152,0,0,0,0,121.476,0,173.46,0,165.6
,,,,,,,,8153,0,0,0,0,123.144,0,175.8,0,167.88
,,,,,,,,8154,0,0,0,0,135.108,0,192.96,0,184.2
,,,,,,,,8155,0,0,0,0,144.336,0,206.16,0,196.8
,,,,,,,,8156,0,0,0,0,144.384,0,206.16,0,196.92
,,,,,,,,8157,0,0,0,0,141.96,0,202.68,0,193.56
,,,,,,,,8158,0,0,0,0,137.388,0,196.2,0,187.32
,,,,,,,,8159,0,0,0,0,129.06,0,184.26,0,175.92
,,,,,,,,8160,0,0,0,0,117.036,0,167.1,0,159.48
,,,,,,,,8161,0,0,0,0,105.576,0,150.78,0,144
,,,,,,,,8162,0,0,0,0,98.292,0,140.34,0,133.92
,,,,,,,,8163,0,0,0,0,94.62,0,135.12,0,129
,,,,,,,,8164,0,0,0,0,92.736,0,132.42,0,126.48
,,,,,,,,8165,0,0,0,0,92.58,0,132.18,0,126.24
,,,,,,,,8166,0,0,0,0,95.244,0,136.02,0,129.84
,,,,,,,,8167,0,0,0,0,103.956,0,148.44,0,141.72
,,,,,,,,8168,0,0,0,0,119.88,0,171.18,0,163.44
,,,,,,,,8169,0,0,0,0,128.256,0,183.12,0,174.84
,,,,,,,,8170,0,0,0,0,129.624,0,185.1,0,176.76
,,,,,,,,8171,0,0,0,0,129.372,0,184.74,0,176.28
,,,,,,,,8172,0,0,0,0,129.024,0,184.2,0,175.92
,,,,,,,,8173,0,0,0,0,127.5,0,182.1,0,173.88
,,,,,,,,8174,0,0,0,0,125.58,0,179.34,0,171.24
,,,,,,,,8175,0,0,0,0,125.172,0,178.74,0,170.64
,,,,,,,,8176,0,0,0,0,124.536,0,177.84,0,169.8
,,,,,,,,8177,0,0,0,0,125.88,0,179.7,0,171.6
,,,,,,,,8178,0,0,0,0,135.264,0,193.14,0,184.44
,,,,,,,,8179,0,0,0,0,139.056,0,198.6,0,189.6
,,,,,,,,8180,0,0,0,0,136.596,0,195,0,186.24
,,,,,,,,8181,0,0,0,0,132.18,0,188.76,0,180.24
,,,,,,,,8182,0,0,0,0,127.08,0,181.5,0,173.28
,,,,,,,,8183,0,0,0,0,120.036,0,171.42,0,163.56
,,,,,,,,8184,0,0,0,0,109.992,0,157.08,0,150
,,,,,,,,8185,0,0,0,0,99.096,0,141.54,0,135.12
,,,,,,,,8186,0,0,0,0,91.08,0,130.08,0,124.2
,,,,,,,,8187,0,0,0,0,86.4,0,123.36,0,117.72
,,,,,,,,8188,0,0,0,0,83.676,0,119.52,0,114
,,,,,,,,8189,0,0,0,0,82.728,0,118.14,0,112.68
,,,,,,,,8190,0,0,0,0,83.364,0,119.04,0,113.64
,,,,,,,,8191,0,0,0,0,86.676,0,123.78,0,118.08
,,,,,,,,8192,0,0,0,0,93.048,0,132.84,0,126.84
,,,,,,,,8193,0,0,0,0,100.764,0,143.88,0,137.4
,,,,,,,,8194,0,0,0,0,109.236,0,156,0,148.92
,,,,,,,,8195,0,0,0,0,114.936,0,164.1,0,156.72
,,,,,,,,8196,0,0,0,0,117.684,0,168,0,160.44
,,,,,,,,8197,0,0,0,0,117.852,0,168.3,0,160.68
,,,,,,,,8198,0,0,0,0,116.616,0,166.5,0,159
,,,,,,,,8199,0,0,0,0,114.924,0,164.1,0,156.72
,,,,,,,,8200,0,0,0,0,114.156,0,163.02,0,155.64
,,,,,,,,8201,0,0,0,0,115.524,0,164.94,0,157.44
,,,,,,,,8202,0,0,0,0,124.38,0,177.6,0,169.56
,,,,,,,,8203,0,0,0,0,129.12,0,184.38,0,176.04
,,,,,,,,8204,0,0,0,0,126.732,0,180.96,0,172.8
,,,,,,,,8205,0,0,0,0,122.58,0,175.02,0,167.16
,,,,,,,,8206,0,0,0,0,118.416,0,169.14,0,161.4
,,,,,,,,8207,0,0,0,0,112.608,0,160.8,0,153.48
,,,,,,,,8208,0,0,0,0,104.556,0,149.34,0,142.56
,,,,,,,,8209,0,0,0,0,95.232,0,135.96,0,129.84
,,,,,,,,8210,0,0,0,0,87.912,0,125.52,0,119.88
,,,,,,,,8211,0,0,0,0,83.208,0,118.8,0,113.4
,,,,,,,,8212,0,0,0,0,80.724,0,115.32,0,110.04
,,,,,,,,8213,0,0,0,0,79.632,0,113.7,0,108.48
,,,,,,,,8214,0,0,0,0,80.268,0,114.6,0,109.44
,,,,,,,,8215,0,0,0,0,82.608,0,117.96,0,112.68
,,,,,,,,8216,0,0,0,0,87.372,0,124.74,0,119.16
,,,,,,,,8217,0,0,0,0,92.376,0,131.94,0,126
,,,,,,,,8218,0,0,0,0,99.948,0,142.74,0,136.32
,,,,,,,,8219,0,0,0,0,105.768,0,151.02,0,144.24
,,,,,,,,8220,0,0,0,0,108.828,0,155.4,0,148.32
,,,,,,,,8221,0,0,0,0,110.496,0,157.74,0,150.6
,,,,,,,,8222,0,0,0,0,111.096,0,158.64,0,151.44
,,,,,,,,8223,0,0,0,0,110.496,0,157.74,0,150.6
,,,,,,,,8224,0,0,0,0,109.884,0,156.9,0,149.76
,,,,,,,,8225,0,0,0,0,112.836,0,161.1,0,153.84
,,,,,,,,8226,0,0,0,0,126.024,0,179.94,0,171.84
,,,,,,,,8227,0,0,0,0,133.512,0,190.68,0,182.04
,,,,,,,,8228,0,0,0,0,132.768,0,189.6,0,181.08
,,,,,,,,8229,0,0,0,0,129.684,0,185.16,0,176.88
,,,,,,,,8230,0,0,0,0,124.644,0,177.96,0,169.92
,,,,,,,,8231,0,0,0,0,116.316,0,166.08,0,158.64
,,,,,,,,8232,0,0,0,0,105.228,0,150.24,0,143.52
,,,,,,,,8233,0,0,0,0,94.728,0,135.24,0,129.12
,,,,,,,,8234,0,0,0,0,87.816,0,125.4,0,119.76
,,,,,,,,8235,0,0,0,0,84.312,0,120.42,0,114.96
,,,,,,,,8236,0,0,0,0,82.752,0,118.14,0,112.8
,,,,,,,,8237,0,0,0,0,82.572,0,117.9,0,112.56
,,,,,,,,8238,0,0,0,0,85.488,0,122.04,0,116.52
,,,,,,,,8239,0,0,0,0,94.308,0,134.64,0,128.52
,,,,,,,,8240,0,0,0,0,110.22,0,157.38,0,150.24
,,,,,,,,8241,0,0,0,0,120.66,0,172.32,0,164.52
,,,,,,,,8242,0,0,0,0,123.036,0,175.68,0,167.76
,,,,,,,,8243,0,0,0,0,124.68,0,178.02,0,170.04
,,,,,,,,8244,0,0,0,0,126,0,179.94,0,171.84
,,,,,,,,8245,0,0,0,0,126.192,0,180.18,0,172.08
,,,,,,,,8246,0,0,0,0,125.844,0,179.7,0,171.48
,,,,,,,,8247,0,0,0,0,125.676,0,179.46,0,171.36
,,,,,,,,8248,0,0,0,0,124.62,0,177.96,0,169.92
,,,,,,,,8249,0,0,0,0,126.588,0,180.78,0,172.68
,,,,,,,,8250,0,0,0,0,135.948,0,194.16,0,185.4
,,,,,,,,8251,0,0,0,0,141.552,0,202.14,0,192.96
,,,,,,,,8252,0,0,0,0,139.824,0,199.68,0,190.68
,,,,,,,,8253,0,0,0,0,135.624,0,193.68,0,184.92
,,,,,,,,8254,0,0,0,0,129.576,0,185.04,0,176.64
,,,,,,,,8255,0,0,0,0,119.964,0,171.3,0,163.56
,,,,,,,,8256,0,0,0,0,108.024,0,154.26,0,147.24
,,,,,,,,8257,0,0,0,0,96.108,0,137.22,0,131.04
,,,,,,,,8258,0,0,0,0,87.576,0,125.04,0,119.28
,,,,,,,,8259,0,0,0,0,83.016,0,118.56,0,113.16
,,,,,,,,8260,0,0,0,0,80.724,0,115.26,0,110.04
,,,,,,,,8261,0,0,0,0,80.316,0,114.72,0,109.56
,,,,,,,,8262,0,0,0,0,82.584,0,117.9,0,112.56
,,,,,,,,8263,0,0,0,0,91.632,0,130.86,0,124.92
,,,,,,,,8264,0,0,0,0,108.204,0,154.5,0,147.48
,,,,,,,,8265,0,0,0,0,118.008,0,168.54,0,160.92
,,,,,,,,8266,0,0,0,0,120.12,0,171.54,0,163.8
,,,,,,,,8267,0,0,0,0,120.708,0,172.38,0,164.64
,,,,,,,,8268,0,0,0,0,120.684,0,172.32,0,164.52
,,,,,,,,8269,0,0,0,0,120.336,0,171.84,0,164.04
,,,,,,,,8270,0,0,0,0,119.22,0,170.28,0,162.48
,,,,,,,,8271,0,0,0,0,119.004,0,169.92,0,162.24
,,,,,,,,8272,0,0,0,0,118.56,0,169.32,0,161.64
,,,,,,,,8273,0,0,0,0,120.648,0,172.26,0,164.52
,,,,,,,,8274,0,0,0,0,132.336,0,189,0,180.48
,,,,,,,,8275,0,0,0,0,141.648,0,202.26,0,193.2
,,,,,,,,8276,0,0,0,0,141.576,0,202.2,0,193.08
,,,,,,,,8277,0,0,0,0,138.876,0,198.36,0,189.36
,,,,,,,,8278,0,0,0,0,134.088,0,191.46,0,182.88
,,,,,,,,8279,0,0,0,0,125.496,0,179.16,0,171.12
,,,,,,,,8280,0,0,0,0,113.088,0,161.46,0,154.2
,,,,,,,,8281,0,0,0,0,101.544,0,145.02,0,138.48
,,,,,,,,8282,0,0,0,0,94.308,0,134.64,0,128.52
,,,,,,,,8283,0,0,0,0,90.816,0,129.66,0,123.72
,,,,,,,,8284,0,0,0,0,89.256,0,127.44,0,121.68
,,,,,,,,8285,0,0,0,0,89.376,0,127.62,0,121.8
,,,,,,,,8286,0,0,0,0,92.544,0,132.18,0,126.12
,,,,,,,,8287,0,0,0,0,101.964,0,145.56,0,138.96
,,,,,,,,8288,0,0,0,0,118.86,0,169.74,0,162
,,,,,,,,8289,0,0,0,0,127.668,0,182.28,0,174
,,,,,,,,8290,0,0,0,0,128.172,0,183,0,174.72
,,,,,,,,8291,0,0,0,0,127.644,0,182.28,0,174
,,,,,,,,8292,0,0,0,0,127.032,0,181.38,0,173.28
,,,,,,,,8293,0,0,0,0,126.156,0,180.12,0,172.08
,,,,,,,,8294,0,0,0,0,124.62,0,177.96,0,169.92
,,,,,,,,8295,0,0,0,0,124.2,0,177.3,0,169.32
,,,,,,,,8296,0,0,0,0,123.276,0,176.04,0,168
,,,,,,,,8297,0,0,0,0,125.52,0,179.22,0,171.12
,,,,,,,,8298,0,0,0,0,137.424,0,196.26,0,187.32
,,,,,,,,8299,0,0,0,0,146.184,0,208.74,0,199.32
,,,,,,,,8300,0,0,0,0,145.596,0,207.96,0,198.6
,,,,,,,,8301,0,0,0,0,142.956,0,204.12,0,194.88
,,,,,,,,8302,0,0,0,0,138.084,0,197.16,0,188.28
,,,,,,,,8303,0,0,0,0,129.756,0,185.28,0,176.88
,,,,,,,,8304,0,0,0,0,117.36,0,167.58,0,159.96
,,,,,,,,8305,0,0,0,0,105.468,0,150.6,0,143.76
,,,,,,,,8306,0,0,0,0,97.476,0,139.2,0,132.84
,,,,,,,,8307,0,0,0,0,93.408,0,133.38,0,127.32
,,,,,,,,8308,0,0,0,0,91.728,0,130.98,0,125.04
,,,,,,,,8309,0,0,0,0,91.896,0,131.22,0,125.28
,,,,,,,,8310,0,0,0,0,94.692,0,135.24,0,129
,,,,,,,,8311,0,0,0,0,103.92,0,148.38,0,141.72
,,,,,,,,8312,0,0,0,0,120.576,0,172.2,0,164.4
,,,,,,,,8313,0,0,0,0,129.012,0,184.2,0,175.8
,,,,,,,,8314,0,0,0,0,129.444,0,184.86,0,176.4
,,,,,,,,8315,0,0,0,0,127.656,0,182.28,0,174
,,,,,,,,8316,0,0,0,0,125.988,0,179.94,0,171.72
,,,,,,,,8317,0,0,0,0,124.272,0,177.42,0,169.44
,,,,,,,,8318,0,0,0,0,122.412,0,174.84,0,166.92
,,,,,,,,8319,0,0,0,0,121.608,0,173.7,0,165.84
,,,,,,,,8320,0,0,0,0,120.732,0,172.44,0,164.64
,,,,,,,,8321,0,0,0,0,122.376,0,174.72,0,166.8
,,,,,,,,8322,0,0,0,0,133.704,0,190.92,0,182.28
,,,,,,,,8323,0,0,0,0,144.084,0,205.74,0,196.44
,,,,,,,,8324,0,0,0,0,144.228,0,205.92,0,196.68
,,,,,,,,8325,0,0,0,0,141.972,0,202.74,0,193.56
,,,,,,,,8326,0,0,0,0,137.556,0,196.44,0,187.56
,,,,,,,,8327,0,0,0,0,129.468,0,184.86,0,176.52
,,,,,,,,8328,0,0,0,0,117.324,0,167.52,0,159.84
,,,,,,,,8329,0,0,0,0,105.576,0,150.78,0,144
,,,,,,,,8330,0,0,0,0,97.8,0,139.68,0,133.32
,,,,,,,,8331,0,0,0,0,94.02,0,134.28,0,128.16
,,,,,,,,8332,0,0,0,0,92.328,0,131.88,0,125.88
,,,,,,,,8333,0,0,0,0,92.328,0,131.88,0,125.88
,,,,,,,,8334,0,0,0,0,95.112,0,135.84,0,129.6
,,,,,,,,8335,0,0,0,0,104.196,0,148.74,0,142.08
,,,,,,,,8336,0,0,0,0,120.456,0,172.02,0,164.16
,,,,,,,,8337,0,0,0,0,128.94,0,184.14,0,175.68
,,,,,,,,8338,0,0,0,0,129.288,0,184.62,0,176.28
,,,,,,,,8339,0,0,0,0,127.812,0,182.52,0,174.24
,,,,,,,,8340,0,0,0,0,126.48,0,180.6,0,172.44
,,,,,,,,8341,0,0,0,0,124.68,0,178.02,0,170.04
,,,,,,,,8342,0,0,0,0,122.208,0,174.54,0,166.56
,,,,,,,,8343,0,0,0,0,120.528,0,172.14,0,164.28
,,,,,,,,8344,0,0,0,0,119.628,0,170.82,0,163.08
,,,,,,,,8345,0,0,0,0,120.972,0,172.74,0,164.88
,,,,,,,,8346,0,0,0,0,131.952,0,188.4,0,179.88
,,,,,,,,8347,0,0,0,0,139.728,0,199.56,0,190.44
,,,,,,,,8348,0,0,0,0,138.012,0,197.1,0,188.16
,,,,,,,,8349,0,0,0,0,134.64,0,192.3,0,183.6
,,,,,,,,8350,0,0,0,0,130.392,0,186.18,0,177.72
,,,,,,,,8351,0,0,0,0,124.2,0,177.36,0,169.32
,,,,,,,,8352,0,0,0,0,114.42,0,163.38,0,156
,,,,,,,,8353,0,0,0,0,103.632,0,147.96,0,141.24
,,,,,,,,8354,0,0,0,0,95.472,0,136.32,0,130.2
,,,,,,,,8355,0,0,0,0,90.696,0,129.48,0,123.6
,,,,,,,,8356,0,0,0,0,88.62,0,126.54,0,120.84
,,,,,,,,8357,0,0,0,0,87.948,0,125.58,0,119.88
,,,,,,,,8358,0,0,0,0,88.98,0,127.08,0,121.2
,,,,,,,,8359,0,0,0,0,92.76,0,132.48,0,126.48
,,,,,,,,8360,0,0,0,0,99.936,0,142.74,0,136.32
,,,,,,,,8361,0,0,0,0,107.244,0,153.12,0,146.16
,,,,,,,,8362,0,0,0,0,114.228,0,163.14,0,155.76
,,,,,,,,8363,0,0,0,0,117.756,0,168.12,0,160.56
,,,,,,,,8364,0,0,0,0,118.32,0,168.96,0,161.28
,,,,,,,,8365,0,0,0,0,117.036,0,167.1,0,159.48
,,,,,,,,8366,0,0,0,0,114.708,0,163.8,0,156.36
,,,,,,,,8367,0,0,0,0,112.416,0,160.5,0,153.24
,,,,,,,,8368,0,0,0,0,111.528,0,159.3,0,152.04
,,,,,,,,8369,0,0,0,0,113.472,0,162,0,154.68
,,,,,,,,8370,0,0,0,0,125.868,0,179.7,0,171.6
,,,,,,,,8371,0,0,0,0,134.268,0,191.7,0,183
,,,,,,,,8372,0,0,0,0,133.224,0,190.2,0,181.68
,,,,,,,,8373,0,0,0,0,129.996,0,185.64,0,177.24
,,,,,,,,8374,0,0,0,0,126.744,0,180.96,0,172.8
,,,,,,,,8375,0,0,0,0,121.38,0,173.34,0,165.48
,,,,,,,,8376,0,0,0,0,113.4,0,161.94,0,154.56
,,,,,,,,8377,0,0,0,0,103.848,0,148.26,0,141.6
,,,,,,,,8378,0,0,0,0,96.024,0,137.1,0,130.8
,,,,,,,,8379,0,0,0,0,91.248,0,130.32,0,124.32
,,,,,,,,8380,0,0,0,0,88.692,0,126.66,0,120.96
,,,,,,,,8381,0,0,0,0,87.576,0,125.04,0,119.28
,,,,,,,,8382,0,0,0,0,87.888,0,125.46,0,119.88
,,,,,,,,8383,0,0,0,0,90.18,0,128.76,0,123
,,,,,,,,8384,0,0,0,0,95.1,0,135.84,0,129.6
,,,,,,,,8385,0,0,0,0,101.364,0,144.72,0,138.12
,,,,,,,,8386,0,0,0,0,110.4,0,157.62,0,150.48
,,,,,,,,8387,0,0,0,0,117.684,0,168,0,160.44
,,,,,,,,8388,0,0,0,0,121.596,0,173.64,0,165.84
,,,,,,,,8389,0,0,0,0,123.948,0,177,0,168.96
,,,,,,,,8390,0,0,0,0,125.76,0,179.58,0,171.36
,,,,,,,,8391,0,0,0,0,126.348,0,180.42,0,172.2
,,,,,,,,8392,0,0,0,0,126.552,0,180.66,0,172.56
,,,,,,,,8393,0,0,0,0,129.336,0,184.68,0,176.28
,,,,,,,,8394,0,0,0,0,138.888,0,198.36,0,189.36
,,,,,,,,8395,0,0,0,0,143.712,0,205.2,0,195.96
,,,,,,,,8396,0,0,0,0,142.536,0,203.52,0,194.4
,,,,,,,,8397,0,0,0,0,138.612,0,197.94,0,189
,,,,,,,,8398,0,0,0,0,133.332,0,190.38,0,181.8
,,,,,,,,8399,0,0,0,0,125.844,0,179.7,0,171.48
,,,,,,,,8400,0,0,0,0,114.876,0,164.04,0,156.6
,,,,,,,,8401,0,0,0,0,103.788,0,148.2,0,141.48
,,,,,,,,8402,0,0,0,0,95.64,0,136.56,0,130.32
,,,,,,,,8403,0,0,0,0,90.912,0,129.84,0,123.96
,,,,,,,,8404,0,0,0,0,89.16,0,127.32,0,121.56
,,,,,,,,8405,0,0,0,0,88.944,0,127.02,0,121.2
,,,,,,,,8406,0,0,0,0,91.896,0,131.22,0,125.28
,,,,,,,,8407,0,0,0,0,100.536,0,143.58,0,137.04
,,,,,,,,8408,0,0,0,0,116.256,0,165.96,0,158.52
,,,,,,,,8409,0,0,0,0,127.128,0,181.5,0,173.28
,,,,,,,,8410,0,0,0,0,130.416,0,186.24,0,177.84
,,,,,,,,8411,0,0,0,0,131.7,0,188.1,0,179.52
,,,,,,,,8412,0,0,0,0,133.008,0,189.96,0,181.32
,,,,,,,,8413,0,0,0,0,133.212,0,190.2,0,181.68
,,,,,,,,8414,0,0,0,0,132.384,0,189,0,180.48
,,,,,,,,8415,0,0,0,0,131.856,0,188.28,0,179.76
,,,,,,,,8416,0,0,0,0,130.932,0,186.9,0,178.56
,,,,,,,,8417,0,0,0,0,132.684,0,189.48,0,180.96
,,,,,,,,8418,0,0,0,0,142.62,0,203.64,0,194.52
,,,,,,,,8419,0,0,0,0,148.296,0,211.8,0,202.2
,,,,,,,,8420,0,0,0,0,146.832,0,209.7,0,200.16
,,,,,,,,8421,0,0,0,0,143.148,0,204.36,0,195.12
,,,,,,,,8422,0,0,0,0,137.496,0,196.32,0,187.44
,,,,,,,,8423,0,0,0,0,127.92,0,182.7,0,174.48
,,,,,,,,8424,0,0,0,0,114.972,0,164.16,0,156.72
,,,,,,,,8425,0,0,0,0,102.612,0,146.52,0,139.92
,,,,,,,,8426,0,0,0,0,94.152,0,134.46,0,128.4
,,,,,,,,8427,0,0,0,0,89.988,0,128.52,0,122.64
,,,,,,,,8428,0,0,0,0,87.684,0,125.22,0,119.52
,,,,,,,,8429,0,0,0,0,87.24,0,124.56,0,118.92
,,,,,,,,8430,0,0,0,0,89.484,0,127.74,0,121.92
,,,,,,,,8431,0,0,0,0,97.884,0,139.74,0,133.44
,,,,,,,,8432,0,0,0,0,113.544,0,162.12,0,154.8
,,,,,,,,8433,0,0,0,0,123.588,0,176.46,0,168.48
,,,,,,,,8434,0,0,0,0,125.208,0,178.8,0,170.76
,,,,,,,,8435,0,0,0,0,125.784,0,179.64,0,171.48
,,,,,,,,8436,0,0,0,0,126.54,0,180.66,0,172.56
,,,,,,,,8437,0,0,0,0,126.312,0,180.36,0,172.2
,,,,,,,,8438,0,0,0,0,124.968,0,178.5,0,170.4
,,,,,,,,8439,0,0,0,0,124.392,0,177.6,0,169.68
,,,,,,,,8440,0,0,0,0,123.444,0,176.28,0,168.36
,,,,,,,,8441,0,0,0,0,124.968,0,178.44,0,170.28
,,,,,,,,8442,0,0,0,0,134.64,0,192.3,0,183.6
,,,,,,,,8443,0,0,0,0,141.78,0,202.44,0,193.32
,,,,,,,,8444,0,0,0,0,140.868,0,201.12,0,192
,,,,,,,,8445,0,0,0,0,137.628,0,196.56,0,187.68
,,,,,,,,8446,0,0,0,0,132.444,0,189.12,0,180.48
,,,,,,,,8447,0,0,0,0,123.696,0,176.64,0,168.6
,,,,,,,,8448,0,0,0,0,111.468,0,159.18,0,152.04
,,,,,,,,8449,0,0,0,0,99.444,0,142.02,0,135.6
,,,,,,,,8450,0,0,0,0,90.852,0,129.72,0,123.84
,,,,,,,,8451,0,0,0,0,86.568,0,123.6,0,118.08
,,,,,,,,8452,0,0,0,0,84.792,0,121.08,0,115.56
,,,,,,,,8453,0,0,0,0,84.768,0,121.08,0,115.56
,,,,,,,,8454,0,0,0,0,87.66,0,125.16,0,119.52
,,,,,,,,8455,0,0,0,0,96.48,0,137.76,0,131.52
,,,,,,,,8456,0,0,0,0,112.752,0,160.98,0,153.72
,,,,,,,,8457,0,0,0,0,122.256,0,174.6,0,166.68
,,,,,,,,8458,0,0,0,0,123.624,0,176.52,0,168.48
,,,,,,,,8459,0,0,0,0,123.84,0,176.82,0,168.84
,,,,,,,,8460,0,0,0,0,123.888,0,176.94,0,168.96
,,,,,,,,8461,0,0,0,0,123.276,0,176.04,0,168
,,,,,,,,8462,0,0,0,0,122.148,0,174.42,0,166.56
,,,,,,,,8463,0,0,0,0,122.292,0,174.6,0,166.68
,,,,,,,,8464,0,0,0,0,122.172,0,174.48,0,166.56
,,,,,,,,8465,0,0,0,0,123.852,0,176.88,0,168.84
,,,,,,,,8466,0,0,0,0,134.532,0,192.12,0,183.48
,,,,,,,,8467,0,0,0,0,143.1,0,204.36,0,195
,,,,,,,,8468,0,0,0,0,142.632,0,203.64,0,194.52
,,,,,,,,8469,0,0,0,0,139.704,0,199.5,0,190.44
,,,,,,,,8470,0,0,0,0,135.132,0,192.96,0,184.2
,,,,,,,,8471,0,0,0,0,126.864,0,181.2,0,172.92
,,,,,,,,8472,0,0,0,0,114.648,0,163.74,0,156.24
,,,,,,,,8473,0,0,0,0,102.336,0,146.1,0,139.44
,,,,,,,,8474,0,0,0,0,94.188,0,134.52,0,128.4
,,,,,,,,8475,0,0,0,0,89.712,0,128.1,0,122.28
,,,,,,,,8476,0,0,0,0,87.816,0,125.4,0,119.76
,,,,,,,,8477,0,0,0,0,87.828,0,125.4,0,119.76
,,,,,,,,8478,0,0,0,0,90.78,0,129.6,0,123.72
,,,,,,,,8479,0,0,0,0,100.032,0,142.8,0,136.32
,,,,,,,,8480,0,0,0,0,116.556,0,166.44,0,158.88
,,,,,,,,8481,0,0,0,0,125.076,0,178.62,0,170.52
,,,,,,,,8482,0,0,0,0,126.288,0,180.3,0,172.08
,,,,,,,,8483,0,0,0,0,125.844,0,179.7,0,171.48
,,,,,,,,8484,0,0,0,0,125.1,0,178.62,0,170.52
,,,,,,,,8485,0,0,0,0,123.792,0,176.76,0,168.84
,,,,,,,,8486,0,0,0,0,121.956,0,174.18,0,166.32
,,,,,,,,8487,0,0,0,0,121.716,0,173.82,0,165.96
,,,,,,,,8488,0,0,0,0,122.136,0,174.42,0,166.56
,,,,,,,,8489,0,0,0,0,124.86,0,178.26,0,170.16
,,,,,,,,8490,0,0,0,0,135.264,0,193.14,0,184.44
,,,,,,,,8491,0,0,0,0,142.668,0,203.76,0,194.52
,,,,,,,,8492,0,0,0,0,141.828,0,202.56,0,193.32
,,,,,,,,8493,0,0,0,0,139.128,0,198.66,0,189.6
,,,,,,,,8494,0,0,0,0,135.192,0,193.02,0,184.32
,,,,,,,,8495,0,0,0,0,127.092,0,181.5,0,173.28
,,,,,,,,8496,0,0,0,0,114.912,0,164.1,0,156.72
,,,,,,,,8497,0,0,0,0,103.02,0,147.12,0,140.52
,,,,,,,,8498,0,0,0,0,94.608,0,135.12,0,129
,,,,,,,,8499,0,0,0,0,89.844,0,128.28,0,122.4
,,,,,,,,8500,0,0,0,0,87.54,0,124.98,0,119.28
,,,,,,,,8501,0,0,0,0,87.504,0,124.98,0,119.28
,,,,,,,,8502,0,0,0,0,89.676,0,128.04,0,122.28
,,,,,,,,8503,0,0,0,0,97.632,0,139.44,0,133.08
,,,,,,,,8504,0,0,0,0,112.452,0,160.56,0,153.24
,,,,,,,,8505,0,0,0,0,123.24,0,175.98,0,168
,,,,,,,,8506,0,0,0,0,126.84,0,181.14,0,172.92
,,,,,,,,8507,0,0,0,0,128.616,0,183.66,0,175.32
,,,,,,,,8508,0,0,0,0,129.288,0,184.62,0,176.28
,,,,,,,,8509,0,0,0,0,128.784,0,183.9,0,175.56
,,,,,,,,8510,0,0,0,0,126.432,0,180.54,0,172.32
,,,,,,,,8511,0,0,0,0,124.62,0,177.96,0,169.92
,,,,,,,,8512,0,0,0,0,122.16,0,174.42,0,166.56
,,,,,,,,8513,0,0,0,0,121.524,0,173.52,0,165.72
,,,,,,,,8514,0,0,0,0,130.32,0,186.06,0,177.6
,,,,,,,,8515,0,0,0,0,136.74,0,195.3,0,186.48
,,,,,,,,8516,0,0,0,0,134.592,0,192.18,0,183.6
,,,,,,,,8517,0,0,0,0,130.836,0,186.84,0,178.32
,,,,,,,,8518,0,0,0,0,126.36,0,180.42,0,172.2
,,,,,,,,8519,0,0,0,0,120.048,0,171.42,0,163.68
,,,,,,,,8520,0,0,0,0,110.796,0,158.22,0,151.08
,,,,,,,,8521,0,0,0,0,100.128,0,142.98,0,136.44
,,,,,,,,8522,0,0,0,0,92.268,0,131.76,0,125.76
,,,,,,,,8523,0,0,0,0,87.576,0,125.04,0,119.28
,,,,,,,,8524,0,0,0,0,84.972,0,121.38,0,115.8
,,,,,,,,8525,0,0,0,0,84.252,0,120.3,0,114.84
,,,,,,,,8526,0,0,0,0,85.068,0,121.44,0,115.92
,,,,,,,,8527,0,0,0,0,88.044,0,125.7,0,120
,,,,,,,,8528,0,0,0,0,94.596,0,135.06,0,129
,,,,,,,,8529,0,0,0,0,102.06,0,145.74,0,139.2
,,,,,,,,8530,0,0,0,0,110.556,0,157.86,0,150.72
,,,,,,,,8531,0,0,0,0,116.136,0,165.84,0,158.28
,,,,,,,,8532,0,0,0,0,117.96,0,168.42,0,160.8
,,,,,,,,8533,0,0,0,0,118.38,0,169.08,0,161.4
,,,,,,,,8534,0,0,0,0,117.576,0,167.88,0,160.32
,,,,,,,,8535,0,0,0,0,116.664,0,166.56,0,159
,,,,,,,,8536,0,0,0,0,116.508,0,166.38,0,158.76
,,,,,,,,8537,0,0,0,0,118.5,0,169.2,0,161.52
,,,,,,,,8538,0,0,0,0,128.892,0,184.02,0,175.68
,,,,,,,,8539,0,0,0,0,137.136,0,195.84,0,186.96
,,,,,,,,8540,0,0,0,0,136.728,0,195.24,0,186.48
,,,,,,,,8541,0,0,0,0,133.848,0,191.1,0,182.52
,,,,,,,,8542,0,0,0,0,130.38,0,186.18,0,177.72
,,,,,,,,8543,0,0,0,0,125.316,0,178.92,0,170.88
,,,,,,,,8544,0,0,0,0,117.012,0,167.1,0,159.48
,,,,,,,,8545,0,0,0,0,107.16,0,153,0,146.04
,,,,,,,,8546,0,0,0,0,99.036,0,141.42,0,135
,,,,,,,,8547,0,0,0,0,93.864,0,134.04,0,127.92
,,,,,,,,8548,0,0,0,0,91.116,0,130.14,0,124.2
,,,,,,,,8549,0,0,0,0,89.844,0,128.28,0,122.4
,,,,,,,,8550,0,0,0,0,90.06,0,128.64,0,122.76
,,,,,,,,8551,0,0,0,0,92.508,0,132.12,0,126.12
,,,,,,,,8552,0,0,0,0,97.488,0,139.2,0,132.84
,,,,,,,,8553,0,0,0,0,102.864,0,146.88,0,140.16
,,,,,,,,8554,0,0,0,0,109.884,0,156.9,0,149.76
,,,,,,,,8555,0,0,0,0,114.468,0,163.5,0,156.12
,,,,,,,,8556,0,0,0,0,116.028,0,165.66,0,158.16
,,,,,,,,8557,0,0,0,0,117.036,0,167.1,0,159.48
,,,,,,,,8558,0,0,0,0,117.408,0,167.64,0,159.96
,,,,,,,,8559,0,0,0,0,116.616,0,166.5,0,159
,,,,,,,,8560,0,0,0,0,115.704,0,165.24,0,157.68
,,,,,,,,8561,0,0,0,0,116.436,0,166.26,0,158.64
,,,,,,,,8562,0,0,0,0,126.912,0,181.2,0,173.04
,,,,,,,,8563,0,0,0,0,135.768,0,193.86,0,185.16
,,,,,,,,8564,0,0,0,0,135.672,0,193.74,0,184.92
,,,,,,,,8565,0,0,0,0,133.188,0,190.2,0,181.56
,,,,,,,,8566,0,0,0,0,129.9,0,185.46,0,177.12
,,,,,,,,8567,0,0,0,0,123.744,0,176.7,0,168.72
,,,,,,,,8568,0,0,0,0,114.948,0,164.1,0,156.72
,,,,,,,,8569,0,0,0,0,104.556,0,149.28,0,142.44
,,,,,,,,8570,0,0,0,0,96.24,0,137.4,0,131.16
,,,,,,,,8571,0,0,0,0,91.428,0,130.56,0,124.68
,,,,,,,,8572,0,0,0,0,88.956,0,127.02,0,121.2
,,,,,,,,8573,0,0,0,0,88.5,0,126.36,0,120.6
,,,,,,,,8574,0,0,0,0,90.456,0,129.18,0,123.36
,,,,,,,,8575,0,0,0,0,95.748,0,136.74,0,130.56
,,,,,,,,8576,0,0,0,0,104.004,0,148.5,0,141.72
,,,,,,,,8577,0,0,0,0,111.324,0,158.94,0,151.8
,,,,,,,,8578,0,0,0,0,117.804,0,168.24,0,160.56
,,,,,,,,8579,0,0,0,0,121.416,0,173.4,0,165.48
,,,,,,,,8580,0,0,0,0,122.64,0,175.14,0,167.16
,,,,,,,,8581,0,0,0,0,122.052,0,174.3,0,166.44
,,,,,,,,8582,0,0,0,0,120.084,0,171.48,0,163.68
,,,,,,,,8583,0,0,0,0,118.5,0,169.2,0,161.64
,,,,,,,,8584,0,0,0,0,118.2,0,168.78,0,161.16
,,,,,,,,8585,0,0,0,0,119.376,0,170.46,0,162.72
,,,,,,,,8586,0,0,0,0,128.676,0,183.72,0,175.44
,,,,,,,,8587,0,0,0,0,133.752,0,190.98,0,182.28
,,,,,,,,8588,0,0,0,0,128.496,0,183.48,0,175.08
,,,,,,,,8589,0,0,0,0,123.252,0,175.98,0,168
,,,,,,,,8590,0,0,0,0,119.88,0,171.18,0,163.44
,,,,,,,,8591,0,0,0,0,116.7,0,166.62,0,159.12
,,,,,,,,8592,0,0,0,0,111.456,0,159.18,0,152.04
,,,,,,,,8593,0,0,0,0,104.028,0,148.5,0,141.72
,,,,,,,,8594,0,0,0,0,96.348,0,137.58,0,131.4
,,,,,,,,8595,0,0,0,0,90.828,0,129.66,0,123.84
,,,,,,,,8596,0,0,0,0,87.66,0,125.16,0,119.52
,,,,,,,,8597,0,0,0,0,86.772,0,123.9,0,118.2
,,,,,,,,8598,0,0,0,0,87.384,0,124.74,0,119.16
,,,,,,,,8599,0,0,0,0,90.192,0,128.76,0,123
,,,,,,,,8600,0,0,0,0,95.496,0,136.38,0,130.2
,,,,,,,,8601,0,0,0,0,102.336,0,146.1,0,139.44
,,,,,,,,8602,0,0,0,0,110.124,0,157.26,0,150.12
,,,,,,,,8603,0,0,0,0,115.656,0,165.12,0,157.68
,,,,,,,,8604,0,0,0,0,117.828,0,168.3,0,160.56
,,,,,,,,8605,0,0,0,0,118.728,0,169.5,0,161.88
,,,,,,,,8606,0,0,0,0,117.756,0,168.12,0,160.56
,,,,,,,,8607,0,0,0,0,114.792,0,163.92,0,156.48
,,,,,,,,8608,0,0,0,0,111.348,0,159,0,151.8
,,,,,,,,8609,0,0,0,0,110.244,0,157.44,0,150.24
,,,,,,,,8610,0,0,0,0,116.532,0,166.38,0,158.88
,,,,,,,,8611,0,0,0,0,121.788,0,173.94,0,165.96
,,,,,,,,8612,0,0,0,0,121.68,0,173.76,0,165.96
,,,,,,,,8613,0,0,0,0,121.104,0,172.92,0,165.12
,,,,,,,,8614,0,0,0,0,119.94,0,171.3,0,163.56
,,,,,,,,8615,0,0,0,0,116.196,0,165.9,0,158.4
,,,,,,,,8616,0,0,0,0,108.948,0,155.58,0,148.44
,,,,,,,,8617,0,0,0,0,100.776,0,143.94,0,137.4
,,,,,,,,8618,0,0,0,0,94.74,0,135.24,0,129.12
,,,,,,,,8619,0,0,0,0,91.452,0,130.62,0,124.68
,,,,,,,,8620,0,0,0,0,89.988,0,128.52,0,122.64
,,,,,,,,8621,0,0,0,0,90.432,0,129.12,0,123.24
,,,,,,,,8622,0,0,0,0,93.036,0,132.84,0,126.84
,,,,,,,,8623,0,0,0,0,99.756,0,142.44,0,135.96
,,,,,,,,8624,0,0,0,0,110.688,0,158.1,0,150.84
,,,,,,,,8625,0,0,0,0,119.088,0,170.04,0,162.36
,,,,,,,,8626,0,0,0,0,124.716,0,178.08,0,170.04
,,,,,,,,8627,0,0,0,0,128.256,0,183.12,0,174.84
,,,,,,,,8628,0,0,0,0,130.068,0,185.7,0,177.36
,,,,,,,,8629,0,0,0,0,130.668,0,186.6,0,178.08
,,,,,,,,8630,0,0,0,0,130.128,0,185.82,0,177.48
,,,,,,,,8631,0,0,0,0,129.816,0,185.4,0,176.88
,,,,,,,,8632,0,0,0,0,129.456,0,184.86,0,176.52
,,,,,,,,8633,0,0,0,0,131.4,0,187.62,0,179.16
,,,,,,,,8634,0,0,0,0,140.964,0,201.3,0,192.12
,,,,,,,,8635,0,0,0,0,146.712,0,209.46,0,200.04
,,,,,,,,8636,0,0,0,0,145.188,0,207.36,0,198
,,,,,,,,8637,0,0,0,0,141.312,0,201.78,0,192.6
,,,,,,,,8638,0,0,0,0,136.092,0,194.34,0,185.52
,,,,,,,,8639,0,0,0,0,127.788,0,182.46,0,174.24
,,,,,,,,8640,0,0,0,0,117.06,0,167.1,0,159.6
,,,,,,,,8641,0,0,0,0,106.236,0,151.74,0,144.84
,,,,,,,,8642,0,0,0,0,98.388,0,140.52,0,134.16
,,,,,,,,8643,0,0,0,0,94.068,0,134.34,0,128.28
,,,,,,,,8644,0,0,0,0,91.824,0,131.1,0,125.16
,,,,,,,,8645,0,0,0,0,90.432,0,129.12,0,123.24
,,,,,,,,8646,0,0,0,0,92.724,0,132.42,0,126.48
,,,,,,,,8647,0,0,0,0,98.76,0,141,0,134.64
,,,,,,,,8648,0,0,0,0,108.06,0,154.32,0,147.24
,,,,,,,,8649,0,0,0,0,116.844,0,166.8,0,159.36
,,,,,,,,8650,0,0,0,0,122.484,0,174.9,0,167.04
,,,,,,,,8651,0,0,0,0,127.62,0,182.22,0,174
,,,,,,,,8652,0,0,0,0,130.884,0,186.9,0,178.44
,,,,,,,,8653,0,0,0,0,132.324,0,189,0,180.48
,,,,,,,,8654,0,0,0,0,131.832,0,188.28,0,179.76
,,,,,,,,8655,0,0,0,0,131.004,0,187.08,0,178.68
,,,,,,,,8656,0,0,0,0,129.756,0,185.28,0,176.88
,,,,,,,,8657,0,0,0,0,130.668,0,186.6,0,178.08
,,,,,,,,8658,0,0,0,0,138.756,0,198.12,0,189.12
,,,,,,,,8659,0,0,0,0,145.608,0,207.96,0,198.6
,,,,,,,,8660,0,0,0,0,143.712,0,205.26,0,195.96
,,,,,,,,8661,0,0,0,0,139.476,0,199.2,0,190.2
,,,,,,,,8662,0,0,0,0,133.98,0,191.34,0,182.64
,,,,,,,,8663,0,0,0,0,125.772,0,179.58,0,171.36
,,,,,,,,8664,0,0,0,0,115.032,0,164.28,0,156.84
,,,,,,,,8665,0,0,0,0,104.808,0,149.64,0,142.92
,,,,,,,,8666,0,0,0,0,97.524,0,139.26,0,132.96
,,,,,,,,8667,0,0,0,0,93.72,0,133.86,0,127.8
,,,,,,,,8668,0,0,0,0,91.872,0,131.16,0,125.28
,,,,,,,,8669,0,0,0,0,91.68,0,130.92,0,124.92
,,,,,,,,8670,0,0,0,0,93.948,0,134.16,0,128.04
,,,,,,,,8671,0,0,0,0,100.5,0,143.52,0,136.92
,,,,,,,,8672,0,0,0,0,110.976,0,158.46,0,151.32
,,,,,,,,8673,0,0,0,0,118.836,0,169.68,0,162
,,,,,,,,8674,0,0,0,0,124.164,0,177.3,0,169.32
,,,,,,,,8675,0,0,0,0,127.188,0,181.62,0,173.4
,,,,,,,,8676,0,0,0,0,128.16,0,183,0,174.72
,,,,,,,,8677,0,0,0,0,127.356,0,181.86,0,173.64
,,,,,,,,8678,0,0,0,0,125.508,0,179.22,0,171.12
,,,,,,,,8679,0,0,0,0,123.948,0,177,0,168.96
,,,,,,,,8680,0,0,0,0,122.628,0,175.14,0,167.16
,,,,,,,,8681,0,0,0,0,122.976,0,175.62,0,167.64
,,,,,,,,8682,0,0,0,0,132.312,0,188.94,0,180.48
,,,,,,,,8683,0,0,0,0,141.564,0,202.14,0,192.96
,,,,,,,,8684,0,0,0,0,140.16,0,200.16,0,191.04
,,,,,,,,8685,0,0,0,0,136.344,0,194.7,0,185.88
,,,,,,,,8686,0,0,0,0,131.868,0,188.34,0,179.76
,,,,,,,,8687,0,0,0,0,125.028,0,178.5,0,170.4
,,,,,,,,8688,0,0,0,0,115.968,0,165.6,0,158.16
,,,,,,,,8689,0,0,0,0,106.128,0,151.56,0,144.72
,,,,,,,,8690,0,0,0,0,98.892,0,141.24,0,134.76
,,,,,,,,8691,0,0,0,0,94.56,0,135,0,129
,,,,,,,,8692,0,0,0,0,92.436,0,132,0,126
,,,,,,,,8693,0,0,0,0,91.38,0,130.5,0,124.56
,,,,,,,,8694,0,0,0,0,91.92,0,131.28,0,125.4
,,,,,,,,8695,0,0,0,0,95.004,0,135.66,0,129.6
,,,,,,,,8696,0,0,0,0,100.5,0,143.52,0,136.92
,,,,,,,,8697,0,0,0,0,106.62,0,152.28,0,145.44
,,,,,,,,8698,0,0,0,0,114.132,0,162.96,0,155.64
,,,,,,,,8699,0,0,0,0,120.06,0,171.42,0,163.68
,,,,,,,,8700,0,0,0,0,123.072,0,175.74,0,167.76
,,,,,,,,8701,0,0,0,0,123.588,0,176.46,0,168.48
,,,,,,,,8702,0,0,0,0,123.624,0,176.52,0,168.48
,,,,,,,,8703,0,0,0,0,123.324,0,176.1,0,168.12
,,,,,,,,8704,0,0,0,0,123.468,0,176.34,0,168.36
,,,,,,,,8705,0,0,0,0,125.88,0,179.7,0,171.6
,,,,,,,,8706,0,0,0,0,135.084,0,192.9,0,184.2
,,,,,,,,8707,0,0,0,0,141.24,0,201.66,0,192.6
,,,,,,,,8708,0,0,0,0,140.04,0,199.98,0,190.92
,,,,,,,,8709,0,0,0,0,135.732,0,193.86,0,185.04
,,,,,,,,8710,0,0,0,0,130.464,0,186.3,0,177.84
,,,,,,,,8711,0,0,0,0,123.636,0,176.58,0,168.48
,,,,,,,,8712,0,0,0,0,114.696,0,163.8,0,156.36
,,,,,,,,8713,0,0,0,0,105.444,0,150.54,0,143.76
,,,,,,,,8714,0,0,0,0,98.148,0,140.16,0,133.8
,,,,,,,,8715,0,0,0,0,93.456,0,133.44,0,127.44
,,,,,,,,8716,0,0,0,0,91.224,0,130.26,0,124.32
,,,,,,,,8717,0,0,0,0,90.24,0,128.88,0,123
,,,,,,,,8718,0,0,0,0,90.816,0,129.66,0,123.72
,,,,,,,,8719,0,0,0,0,93.396,0,133.38,0,127.32
,,,,,,,,8720,0,0,0,0,97.74,0,139.56,0,133.2
,,,,,,,,8721,0,0,0,0,102.18,0,145.92,0,139.32
,,,,,,,,8722,0,0,0,0,108.888,0,155.46,0,148.44
,,,,,,,,8723,0,0,0,0,114.66,0,163.74,0,156.24
,,,,,,,,8724,0,0,0,0,118.524,0,169.2,0,161.64
,,,,,,,,8725,0,0,0,0,120.984,0,172.8,0,164.88
,,,,,,,,8726,0,0,0,0,121.932,0,174.12,0,166.2
,,,,,,,,8727,0,0,0,0,121.02,0,172.8,0,165
,,,,,,,,8728,0,0,0,0,120.024,0,171.36,0,163.56
,,,,,,,,8729,0,0,0,0,121.032,0,172.8,0,165
,,,,,,,,8730,0,0,0,0,131.952,0,188.4,0,179.88
,,,,,,,,8731,0,0,0,0,141.804,0,202.5,0,193.32
,,,,,,,,8732,0,0,0,0,141.324,0,201.78,0,192.6
,,,,,,,,8733,0,0,0,0,137.832,0,196.86,0,187.92
,,,,,,,,8734,0,0,0,0,133.944,0,191.28,0,182.64
,,,,,,,,8735,0,0,0,0,127.236,0,181.68,0,173.4
,,,,,,,,8736,0,0,0,0,118.38,0,169.08,0,161.4
,,,,,,,,8737,0,0,0,0,109.08,0,155.76,0,148.68
,,,,,,,,8738,0,0,0,0,102.192,0,145.92,0,139.32
,,,,,,,,8739,0,0,0,0,98.328,0,140.4,0,134.04
,,,,,,,,8740,0,0,0,0,96.336,0,137.58,0,131.4
,,,,,,,,8741,0,0,0,0,96.024,0,137.1,0,130.8
,,,,,,,,8742,0,0,0,0,97.776,0,139.62,0,133.2
,,,,,,,,8743,0,0,0,0,103.068,0,147.18,0,140.52
,,,,,,,,8744,0,0,0,0,111.9,0,159.78,0,152.64
,,,,,,,,8745,0,0,0,0,118.848,0,169.74,0,162
,,,,,,,,8746,0,0,0,0,124.8,0,178.2,0,170.16
,,,,,,,,8747,0,0,0,0,129.252,0,184.56,0,176.28
,,,,,,,,8748,0,0,0,0,131.256,0,187.44,0,178.92
,,,,,,,,8749,0,0,0,0,130.884,0,186.9,0,178.44
,,,,,,,,8750,0,0,0,0,128.76,0,183.84,0,175.56
,,,,,,,,8751,0,0,0,0,126.6,0,180.78,0,172.68
,,,,,,,,8752,0,0,0,0,125.256,0,178.86,0,170.76
,,,,,,,,8753,0,0,0,0,125.628,0,179.4,0,171.24
,,,,,,,,8754,0,0,0,0,134.736,0,192.36,0,183.72
,,,,,,,,8755,0,0,0,0,142.896,0,204.06,0,194.88
,,,,,,,,8756,0,0,0,0,138.744,0,198.12,0,189.12
,,,,,,,,8757,0,0,0,0,119.076,0,227.82,0,160.68
,,,,,,,,8758,0,0,0,0,113.532,0,217.26,0,153.24
,,,,,,,,8759,0,0,0,0,108.216,0,207.12,0,146.04
,,,,,,,,8760,0,0,0,0,102.612,0,196.86,0,138.48
