Status,Solve,Objval
OPTIMAL,11.925999879837036,8926.93246192634
