Status,Solve,Objval
OPTIMAL,79.57200002670288,11959.68338616652
