Status,Solve,Objval
OPTIMAL,22.394999980926514,5311.304962888366
