Status,Solve,Objval
OPTIMAL,53.63800001144409,7.870033104371234e10
