Status,Solve,Objval
OPTIMAL,71.28500008583069,14946.994242689132
