Status,Solve,Objval
OPTIMAL,54.646000146865845,9207.581923170692
