Status,Solve,Objval
OPTIMAL,47.75999999046326,2.3097058797687557e10
