Status,Solve,Objval
OPTIMAL,71.42499995231628,28365.109377955407
