Status,Solve,Objval
OPTIMAL,1081.3220000267029,42257.66874021085
