Status,Solve,Objval
OPTIMAL,91.17400002479553,7.554902164727043e10
