Iteration_Number,Seconds,Upper_Bound,Lower_Bound,Relative_Gap
1,399.7279999256134,7.588289882770473e10,7.554902164727043e10,0.0044193448591979025
