Status,Solve,Objval
OPTIMAL,0.48199987411499023,32283.451688883408
