Status,Solve,Objval
OPTIMAL,86.44200015068054,6866.003070360364
