Status,Solve,Objval
OPTIMAL,21.520999908447266,45021.57773584427
