Status,Solve,Objval
OPTIMAL,2.388000011444092,53777.16484096313
