Status,Solve,Objval
OPTIMAL,5.999000072479248,49856.39201738807
