Status,Solve,Objval
OPTIMAL,6.341000080108643,6.644328256810501e10
