Status,Solve,Objval
OPTIMAL,0.12199997901916504,3.627234124873192e10
