Status,Solve,Objval
OPTIMAL,2.2120001316070557,53777.16484096313
