Time_Index,solar_pv,onshore_wind
1,0,0.889717042
2,0,0.877715468
3,0,0.903424203
4,0,0.895153165
5,0,0.757258117
6,0,0.630928695
7,0,0.557177782
8,0,0.6072492
9,0.1779,0.423417866
10,0.429,0.007470775
11,0.5748,0.002535942
12,0.6484,0.002153709
13,0.6208,0.00445132
14,0.596,0.007711587
15,0.5013,0.100848213
16,0.3311,0.201802149
17,0.0642,0.141933054
18,0,0.567022562
19,0,0.946024895
20,0,0.923394203
21,0,0.953386247
22,0,0.929205418
23,0,0.849528909
24,0,0.665570974
