Costs,TotalCosts_p1,TotalCosts_p2,TotalCosts_p3
cFix,2.4774773144699883e10,8.794505633968643e8,0.0
cVar,2.313026526271493e10,3.0762944730201703e6,0.0
cNSE,0.0,4.8861849214103036e7,2.314663307820934e9
cStart,0.0,0.0,0.0
cUnmetRsv,0.0,0.0,0.0
cNetworkExp,4.7940733401757693e8,0.0,0.0
