Iteration_Number,Seconds,Upper_Bound,Lower_Bound,Relative_Gap
1,39.0310001373291,61408.97004593398,60272.08642434886,0.018862523085410195
2,22.292999982833862,61408.97004593398,60525.87682709793,0.014590341604777627
3,29.05299997329712,61408.97004593398,60673.804760102605,0.012116683447463635
4,21.632999897003174,61408.97004593398,60884.81865383177,0.008608901261287162
