Iteration_Number,Seconds,Upper_Bound,Lower_Bound,Relative_Gap
1,92.70899987220764,2.295322829638614e10,2.2923953771913536e10,0.0012770277223499743
