Costs,Total,Zone1,Zone2,Zone3
cTotal,4.952799151394899e10,1.8829930072651155e9,6.846570385470322e8,3.5307979998198855e8
cFix,2.3856032459106984e9,1.6355779488398995e9,4.8599374841296977e8,2.6403154865782893e8
cVar,8.511087038650794e8,5.633971624068729e8,1.9866329013406247e8,8.904825132415968e7
cNSE,0.0,0.0,0.0,0.0
cStart,0.0,0.0,0.0,0.0
cUnmetRsv,0.0,-,-,-
cNetworkExp,0.0,-,-,-
