Status,Solve,Objval
OPTIMAL,12.023000001907349,2.8616888254326615e9
