Status,Solve,Objval
OPTIMAL,0.22600007057189941,49527.99151394899
