Status,Solve,Objval
OPTIMAL,25.47000002861023,2.3310746200898228e10
