Status,Solve,Objval,Objbound,FinalMIPGap
OPTIMAL,0.9219999313354492,24249.35304651668,24249.35304651668,0.0
