Status,Solve,Objval
OPTIMAL,90.72899985313416,13714.353761415989
