Status,Solve,Objval
OPTIMAL,79.77499985694885,1.133999204192447e10
