Iteration_Number,Seconds,Upper_Bound,Lower_Bound,Relative_Gap
1,1.0740001201629639,23452.098487426098,23433.114698621597,0.0008101265686894386
