Costs,Total,Zone1,Zone2,Zone3
cTotal,4.562071116907238e10,8.831232339050053e9,4.9624478699733215e10,1.4804794717902794e10
cFix,1.0752452669541771e11,1.1176036220482094e10,7.823554519043266e10,1.8112945284502953e10
cVar,1.4441503820621976e8,8.643647666833493e7,4.549012281613035e7,1.2488438721750911e7
cNSE,0.0,0.0,0.0,0.0
cStart,0.0,0.0,0.0,0.0
cUnmetRsv,0.0,-,-,-
cNetworkExp,1.3054445588229775e9,-,-,-
