Status,Solve,Objval
OPTIMAL,8.394000053405762,2.3146633078209367e9
