Status,Solve,Objval
OPTIMAL,11.861000061035156,45620.71116907238
