Status,Solve,Objval
OPTIMAL,2.6510000228881836,1.0482127458891602e10
