Iteration_Number,Seconds,Upper_Bound,Lower_Bound,Relative_Gap
1,30.677000045776367,67052.26978414223,66437.1646156902,0.009258450025827387
