Costs,Total,Zone1,Zone2,Zone3
cTotal,5.362675737192478e10,3.62279476726207e9,2.695416615890259e9,3.0688924627547755e9
cFix,6.955562355220237e9,1.9613728494244263e9,1.8751839596878533e9,3.119005546107959e9
cVar,2.583482713483868e9,1.7613128768855228e9,8.202326562024055e8,1.937180395844648e6
cNSE,0.0,0.0,0.0,0.0
cStart,0.0,0.0,0.0,0.0
cUnmetRsv,0.0,-,-,-
cNetworkExp,8.799978865719719e7,-,-,-
