Status,Solve,Objval
OPTIMAL,0.9119999408721924,2890.963349905248
