Status,Solve,Objval
OPTIMAL,0.16499996185302734,53626.75737192478
