Status,Solve,Objval
OPTIMAL,4.014999866485596,5.279767416016682e10
