Status,Solve,Objval
OPTIMAL,30.215999841690063,3.881169900670794e10
