Status,Solve,Objval
OPTIMAL,5.33899998664856,49856.39201738807
