Status,Solve,Objval
OPTIMAL,70.9190001487732,4.351081514742362e9
