Fuel,AnnualSum
NG,0.0
None,0.0
coal,279430.9899999998
blue_ammonia,5.84390155000001e8
