Status,Solve,Objval
OPTIMAL,0.04699993133544922,11726.137679490537
