Status,Solve,Objval
OPTIMAL,56.5479998588562,7142.895196640564
