Fuel,AnnualSum
NG,0.0
None,0.0
coal,279430.98999999976
blue_ammonia,5.843901550000006e8
