Status,Solve,Objval
OPTIMAL,0.031000137329101562,23432.765147585094
