Costs,Total,Zone1,Zone2,Zone3,Zone4,Zone5,Zone6,Zone7,Zone8,Zone9,Zone10,Zone11,Zone12,Zone13,Zone14,Zone15,Zone16,Zone17,Zone18
cTotal,4.269496936507531e10,4.883823859258363e8,1.6686802170978503e9,1.150391336621549e9,2.845278125399718e9,6.555823215897847e8,3.284044505245384e9,4.576372142380695e9,3.864345544826012e9,1.521083971014569e9,5.575118760700026e8,1.6617211653634536e9,4.908121660410664e9,3.123936904988474e8,9.511705408983606e8,2.0470101516950784e9,3.9079047057027187e9,2.9148345300830364e9,4.945898603298082e9
cFix,1.969401797526512e10,1.23960966e8,5.0520828284587187e8,3.9513100954128593e8,2.0006291781886666e9,2.64326658e8,1.407481948490347e9,1.6984752852531526e9,1.32905574734361e9,4.65895828e8,2.0315319e8,7.106671601446147e8,2.419562886519271e9,2.435219218507018e8,6.546961651535476e8,1.2990490671867146e9,2.383463672169251e9,1.842326552e9,1.7474124565780883e9
cVar,2.2566709498856766e10,3.644214199258363e8,1.1634719342519786e9,7.552603270802628e8,8.446489472110515e8,3.912556635897846e8,1.8765625567550375e9,2.877896857127543e9,2.5352897974824023e9,1.0551881430145689e9,3.5435868607000256e8,9.510540052188389e8,2.488558773891393e9,6.887176864814559e7,2.9647437574481297e8,7.479610845083637e8,1.5244410335334675e9,1.0725079780830364e9,3.1984861467199936e9
cNSE,0.0,0.0,0.0,0.0,0.0,0.0,0.0,0.0,0.0,0.0,0.0,0.0,0.0,0.0,0.0,0.0,0.0,0.0,0.0
cStart,4.3424189095344216e8,1.1281242215344192e7,4.252107268119721e6,3.354761719038876e6,4.6166396214404956e7,1.7562935623846157e6,4.196150299799055e7,4.1287358454946674e7,1.7587936855334662e7,1.867850776049544e7,6.074366969815634e6,4.4922923222116716e7,5.494728740209095e7,4.157641230507994e6,3.912503354868312e6,6.280834203226245e6,6.699087227413755e7,2.2208054652111117e7,3.84213005965078e7
cUnmetRsv,0.0,-,-,-,-,-,-,-,-,-,-,-,-,-,-,-,-,-,-
cNetworkExp,0.0,-,-,-,-,-,-,-,-,-,-,-,-,-,-,-,-,-,-
