Status,Solve,Objval
OPTIMAL,4484.9420001506805,4.269496936507531e10
