Status,Solve,Objval
OPTIMAL,102.78200006484985,1.862105561577579e10
