Status,Solve,Objval
OPTIMAL,43.34500002861023,16013.090171534424
