Iteration_Number,Seconds,Upper_Bound,Lower_Bound,Relative_Gap
1,355.32400012016296,7.900987730484607e10,7.870033104371234e10,0.003933226925840978
