Status,Solve,Objval
OPTIMAL,14.020999908447266,5.531225651963051e6
