Status,Solve,Objval
OPTIMAL,60.56699991226196,16013.09017153442
