Status,Solve,Objval
OPTIMAL,37.13199996948242,4.9856392017389404e10
