Fuel,AnnualSum
NG,0.0
None,0.0
coal,17856.230021017174
blue_ammonia,5.84401807303619e8
