Status,Solve,Objval
OPTIMAL,0.25300002098083496,4623.306120212421
