Time_Index,z1,z2,z3
1,10,12.2,7.33
2,10,12.2,6.33
3,10,10.6,3.33
4,10,10.6,2.33
5,10,10,1.33
6,10,9.7,-0.33
7,10,8.3,0.33
8,10,8.3,1
9,10,11.7,2.67
10,10,15,7
11,10,18.9,9
12,10,21.1,11.33
13,10,25,12.67
14,10,26.1,12.33
15,10,26.7,12.33
16,10,26.7,13
17,10,25.6,11.67
18,10,24.45,11
19,10,20.6,11
20,10,21.1,11
21,10,20,11
22,10,18.3,9.67
23,10,17.2,8
24,10,16.65,8
25,10,16.7,7.33
26,10,16.7,6.67
27,10,15.6,4
28,10,15.6,3.67
29,10,16.1,2.67
30,10,16.65,2
31,10,15,1.67
32,10,13.9,1
33,10,16.7,2
34,10,20,3
35,10,22.2,3.33
36,10,22.75,3.33
37,10,24.4,3.67
38,10,25.6,3
39,10,26.1,3
40,10,26.1,2.67
41,10,25,2
42,10,23.9,2
43,10,20,1.67
44,10,18.3,1
45,10,16.7,0.33
46,10,16.1,-0.67
47,10,16.7,-1
48,10,16.4,-1.33
49,10,15.6,-2
50,10,15,-2.33
51,10,14.4,-3
52,10,13.9,-3
53,10,12.8,-2.33
54,10,13.6,-2.33
55,10,13.9,-3
56,10,12.8,-3
57,10,15.6,-2.33
58,10,17.8,-2
59,10,20,-2
60,10,20.55,-1.67
61,10,21.7,-2
62,10,22.2,-3
63,10,22.8,-2
64,10,23.9,-3
65,10,23.3,-3.67
66,10,21.95,-4.33
67,10,18.3,-5.67
68,10,17.8,-6
69,10,16.1,-6
70,10,14.4,-6
71,10,13.9,-6.33
72,10,13.05,-8
73,10,11.7,-8.67
74,10,11.1,-9
75,10,11.7,-9
76,10,10.6,-9.67
77,10,10.6,-10.33
78,10,10,-10.67
79,10,10.6,-11
80,10,10,-9.33
81,10,11.7,-8.33
82,10,14.4,-6.67
83,10,18.3,-5.67
84,10,19.45,-4
85,10,21.7,-2.67
86,10,24.4,-2
87,10,26.1,-1.33
88,10,26.1,-1
89,10,26.1,-1
90,10,24.45,-1
91,10,19.4,-1
92,10,19.4,-1
93,10,17.8,-1
94,10,16.7,-1
95,10,15.6,-1.67
96,10,15,-2.33
97,10,12.2,-3
98,10,12.2,-3
99,10,12.8,-2
100,10,10,-2
101,10,12.2,-1.67
102,10,11.65,-1
103,10,12.2,-1
104,10,13.3,-1
105,10,15.6,3
106,10,16.7,4.67
107,10,18.9,5.67
108,10,19.75,6
109,10,21.7,7
110,10,23.3,7.67
111,10,24.4,8
112,10,25,8
113,10,23.3,7
114,10,21.95,5.33
115,10,18.3,2.67
116,10,19.4,1
117,10,16.1,0.33
118,10,13.9,-0.67
119,10,13.9,-1.67
120,10,13.05,-2
121,10,11.7,-1.33
122,10,10.6,-1
123,10,11.1,-0.33
124,10,10.6,-0.33
125,10,10,-0.33
126,10,10,-1
127,10,9.4,-0.33
128,10,8.9,-0.67
129,10,11.7,1
130,10,14.4,3.33
131,10,16.7,8
132,10,17.8,12.33
133,10,20,14.67
134,10,21.1,16.67
135,10,21.7,17.33
136,10,22.8,17.67
137,10,22.2,16
138,10,21.65,13
139,10,18.9,11.67
140,10,15.6,10.67
141,10,15.6,7.67
142,10,13.9,6.67
143,10,12.8,6.67
144,10,12.25,2.67
145,10,11.7,2
146,10,10.6,2
147,10,10,1.67
148,10,9.4,3
149,10,8.9,2.67
150,10,8.9,0.67
151,10,8.3,0
152,10,8.9,0
153,10,11.1,3
154,10,13.3,9
155,10,15.6,12.67
156,10,16.7,14.67
157,10,18.9,17.33
158,10,20,18.67
159,10,20.6,17.67
160,10,21.1,17.33
161,10,21.1,16
162,10,20.25,14
163,10,16.1,12.67
164,10,16.7,12
165,10,16.1,11
166,10,13.9,8.33
167,10,13.9,7.67
168,10,13.35,7
169,10,11.1,6.67
170,10,11.1,6.67
171,10,10.6,5.67
172,10,11.1,6
173,10,9.4,5.33
174,10,9.15,4.67
175,10,9.4,4.67
176,10,8.3,4.33
177,10,10,5.33
178,10,12.2,7.33
179,10,16.1,8
180,10,16.65,8.33
181,10,17.8,8.33
182,10,17.8,9
183,10,18.9,9
184,10,18.9,8.67
185,10,18.3,7.67
186,10,17.75,6.33
187,10,16.1,3.67
188,10,15,3
189,10,15,1
190,10,13.9,1.33
191,10,11.7,1.67
192,10,10.85,0.33
193,10,11.1,-0.33
194,10,10.6,0
195,10,8.9,-2
196,10,8.9,-3
197,10,8.3,-3
198,10,8.6,-2.67
199,10,8.9,-2.33
200,10,7.8,-1.67
201,10,10,-0.67
202,10,13.3,1
203,10,14.4,2
204,10,15.55,2.67
205,10,18.3,3
206,10,18.3,3.33
207,10,18.9,2.67
208,10,18.9,1.33
209,10,18.9,1
210,10,18.05,0.53
211,10,15.6,0.8
212,10,15,0.73
213,10,12.8,0.6
214,10,12.8,0.6
215,10,11.7,1
216,10,10.85,0.87
217,10,10,0.67
218,10,9.4,0
219,10,8.9,-0.8
220,10,8.3,-0.6
221,10,7.8,-0.85
222,10,7.25,-1.1
223,10,7.2,-2
224,10,7.2,-2
225,10,9.4,-1.85
226,10,12.2,-0.87
227,10,13.9,4.33
228,10,15,7.33
229,10,17.8,10
230,10,18.3,11.67
231,10,18.9,11.67
232,10,18.9,11.33
233,10,18.9,10.67
234,10,18.6,7.67
235,10,17.2,4.67
236,10,15.6,3.67
237,10,13.3,1.67
238,10,11.1,-0.33
239,10,11.1,-0.67
240,10,10.85,0.67
241,10,9.4,-1
242,10,8.9,-2
243,10,8.3,-2
244,10,8.9,-2.33
245,10,7.8,-3
246,10,7.5,-3
247,10,7.2,-2.33
248,10,8.3,-2.33
249,10,8.3,0
250,10,10.6,1.33
251,10,13.3,2.33
252,10,14.15,3
253,10,16.1,3.33
254,10,17.2,4
255,10,18.3,4.67
256,10,17.8,5
257,10,18.3,6
258,10,17.75,6
259,10,16.1,6.9
260,10,14.4,6.67
261,10,12.8,7
262,10,11.1,7
263,10,10.6,7
264,10,10.3,7
265,10,9.4,7
266,10,8.9,7
267,10,8.3,7
268,10,7.8,6.33
269,10,8.3,6
270,10,8.3,6
271,10,8.3,5.33
272,10,9.4,6
273,10,9.4,6.33
274,10,12.8,8
275,10,15.6,9
276,10,16.15,10.33
277,10,17.2,11.67
278,10,17.2,12.67
279,10,17.8,13.33
280,10,17.8,14
281,10,17.8,14
282,10,17.25,14
283,10,13.9,13
284,10,14.4,11.67
285,10,13.3,11.33
286,10,10.6,11
287,10,10,11
288,10,9.45,11
289,10,9.4,11
290,10,9.4,7.67
291,10,7.8,5.33
292,10,7.8,4
293,10,7.8,3
294,10,6.4,2.33
295,10,3.3,0
296,10,6.7,-1
297,10,8.9,-0.67
298,10,13.9,0.67
299,10,16.1,0.67
300,10,16.65,1.33
301,10,18.3,2
302,10,20,2.33
303,10,20.6,3
304,10,20.6,2.67
305,10,20.6,2
306,10,20.3,1.33
307,10,17.2,-0.33
308,10,15,-1.67
309,10,14.4,-2.33
310,10,11.1,-3
311,10,11.1,-3
312,10,10.85,-3
313,10,9.4,-2.33
314,10,9.4,-3
315,10,7.8,-3
316,10,7.2,-3
317,10,7.8,-3
318,10,8.6,-4
319,10,7.8,-4
320,10,10,-4.33
321,10,10.6,-2.33
322,10,15,-1
323,10,18.3,0.67
324,10,19.15,1.33
325,10,21.7,1
326,10,21.7,1.33
327,10,21.7,1.33
328,10,20.6,1
329,10,19.4,0.67
330,10,18.85,-1
331,10,17.8,-1.67
332,10,16.1,-2.33
333,10,14.4,-2
334,10,14.4,-2
335,10,15.6,-2
336,10,15,-2
337,10,13.9,-3
338,10,14.4,-2.67
339,10,13.9,-3
340,10,13.3,-3
341,10,12.2,-4
342,10,12.5,-4.33
343,10,12.2,-6
344,10,12.2,-5
345,10,12.8,-3.67
346,10,13.9,-2
347,10,15,-2
348,10,15.55,-1
349,10,16.7,-0.33
350,10,16.7,0.33
351,10,16.7,1
352,10,16.7,1
353,10,16.7,0
354,10,16.7,-1
355,10,16.1,-2.33
356,10,15.6,-3.67
357,10,15,-4
358,10,14.4,-4.67
359,10,14.4,-5
360,10,14.4,-5.67
361,10,13.9,-6.67
362,10,13.3,-7
363,10,12.2,-7.8
364,10,12.2,-8
365,10,12.2,-8
366,10,11.95,-8.33
367,10,11.7,-8.33
368,10,11.7,-8.33
369,10,12.2,-5.67
370,10,14.4,-2
371,10,16.1,-0.67
372,10,16.4,1.33
373,10,16.7,3
374,10,17.8,4
375,10,17.8,4.33
376,10,18.9,5.33
377,10,18.3,4.33
378,10,18.05,4
379,10,16.7,4
380,10,14.4,4
381,10,15,4
382,10,13.3,4
383,10,12.8,4
384,10,12.25,4
385,10,11.7,4.33
386,10,11.1,4
387,10,10,5.33
388,10,10,6
389,10,8.9,6
390,10,8.9,6
391,10,8.9,6
392,10,8.3,6
393,10,10,6
394,10,12.8,6
395,10,14.4,6.67
396,10,15.8,9
397,10,18.3,11
398,10,20,13.67
399,10,18.9,14.33
400,10,18.9,14
401,10,18.9,14
402,10,18.35,14
403,10,16.7,14
404,10,15.6,13.33
405,10,15.6,12.67
406,10,12.8,12.33
407,10,11.1,11.33
408,10,11.1,11.67
409,10,9.4,11.67
410,10,8.9,9
411,10,8.9,7.33
412,10,8.3,7
413,10,8.3,6
414,10,7.75,4.33
415,10,6.7,3
416,10,7.2,2.67
417,10,10,3.33
418,10,12.2,4
419,10,14.4,4
420,10,15.25,3.67
421,10,16.7,4
422,10,17.2,4
423,10,18.3,3.9
424,10,18.9,2.8
425,10,18.9,1.7
426,10,18.6,0.6
427,10,16.1,-0.6
428,10,15.6,-0.6
429,10,13.9,-1.1
430,10,12.8,-2.2
431,10,11.1,-3.3
432,10,10.55,-5.6
433,10,9.4,-6.1
434,10,8.9,-6.4
435,10,7.8,-7.8
436,10,7.8,-6.7
437,10,7.8,-7.2
438,10,7.8,-7.8
439,10,6.7,-8.3
440,10,6.7,-8.3
441,10,9.4,-5.6
442,10,12.2,-2.8
443,10,15.6,-0.6
444,10,16.4,0.6
445,10,18.3,1.7
446,10,19.4,2.25
447,10,20.6,3.3
448,10,20.6,3.3
449,10,20.6,3.3
450,10,20,3.3
451,10,18.9,2.8
452,10,16.1,2.8
453,10,15,2.8
454,10,13.3,2.8
455,10,11.7,2.8
456,10,11.15,-1.1
457,10,10,-1.7
458,10,10,-1.95
459,10,9.4,-3.3
460,10,7.8,1.1
461,10,7.8,1.1
462,10,7.25,0.6
463,10,6.1,0
464,10,6.7,-0.3
465,10,8.3,-1.7
466,10,11.7,-2.2
467,10,13.9,-1.7
468,10,15,-0.6
469,10,17.8,-0.6
470,10,20,-0.6
471,10,21.1,-1.1
472,10,21.1,-0.6
473,10,21.1,-0.6
474,10,20.85,-1.1
475,10,19.4,-1.1
476,10,16.7,-1.1
477,10,15,-0.6
478,10,13.9,-0.6
479,10,12.2,-2.46
480,10,11.95,-3.08
481,10,11.1,-3.1
482,10,10.6,-3.03
483,10,10,-2.6
484,10,9.4,-2.2
485,10,9.4,-2.1
486,10,9.15,-1.85
487,10,8.9,-1.7
488,10,9.4,-1.7
489,10,10,-1.85
490,10,10.6,-1.27
491,10,12.8,-1.03
492,10,14.2,-1.85
493,10,15,-1.9
494,10,16.7,-1.55
495,10,20,-1.03
496,10,21.7,-0.8
497,10,21.1,-0.6
498,10,20.55,-0.8
499,10,19.4,-0.6
500,10,17.8,-0.9
501,10,18.3,-0.8
502,10,17.8,-0.6
503,10,16.7,-0.6
504,10,15.3,-1.1
505,10,13.3,-1.1
506,10,11.7,-1.4
507,10,11.1,-1.7
508,10,10.6,-1.7
509,10,10,-1.7
510,10,9.7,-2.2
511,10,8.3,-2.2
512,10,7.8,-2.2
513,10,8.9,-1.85
514,10,11.1,-1.1
515,10,13.3,-1.1
516,10,14.45,-1.02
517,10,15,-1.05
518,10,15.6,-0.85
519,10,16.1,-0.6
520,10,16.7,-1.05
521,10,16.7,-1.03
522,10,16.4,-0.6
523,10,15.6,-1.05
524,10,14.4,-1.1
525,10,13.3,-1.1
526,10,11.1,-1.1
527,10,10,-0.9
528,10,9.7,-1.05
529,10,8.3,-1.05
530,10,7.8,-1.07
531,10,6.7,-1.03
532,10,6.7,-1.1
533,10,6.7,-1.1
534,10,6.7,-0.8
535,10,5.6,-0.6
536,10,6.7,-0.3
537,10,7.8,0
538,10,10.6,0.28
539,10,13.3,0.55
540,10,13.85,0.82
541,10,15,1.1
542,10,16.1,1.77
543,10,16.7,2.2
544,10,16.7,2.8
545,10,16.7,2.9
546,10,16.4,3.3
547,10,16.1,3.95
548,10,15.6,4.3
549,10,15,5.3
550,10,15,5.8
551,10,13.9,6.1
552,10,13.35,6.1
553,10,12.2,6.1
554,10,11.7,6.1
555,10,11.7,6.1
556,10,10.6,6.05
557,10,10,5.6
558,10,9.15,5.33
559,10,8.3,4.87
560,10,7.8,4.4
561,10,10,4.7
562,10,11.7,5
563,10,13.3,6.05
564,10,14.45,9.4
565,10,16.7,8.9
566,10,18.9,10
567,10,18.3,12.8
568,10,19.4,13.3
569,10,19.4,11.1
570,10,19.15,8.3
571,10,18.3,5
572,10,17.2,4.15
573,10,16.1,2.8
574,10,16.1,6.7
575,10,14.4,2.2
576,10,14.4,6.1
577,10,13.9,5
578,10,11.7,3.35
579,10,10,1.7
580,10,10,3.3
581,10,10,3.9
582,10,9.45,2.2
583,10,8.9,1.7
584,10,7.8,1.95
585,10,10,3.3
586,10,12.8,5
587,10,15.6,4.5
588,10,16.7,5.67
589,10,17.8,7
590,10,19.4,7.33
591,10,20.6,7.67
592,10,20.6,8.33
593,10,20.6,8
594,10,20.3,7.67
595,10,18.9,7
596,10,16.7,6.33
597,10,15.6,5
598,10,13.9,4.67
599,10,12.8,4
600,10,12.25,4
601,10,10,4
602,10,10,4
603,10,10,4
604,10,8.9,3.33
605,10,8.3,3
606,10,8.05,3.33
607,10,7.2,3
608,10,8.3,3
609,10,10.6,3
610,10,13.3,4
611,10,16.1,5
612,10,16.95,5
613,10,18.9,6
614,10,20,6.67
615,10,21.7,7.33
616,10,22.2,8
617,10,22.8,6.33
618,10,22.25,5.33
619,10,19.4,8.95
620,10,17.8,8.35
621,10,15.6,7.2
622,10,15,6.7
623,10,13.3,6.7
624,10,13.05,6.9
625,10,11.7,7.1
626,10,11.1,7.2
627,10,10,14.2
628,10,10,15
629,10,9.4,7
630,10,9.15,7
631,10,9.4,16.52
632,10,10,15.85
633,10,11.7,15
634,10,13.9,12
635,10,16.7,15.67
636,10,16.95,15.67
637,10,17.8,14.33
638,10,18.9,12.67
639,10,20,11
640,10,20.6,10.67
641,10,20,8.67
642,10,19.45,7.33
643,10,18.3,6.67
644,10,18.3,6
645,10,18.3,6.33
646,10,14.4,5.33
647,10,15,5
648,10,13.6,4.33
649,10,12.2,3
650,10,11.7,1.33
651,10,11.1,0.67
652,10,10,0.67
653,10,10.6,0
654,10,10.3,0
655,10,8.9,-0.33
656,10,8.3,-0.67
657,10,10.6,0.33
658,10,14.4,3.33
659,10,17.2,6
660,10,18.05,7
661,10,21.1,8.33
662,10,23.3,10
663,10,23.9,11.33
664,10,24.4,12
665,10,24.4,11
666,10,23.85,9.33
667,10,20.6,7.33
668,10,19.4,6
669,10,19.4,5
670,10,18.9,4.67
671,10,17.2,3.67
672,10,16.95,3
673,10,13.3,2
674,10,12.2,1
675,10,12.2,0.33
676,10,11.7,0.67
677,10,10.6,1
678,10,10,1
679,10,10,1
680,10,8.3,0
681,10,12.2,1.67
682,10,16.1,3.33
683,10,20,4.67
684,10,20.55,5
685,10,22.8,6
686,10,23.3,7
687,10,25,8
688,10,25,8
689,10,25.6,7.33
690,10,24.75,6.33
691,10,22.8,5
692,10,18.9,4.33
693,10,17.2,5
694,10,16.7,4.67
695,10,15,1.33
696,10,14.45,1
697,10,11.7,0.67
698,10,11.1,0
699,10,11.1,0
700,10,10,0
701,10,10,0
702,10,10,-1
703,10,10,-1
704,10,10,-1
705,10,13.3,0
706,10,16.1,0.33
707,10,18.3,1.67
708,10,18.85,3
709,10,20.6,4.67
710,10,21.1,5.67
711,10,22.2,7
712,10,22.8,7
713,10,22.8,7
714,10,22.5,6.33
715,10,21.7,5
716,10,18.3,4.33
717,10,16.7,4
718,10,15.6,3
719,10,14.4,3
720,10,14.15,3.67
721,10,13.3,4
722,10,12.8,3
723,10,12.2,2
724,10,11.1,2
725,10,11.1,1.33
726,10,10.85,0.67
727,10,10.6,-0.33
728,10,10.6,1
729,10,12.8,3.33
730,10,15.6,6
731,10,17.2,9.33
732,10,18.3,13.67
733,10,21.1,16
734,10,22.2,17.33
735,10,22.8,18
736,10,22.8,17.67
737,10,22.8,17
738,10,22.25,15.33
739,10,19.4,13.5
740,10,17.8,12.33
741,10,16.7,11
742,10,14.4,10.67
743,10,15,10
744,10,13.6,11
745,10,12.2,10.33
746,10,11.7,8
747,10,11.7,9
748,10,11.1,8.33
749,10,10,8
750,10,10.3,7.67
751,10,9.4,7
752,10,10,7.33
753,10,12.8,7.67
754,10,15,10.33
755,10,16.7,16
756,10,17.5,17
757,10,19.4,17
758,10,21.1,18.33
759,10,23.9,17.33
760,10,22.2,17.33
761,10,22.2,16
762,10,22.2,14.33
763,10,19.4,13
764,10,17.8,11.67
765,10,15.6,12
766,10,14.4,10.67
767,10,15.6,11
768,10,14.2,10.33
769,10,11.7,9.67
770,10,10.6,8.67
771,10,9.4,9.33
772,10,8.9,8.67
773,10,8.3,9
774,10,8.3,8.33
775,10,7.8,7.67
776,10,7.8,7.67
777,10,9.4,7.67
778,10,12.2,7
779,10,15,7
780,10,15.85,9.67
781,10,17.8,11
782,10,19.4,12
783,10,19.4,11.67
784,10,19.5,11
785,10,18.9,9
786,10,18.9,8
787,10,18.3,7.33
788,10,16.85,6
789,10,15.6,5.67
790,10,15,5
791,10,12.2,4.67
792,10,12.75,4
793,10,11.7,3
794,10,11.7,2
795,10,9.4,1.67
796,10,9.4,1.33
797,10,8.3,2
798,10,8.3,1
799,10,7.2,0.33
800,10,7.2,0.33
801,10,10,2.33
802,10,12.2,3.67
803,10,14.4,5
804,10,15,6
805,10,16.7,7
806,10,17.2,8
807,10,17.8,8
808,10,18.9,8
809,10,18.3,8
810,10,18.3,7.33
811,10,17.2,5.67
812,10,15,1.67
813,10,15,1.33
814,10,14.4,0
815,10,12.2,-0.33
816,10,11.65,-0.33
817,10,11.7,-0.67
818,10,11.7,-1.33
819,10,9.4,-2
820,10,8.3,-2
821,10,8.3,-1.67
822,10,8.6,-0.67
823,10,7.8,0
824,10,7.8,0
825,10,10.6,0.67
826,10,13.3,1.67
827,10,15.6,2.67
828,10,16.4,3.33
829,10,18.9,4.67
830,10,19.4,5
831,10,19.4,5
832,10,20,3.33
833,10,20.6,1.67
834,10,19.75,2.6
835,10,17.8,1.85
836,10,15,1.27
837,10,15,1.1
838,10,13.3,1.7
839,10,15,1.85
840,10,13.6,1.85
841,10,10,1.7
842,10,9.4,1.7
843,10,9.4,1.7
844,10,8.3,1
845,10,7.2,1.7
846,10,7.5,1
847,10,7.2,1.7
848,10,7.2,1.95
849,10,9.4,2.2
850,10,12.2,2.8
851,10,16.7,1.67
852,10,17.5,2
853,10,18.9,2
854,10,21.1,2.33
855,10,21.7,4.33
856,10,21.1,5
857,10,21.1,4.33
858,10,20.55,2.33
859,10,18.9,1
860,10,16.1,-0.33
861,10,15,-0.33
862,10,15,0
863,10,14.4,-0.67
864,10,14.15,-1.33
865,10,12.2,-1.67
866,10,10.6,-3.6
867,10,10,-3.3
868,10,10.6,-2.67
869,10,8.9,-5
870,10,8.9,-4.4
871,10,8.3,-4
872,10,8.9,-3.85
873,10,11.1,-0.67
874,10,13.9,2.33
875,10,15.6,6
876,10,16.15,7.67
877,10,17.8,9
878,10,18.9,10
879,10,19.4,11
880,10,19.4,11
881,10,19.4,10.33
882,10,19.15,8
883,10,18.3,6.33
884,10,16.7,4.67
885,10,16.7,1.33
886,10,15.6,4
887,10,13.3,0.67
888,10,12.75,0
889,10,11.7,2.33
890,10,11.7,3
891,10,12.2,6
892,10,12.2,5
893,10,10.6,5
894,10,11.95,4
895,10,13.3,4
896,10,13.9,4.67
897,10,14.4,6.33
898,10,16.7,7.33
899,10,17.8,8.33
900,10,18.35,9.67
901,10,21.1,10.67
902,10,22.2,11
903,10,22.8,11
904,10,22.8,11
905,10,22.8,11
906,10,22.5,10
907,10,21.1,8.33
908,10,20.6,6.33
909,10,19.4,5.67
910,10,18.3,4.67
911,10,17.2,3.33
912,10,17.5,2.33
913,10,17.8,0.33
914,10,16.7,0
915,10,15.6,-0.33
916,10,14.4,-0.33
917,10,14.4,-0.33
918,10,14.7,0
919,10,13.3,0
920,10,12.8,0
921,10,15.6,1
922,10,18.3,1.67
923,10,19.4,2
924,10,20.25,2
925,10,21.7,2
926,10,22.2,1.33
927,10,22.8,0.67
928,10,22.8,1.9
929,10,22.8,1.05
930,10,22.5,0.6
931,10,21.1,1.05
932,10,19.4,1.05
933,10,18.3,0.6
934,10,17.8,0.8
935,10,17.2,0.8
936,10,17.2,0.6
937,10,16.7,0
938,10,15.6,0.55
939,10,14.4,0
940,10,12.2,0
941,10,12.8,-1
942,10,12.25,-0.67
943,10,12.2,-1.33
944,10,12.2,-1.33
945,10,15,-0.33
946,10,17.2,0.67
947,10,18.3,1.67
948,10,19.45,2.67
949,10,22.2,4.33
950,10,23.9,5.67
951,10,24.4,6
952,10,24.4,6
953,10,24.4,6
954,10,24.15,5
955,10,22.8,2.33
956,10,20.6,1
957,10,20.6,0.33
958,10,19.4,0
959,10,16.7,0
960,10,16.15,0
961,10,15,0.33
962,10,13.3,-0.67
963,10,13.3,-0.33
964,10,13.3,0
965,10,12.2,0
966,10,11.95,-0.33
967,10,11.7,-1.67
968,10,11.7,-1.67
969,10,13.9,-0.33
970,10,17.8,1.33
971,10,20.6,2.67
972,10,21.7,4.67
973,10,23.3,5
974,10,26.1,5.33
975,10,25,6
976,10,25,6
977,10,25,5
978,10,25,4
979,10,23.3,3
980,10,21.1,2
981,10,18.9,2
982,10,17.8,2
983,10,16.1,1.33
984,10,16.1,0.67
985,10,14.4,1.9
986,10,13.9,1.08
987,10,13.9,0.8
988,10,12.2,0.8
989,10,11.7,0.9
990,10,11.7,0.8
991,10,12.2,0.6
992,10,12.2,0.8
993,10,15,1.05
994,10,17.2,1.05
995,10,19.4,2.07
996,10,20.8,2.6
997,10,23.9,2.33
998,10,25,3
999,10,26.1,0.67
1000,10,26.1,1.33
1001,10,26.1,-0.33
1002,10,25.55,-1.33
1003,10,22.2,-2.33
1004,10,21.7,-3
1005,10,20,-3.67
1006,10,20,-4.33
1007,10,18.9,-5.33
1008,10,18.6,-6
1009,10,17.8,-5
1010,10,18.3,-5.67
1011,10,16.1,-5.33
1012,10,16.1,-6
1013,10,14.4,-6
1014,10,13.85,-6
1015,10,12.2,-6.67
1016,10,12.2,-6
1017,10,13.3,-5.33
1018,10,13.3,-4.33
1019,10,15,-3
1020,10,15.55,-2.33
1021,10,17.2,-2.67
1022,10,18.3,-1.67
1023,10,19.4,-1.67
1024,10,18.9,-1.33
1025,10,19.4,-1.33
1026,10,18.85,-2.33
1027,10,17.8,-3
1028,10,16.7,-3
1029,10,15.6,-3
1030,10,15.6,-3
1031,10,15,-3
1032,10,14.45,-3
1033,10,13.3,-3
1034,10,11.7,-3
1035,10,11.1,-3
1036,10,10.6,-2.67
1037,10,10,-2
1038,10,9.7,-2
1039,10,8.9,-2
1040,10,9.4,-1.67
1041,10,11.7,0
1042,10,13.3,1.33
1043,10,15,2.67
1044,10,15.85,4.67
1045,10,18.3,6
1046,10,18.3,7.33
1047,10,18.3,8
1048,10,18.9,8
1049,10,18.9,7.33
1050,10,18.6,5.67
1051,10,18.3,4.67
1052,10,18.3,2
1053,10,16.7,0.33
1054,10,16.1,0
1055,10,15.6,-0.67
1056,10,15.6,-0.33
1057,10,13.9,-0.33
1058,10,14.4,0
1059,10,13.9,0.33
1060,10,13.9,0
1061,10,13.3,0.33
1062,10,13.05,0
1063,10,11.7,0
1064,10,12.2,0
1065,10,11.1,1.67
1066,10,11.1,2.67
1067,10,11.7,5.67
1068,10,11.95,7
1069,10,15,9
1070,10,15.6,10.67
1071,10,15,10.67
1072,10,14.4,10.33
1073,10,13.95,9.33
1074,10,13.05,8.67
1075,10,11.7,8
1076,10,11.1,8
1077,10,11.1,6.67
1078,10,9.4,5.67
1079,10,8.9,5
1080,10,8.6,4.67
1081,10,7.8,4.67
1082,10,7.8,4
1083,10,7.2,4.33
1084,10,6.7,4.67
1085,10,6.1,5.33
1086,10,5.85,5.67
1087,10,6.1,4.67
1088,10,6.7,4
1089,10,8.3,6
1090,10,10.6,6.67
1091,10,13.3,7.67
1092,10,13.85,8
1093,10,16.1,9.33
1094,10,17.2,10
1095,10,17.8,10.67
1096,10,16.7,10
1097,10,17.2,10
1098,10,16.95,9.33
1099,10,15.6,7.33
1100,10,15,4.67
1101,10,13.3,2.67
1102,10,13.3,1.33
1103,10,11.1,2
1104,10,11.1,1.33
1105,10,10.6,1.67
1106,10,9.4,1.67
1107,10,10,2
1108,10,8.3,2
1109,10,8.3,2
1110,10,7.75,2
1111,10,7.2,3
1112,10,7.8,3
1113,10,10,4.67
1114,10,12.8,5
1115,10,15.6,5
1116,10,16.4,6.7
1117,10,18.9,6.7
1118,10,18.3,6.95
1119,10,19.4,7.2
1120,10,20,7.2
1121,10,18.9,7.2
1122,10,19.15,6.7
1123,10,18.3,6
1124,10,17.8,6.4
1125,10,16.7,5.8
1126,10,15.6,6.1
1127,10,14.4,5.6
1128,10,13.85,5.8
1129,10,12.8,6.1
1130,10,12.2,6.4
1131,10,11.7,5
1132,10,11.1,3.98
1133,10,10.6,7.33
1134,10,10,7.33
1135,10,10,6
1136,10,9.4,5
1137,10,11.7,6
1138,10,12.8,6.67
1139,10,15,7.67
1140,10,16.1,8
1141,10,17.8,8.67
1142,10,19.4,10
1143,10,18.9,10
1144,10,20,10.67
1145,10,20,10.33
1146,10,19.7,9
1147,10,17.8,7.33
1148,10,17.2,6.67
1149,10,16.1,5
1150,10,15.6,4
1151,10,13.3,4
1152,10,13.05,2
1153,10,11.7,1.33
1154,10,10.6,1.67
1155,10,10,1.67
1156,10,10,1.67
1157,10,8.9,0.33
1158,10,8.6,-1
1159,10,7.2,-1.67
1160,10,7.8,-1.33
1161,10,10.6,1
1162,10,12.2,5.67
1163,10,15,7.67
1164,10,15.55,10.67
1165,10,18.3,12
1166,10,19.4,13
1167,10,20.6,13.33
1168,10,20,14
1169,10,20,13.67
1170,10,19.7,12.33
1171,10,18.9,11.33
1172,10,17.8,10.33
1173,10,17.2,8.33
1174,10,15,6.67
1175,10,13.9,5.33
1176,10,13.05,4.67
1177,10,12.2,3.33
1178,10,11.7,2.33
1179,10,11.1,2
1180,10,10,1.67
1181,10,10,1
1182,10,9.45,1
1183,10,8.3,1
1184,10,10,1
1185,10,10.6,1
1186,10,12.2,2
1187,10,13.9,3
1188,10,14.75,3
1189,10,16.7,4
1190,10,18.3,5
1191,10,18.9,5
1192,10,18.9,5
1193,10,18.9,5
1194,10,18.9,4.67
1195,10,17.8,4
1196,10,16.7,4
1197,10,16.7,3.33
1198,10,14.4,3
1199,10,14.4,3
1200,10,14.7,3
1201,10,13.9,2.67
1202,10,12.8,2
1203,10,10,1.67
1204,10,11.1,1
1205,10,10,0.67
1206,10,9.15,0
1207,10,8.9,0
1208,10,9.4,0
1209,10,11.1,0.33
1210,10,14.4,1.33
1211,10,15,2.33
1212,10,15.85,3.67
1213,10,18.3,5.33
1214,10,18.3,6
1215,10,20,7
1216,10,19.4,7.67
1217,10,20.6,7.33
1218,10,20,6.33
1219,10,18.3,4.67
1220,10,17.2,3
1221,10,16.1,0.67
1222,10,13.9,0
1223,10,12.2,-1.33
1224,10,11.95,-1.33
1225,10,11.1,-2.33
1226,10,10,-3
1227,10,10,-3
1228,10,8.9,-3.33
1229,10,8.3,-4
1230,10,7.75,-4.67
1231,10,8.3,-4.67
1232,10,8.9,-3
1233,10,11.7,0
1234,10,15.6,2.33
1235,10,17.2,3.67
1236,10,18.3,5.33
1237,10,20.6,5.33
1238,10,21.7,7
1239,10,22.2,7.67
1240,10,22.8,8.67
1241,10,23.3,8.67
1242,10,23.05,7.67
1243,10,21.7,7
1244,10,17.8,7
1245,10,17.8,7
1246,10,15.6,7
1247,10,13.9,6.33
1248,10,14.15,5.33
1249,10,12.8,5
1250,10,11.7,4.67
1251,10,11.1,3.33
1252,10,10.6,2.33
1253,10,9.4,2.33
1254,10,9.15,1.67
1255,10,8.9,1.67
1256,10,10,1.33
1257,10,12.8,4.67
1258,10,16.1,7
1259,10,18.3,9.67
1260,10,19.15,12
1261,10,20.6,13.67
1262,10,21.7,15.33
1263,10,23.3,16
1264,10,24.4,15.33
1265,10,23.9,15
1266,10,23.9,14.67
1267,10,22.8,13.67
1268,10,19.4,13.67
1269,10,18.3,13.33
1270,10,17.2,13.33
1271,10,16.7,11.67
1272,10,16.15,11
1273,10,13.9,11
1274,10,13.3,11
1275,10,12.2,10.33
1276,10,11.1,9
1277,10,11.1,7.33
1278,10,10.55,6
1279,10,10,6.7
1280,10,10.6,7.25
1281,10,13.9,9
1282,10,17.2,12.33
1283,10,19.4,14
1284,10,20.55,15
1285,10,23.3,15.33
1286,10,23.9,16.33
1287,10,25,17
1288,10,25,16.67
1289,10,25,16
1290,10,25,15.33
1291,10,23.9,13.33
1292,10,21.7,11.67
1293,10,20,12
1294,10,17.8,12
1295,10,16.7,12
1296,10,16.7,12
1297,10,15,12
1298,10,14.4,12
1299,10,13.9,8.67
1300,10,13.3,6
1301,10,13.3,5.67
1302,10,12.5,7.2
1303,10,10.6,6.7
1304,10,11.7,6.95
1305,10,15.6,7.1
1306,10,18.3,7.4
1307,10,20,7.67
1308,10,21.65,9.67
1309,10,23.3,11.67
1310,10,25,11.33
1311,10,26.1,11
1312,10,26.1,11
1313,10,26.1,10.67
1314,10,25.55,10
1315,10,23.3,11.33
1316,10,21.7,10.67
1317,10,21.1,8.33
1318,10,18.3,7
1319,10,17.8,6
1320,10,16.95,5.33
1321,10,14.4,4.33
1322,10,13.9,4
1323,10,13.9,3.33
1324,10,13.3,2.67
1325,10,12.2,2
1326,10,12.2,2
1327,10,11.1,2
1328,10,12.2,2
1329,10,15,2
1330,10,17.2,3
1331,10,18.9,3.67
1332,10,20.3,5
1333,10,22.8,5
1334,10,25,4.67
1335,10,25,4
1336,10,25.6,3
1337,10,25.6,3
1338,10,25.3,2
1339,10,23.9,1.33
1340,10,21.7,1
1341,10,20,0.33
1342,10,17.8,0
1343,10,17.2,1
1344,10,16.1,1
1345,10,13.9,1
1346,10,14.4,1
1347,10,13.3,0
1348,10,12.2,0
1349,10,11.7,0
1350,10,10.85,-0.67
1351,10,11.1,-1
1352,10,11.7,-0.67
1353,10,14.4,0.67
1354,10,17.2,2.33
1355,10,20,3
1356,10,21.4,4.67
1357,10,24.4,5.67
1358,10,25,6.33
1359,10,26.1,7.33
1360,10,25.6,8
1361,10,25,8
1362,10,25.3,7.33
1363,10,23.9,6
1364,10,22.2,5
1365,10,21.1,3.33
1366,10,19.4,0.33
1367,10,18.3,0.67
1368,10,18.6,0.67
1369,10,17.8,0.33
1370,10,15.6,0
1371,10,15,-1
1372,10,13.3,-1.33
1373,10,13.3,-2.67
1374,10,13.3,-2
1375,10,13.3,-3
1376,10,13.3,-1
1377,10,16.1,1
1378,10,19.4,3.67
1379,10,22.2,7.67
1380,10,23.05,11.67
1381,10,25,14
1382,10,25.6,16.33
1383,10,25,17.33
1384,10,25,17.33
1385,10,23.9,17
1386,10,22.8,15.67
1387,10,20,13.67
1388,10,17.8,12.67
1389,10,16.1,11.67
1390,10,15.6,11
1391,10,14.4,12.67
1392,10,14.15,12.33
1393,10,9.4,11
1394,10,10,8.67
1395,10,10.6,6.67
1396,10,10.6,4.33
1397,10,10.6,2.33
1398,10,10.3,2.67
1399,10,10,2
1400,10,10.6,1.67
1401,10,11.7,2.67
1402,10,12.2,4.67
1403,10,12.8,5.67
1404,10,13.35,7
1405,10,13.9,8
1406,10,16.1,9.67
1407,10,16.1,10.33
1408,10,15.6,11
1409,10,16.7,11
1410,10,16.15,10.33
1411,10,15,9.33
1412,10,14.4,8
1413,10,14.4,6.67
1414,10,13.9,5
1415,10,12.2,4.33
1416,10,11.65,5.67
1417,10,10,5
1418,10,10,4.67
1419,10,8.9,4
1420,10,8.3,3.67
1421,10,7.8,4
1422,10,7.5,4
1423,10,7.2,4
1424,10,8.3,4
1425,10,10.6,3
1426,10,12.8,3
1427,10,14.4,3
1428,10,15.25,4.67
1429,10,16.7,7.8
1430,10,17.2,7
1431,10,18.3,8.8
1432,10,19.4,10
1433,10,20.6,10
1434,10,20,10.6
1435,10,18.3,11.1
1436,10,17.8,10.37
1437,10,16.1,10.8
1438,10,16.1,11.4
1439,10,13.3,12.07
1440,10,13.3,12.8
1441,10,11.7,9.33
1442,10,10.6,13.2
1443,10,10.6,11.7
1444,10,9.4,11.3
1445,10,8.9,12.2
1446,10,8.6,8.33
1447,10,8.3,11.7
1448,10,8.9,9
1449,10,11.1,12
1450,10,13.3,15
1451,10,15,16
1452,10,16.1,16.67
1453,10,18.9,17.33
1454,10,20,17
1455,10,20,17
1456,10,21.1,16.67
1457,10,20.6,15.33
1458,10,20.3,14
1459,10,19.4,11.67
1460,10,18.9,9.67
1461,10,17.2,7.67
1462,10,15.6,6.67
1463,10,14.4,5.67
1464,10,14.4,3.67
1465,10,13.9,2.33
1466,10,14.4,1
1467,10,13.9,0.6
1468,10,13.3,0.6
1469,10,12.8,0
1470,10,12.25,0
1471,10,11.1,-0.67
1472,10,11.7,0
1473,10,13.9,3.67
1474,10,13.9,7
1475,10,15,8.67
1476,10,15.55,10
1477,10,17.2,10.67
1478,10,18.3,11
1479,10,19.4,10
1480,10,19.4,7.33
1481,10,20,6.5
1482,10,19.45,6.33
1483,10,18.3,7.9
1484,10,17.2,7
1485,10,15.6,7.8
1486,10,13.9,7
1487,10,13.3,7.93
1488,10,13.3,7
1489,10,11.1,7.8
1490,10,10,7
1491,10,10,7
1492,10,9.4,7
1493,10,7.2,7.8
1494,10,7.2,7
1495,10,7.8,7
1496,10,8.9,8.02
1497,10,11.7,8.63
1498,10,14.4,9.67
1499,10,15.6,10
1500,10,16.15,10
1501,10,18.3,11.67
1502,10,19.4,13.33
1503,10,20.6,15
1504,10,21.7,15
1505,10,21.7,13.33
1506,10,21.7,12.67
1507,10,20.6,10
1508,10,18.3,8
1509,10,18.9,7.67
1510,10,15.6,6.67
1511,10,15,6.67
1512,10,14.45,7
1513,10,12.8,7
1514,10,11.7,6.33
1515,10,11.1,5.33
1516,10,10.6,4.67
1517,10,10,3
1518,10,10.85,1.67
1519,10,10,1.33
1520,10,10.6,1.67
1521,10,15.6,2.67
1522,10,19.4,4
1523,10,21.7,5
1524,10,22.8,5.67
1525,10,24.4,5.67
1526,10,24.4,6.33
1527,10,26.7,6
1528,10,27.2,5.33
1529,10,27.2,4.33
1530,10,26.95,3
1531,10,25,2
1532,10,22.8,1.33
1533,10,21.1,1
1534,10,21.1,0.33
1535,10,18.3,0
1536,10,17.5,0.33
1537,10,15.6,0
1538,10,15.6,0
1539,10,14.4,-0.33
1540,10,14.4,-0.67
1541,10,12.2,-1.67
1542,10,11.95,-2.67
1543,10,11.7,-2.33
1544,10,13.9,-1.67
1545,10,17.2,-0.33
1546,10,21.1,0.33
1547,10,23.9,1.9
1548,10,24.45,0.67
1549,10,26.7,2
1550,10,27.8,3.33
1551,10,28.9,4.33
1552,10,28.3,3.33
1553,10,27.8,3
1554,10,27.5,3
1555,10,25,1.67
1556,10,22.8,1
1557,10,21.1,0
1558,10,20,0
1559,10,18.9,0
1560,10,18.35,-1
1561,10,17.2,-1.67
1562,10,15.6,-3
1563,10,15,-2
1564,10,13.3,-4
1565,10,13.3,-4.33
1566,10,12.75,-5
1567,10,12.2,-5.33
1568,10,13.3,-3.33
1569,10,16.7,-0.33
1570,10,20,1
1571,10,22.2,2.67
1572,10,23.05,4.33
1573,10,25.6,6.33
1574,10,26.1,7.33
1575,10,27.8,7.67
1576,10,30,9
1577,10,28.9,8
1578,10,27.8,7.33
1579,10,25,6.33
1580,10,24.4,6
1581,10,23.3,5.33
1582,10,22.2,4
1583,10,20.6,3
1584,10,20.6,3
1585,10,18.9,2.33
1586,10,15.6,3
1587,10,13.9,2.33
1588,10,12.8,2
1589,10,11.7,1.33
1590,10,11.15,1
1591,10,9.4,0.33
1592,10,10,1
1593,10,11.7,4
1594,10,11.7,7
1595,10,12.8,10.33
1596,10,13.6,13
1597,10,15.6,15.67
1598,10,15.8,17.33
1599,10,15.6,18.33
1600,10,15.8,19.33
1601,10,15.6,18.67
1602,10,15.3,17.33
1603,10,14.4,16
1604,10,13.9,15
1605,10,13.3,13.33
1606,10,12.2,12.33
1607,10,11.1,12
1608,10,10.55,12
1609,10,9.4,12
1610,10,9.4,12
1611,10,8.9,11.67
1612,10,7.8,11
1613,10,7.8,11
1614,10,7.5,11
1615,10,7.2,11
1616,10,8.9,11.33
1617,10,10.6,13.67
1618,10,12.2,15.67
1619,10,14.4,17.33
1620,10,15.25,19.33
1621,10,18.3,20
1622,10,20,20.33
1623,10,20,21
1624,10,21.1,21
1625,10,21.7,20.67
1626,10,21.7,19.67
1627,10,21.1,19
1628,10,20,18.33
1629,10,18.3,18
1630,10,19.4,18
1631,10,15.6,17.33
1632,10,15,17.33
1633,10,15,12.67
1634,10,14.4,10.33
1635,10,14.4,10
1636,10,13.9,8.67
1637,10,13.3,7.33
1638,10,12.2,7
1639,10,11.7,6
1640,10,13.3,6
1641,10,16.1,6
1642,10,17.8,6.67
1643,10,19.4,7.33
1644,10,20,9
1645,10,22.2,10.67
1646,10,21.7,12
1647,10,22.8,13
1648,10,22.8,12.33
1649,10,22.8,11.33
1650,10,22.8,9.67
1651,10,21.1,7.67
1652,10,20.6,6.67
1653,10,19.4,5.67
1654,10,17.8,5
1655,10,17.8,3
1656,10,17.5,2.67
1657,10,15.6,2
1658,10,15,1
1659,10,14.4,0.67
1660,10,13.9,0
1661,10,13.3,-0.33
1662,10,13.3,0
1663,10,12.2,0
1664,10,13.3,0
1665,10,15,0.67
1666,10,16.7,1.33
1667,10,17.2,2.33
1668,10,17.75,3.33
1669,10,18.9,4.67
1670,10,20.6,5.67
1671,10,21.1,6.67
1672,10,21.7,7
1673,10,21.7,7
1674,10,21.4,7
1675,10,20,5.33
1676,10,18.9,4
1677,10,18.3,1.33
1678,10,17.2,0.33
1679,10,16.7,0
1680,10,15.85,-0.33
1681,10,14.4,0
1682,10,13.3,0.33
1683,10,12.8,0
1684,10,12.2,0
1685,10,11.1,0
1686,10,10.85,-1
1687,10,10.6,-1
1688,10,12.8,0.33
1689,10,13.9,3
1690,10,16.1,5.67
1691,10,19.4,8.67
1692,10,20.55,11.33
1693,10,23.3,13.33
1694,10,23.9,15.33
1695,10,25,16.33
1696,10,25,17
1697,10,25,17
1698,10,25,16.33
1699,10,23.9,14
1700,10,22.2,12.33
1701,10,20,11.33
1702,10,18.3,10.67
1703,10,16.7,10
1704,10,16.7,9
1705,10,16.1,7.67
1706,10,15,4.67
1707,10,15,3
1708,10,13.3,1.33
1709,10,12.2,2.33
1710,10,11.95,1.33
1711,10,11.7,1
1712,10,13.3,3.67
1713,10,16.1,8
1714,10,18.9,11
1715,10,22.2,13.33
1716,10,22.75,16
1717,10,24.4,19
1718,10,25.6,20
1719,10,26.7,21
1720,10,27.8,20.33
1721,10,27.2,20
1722,10,26.95,19.33
1723,10,25,19
1724,10,24.4,17.67
1725,10,20.6,16.67
1726,10,18.9,17
1727,10,17.8,17
1728,10,17.8,17
1729,10,16.7,16.33
1730,10,15,16
1731,10,13.3,15.67
1732,10,13.3,14.33
1733,10,11.7,13.33
1734,10,11.4,13
1735,10,11.1,12.33
1736,10,13.3,13.33
1737,10,15.6,16.33
1738,10,18.9,19
1739,10,22.2,21.67
1740,10,23.6,23.33
1741,10,26.1,24.33
1742,10,26.7,24.33
1743,10,27.2,26
1744,10,27.8,26.33
1745,10,27.8,26
1746,10,27.5,24
1747,10,26.1,21.33
1748,10,25,19
1749,10,21.1,19.33
1750,10,22.2,17.67
1751,10,20.6,16.67
1752,10,18.9,17.33
1753,10,16.1,18.67
1754,10,14.4,17.33
1755,10,13.9,16.67
1756,10,12.8,17
1757,10,12.2,16.67
1758,10,11.95,13.67
1759,10,11.7,12.33
1760,10,12.8,15
1761,10,16.1,17.67
1762,10,19.4,19
1763,10,21.7,20.67
1764,10,23.05,22
1765,10,25,23
1766,10,26.7,24.67
1767,10,27.2,24.67
1768,10,27.2,26
1769,10,27.8,25
1770,10,27.5,24.67
1771,10,26.1,22
1772,10,25,18.33
1773,10,24.4,16.33
1774,10,20.6,14.67
1775,10,20,15
1776,10,18.9,15.33
1777,10,17.2,15
1778,10,16.1,10.67
1779,10,15,10.67
1780,10,14.4,9
1781,10,13.3,8.67
1782,10,13.6,7.67
1783,10,12.2,7.33
1784,10,14.4,10.67
1785,10,18.9,15.67
1786,10,21.1,19
1787,10,22.2,23.33
1788,10,23.6,26.33
1789,10,27.2,27
1790,10,27.2,26.67
1791,10,28.9,27.67
1792,10,28.9,27
1793,10,28.9,22.67
1794,10,28.6,22
1795,10,27.2,21
1796,10,24.4,20.67
1797,10,22.8,19
1798,10,22.8,17.33
1799,10,23.3,16
1800,10,21.35,14
1801,10,17.2,12.33
1802,10,16.1,11.33
1803,10,16.1,10.33
1804,10,14.4,10
1805,10,13.9,10.6
1806,10,13.9,11.1
1807,10,13.3,10.87
1808,10,15.6,10.6
1809,10,17.8,10.33
1810,10,20.6,11.33
1811,10,22.2,13
1812,10,23.05,14.33
1813,10,27.2,15
1814,10,27.8,14.67
1815,10,28.9,14.33
1816,10,28.9,14.33
1817,10,28.9,14.67
1818,10,29.15,15
1819,10,27.8,13.33
1820,10,27.2,13.35
1821,10,23.9,11.67
1822,10,24.4,12.2
1823,10,22.8,11.1
1824,10,21.4,9.88
1825,10,18.3,8.67
1826,10,16.7,10.55
1827,10,15.6,8.3
1828,10,15,7
1829,10,15,7
1830,10,14.7,7.83
1831,10,15,8.67
1832,10,16.1,9.85
1833,10,18.9,12.36
1834,10,21.1,17.2
1835,10,22.8,16
1836,10,23.05,20
1837,10,24.4,21.67
1838,10,25,22
1839,10,27.2,23
1840,10,26.1,23
1841,10,25.6,22.67
1842,10,24.75,22
1843,10,22.8,20.67
1844,10,21.7,19
1845,10,20.6,17.33
1846,10,19.4,16.33
1847,10,18.3,16
1848,10,18.05,12.33
1849,10,17.2,13
1850,10,17.2,12.67
1851,10,12.9,12.33
1852,10,11.9,12
1853,10,8.3,12
1854,10,7.75,11
1855,10,7.8,11.05
1856,10,8.3,11.05
1857,10,8.3,11.7
1858,10,9.4,11.33
1859,10,9.4,12
1860,10,10.55,12.33
1861,10,10.55,13.67
1862,10,11.85,15.33
1863,10,10.67,16.33
1864,10,10.6,17.67
1865,10,11.1,19.33
1866,10,9.4,19.33
1867,10,9.4,18
1868,10,7.04,16.67
1869,10,7.8,15.67
1870,10,7.8,14.67
1871,10,7.8,13.33
1872,10,7.8,13
1873,10,8.3,12
1874,10,8.9,12
1875,10,8.3,13
1876,10,7.8,12
1877,10,7.8,12
1878,10,7.5,12
1879,10,7.8,12
1880,10,8.9,13.67
1881,10,9.4,15.33
1882,10,11.1,17
1883,10,10.6,18
1884,10,11.15,20.33
1885,10,12.2,22.33
1886,10,13.9,23
1887,10,12.2,22.67
1888,10,12.8,22.33
1889,10,13.3,23
1890,10,13.05,22
1891,10,12.8,21.33
1892,10,12.2,20.67
1893,10,12.2,18
1894,10,10.6,17
1895,10,10,16.67
1896,10,10.3,17
1897,10,8.3,16.7
1898,10,8.9,16.27
1899,10,8.3,14.7
1900,10,7.2,16
1901,10,6.7,16
1902,10,6.4,16
1903,10,6.1,16.9
1904,10,7.8,17.12
1905,10,8.9,17
1906,10,11.1,18
1907,10,13.3,20
1908,10,13.85,20.67
1909,10,15.6,21
1910,10,16.7,21.33
1911,10,16.7,21.67
1912,10,18.9,22
1913,10,18.3,22
1914,10,17.8,20.67
1915,10,17.2,19.33
1916,10,16.1,18
1917,10,15,16
1918,10,16.1,15
1919,10,13.3,13.3
1920,10,13.3,13.3
1921,10,11.7,12.67
1922,10,11.7,12.67
1923,10,11.1,15
1924,10,10.6,14.1
1925,10,9.4,14.25
1926,10,9.4,14.4
1927,10,9.4,13.87
1928,10,11.1,13.33
1929,10,13.3,13.33
1930,10,16.1,14
1931,10,16.7,16.35
1932,10,17.5,15
1933,10,20,16
1934,10,21.1,17
1935,10,22.2,17
1936,10,22.8,17.67
1937,10,23.9,18
1938,10,23.35,18
1939,10,21.7,17.33
1940,10,20.6,15.67
1941,10,19.4,15.33
1942,10,18.3,15
1943,10,16.7,14.67
1944,10,16.7,15
1945,10,15,14
1946,10,13.9,13.67
1947,10,13.9,13.33
1948,10,12.8,14.13
1949,10,13.3,14.67
1950,10,12.75,15
1951,10,12.8,15
1952,10,14.4,15
1953,10,17.2,15
1954,10,19.4,17.1
1955,10,22.2,16.67
1956,10,22.75,18
1957,10,25.6,20.67
1958,10,26.1,22.33
1959,10,27.8,24
1960,10,28.3,25
1961,10,27.8,25
1962,10,27.8,25
1963,10,26.7,23
1964,10,26.1,21.33
1965,10,25,20.33
1966,10,21.7,19
1967,10,20.6,18
1968,10,20,16.33
1969,10,18.9,16.67
1970,10,17.8,15.85
1971,10,16.7,13.3
1972,10,16.1,15
1973,10,16.1,12.9
1974,10,15.55,12.67
1975,10,14.4,14
1976,10,16.1,16.7
1977,10,18.9,17.67
1978,10,22.8,20.33
1979,10,24.4,22
1980,10,25.55,24
1981,10,26.7,25.67
1982,10,27.8,27
1983,10,29.4,27
1984,10,29.4,27
1985,10,28.9,27
1986,10,28.9,26.33
1987,10,27.8,24.67
1988,10,27.2,22.67
1989,10,26.1,22
1990,10,22.8,21
1991,10,21.7,20
1992,10,22.25,19.33
1993,10,21.7,18
1994,10,19.4,18
1995,10,17.2,17
1996,10,16.7,16.33
1997,10,16.1,16
1998,10,15.85,16
1999,10,15.6,15
2000,10,18.3,15
2001,10,20.6,15.33
2002,10,22.8,16
2003,10,24.4,15
2004,10,25.25,15
2005,10,28.3,15
2006,10,30.6,15
2007,10,30,15
2008,10,30.6,14.67
2009,10,29.4,14
2010,10,29.4,14.7
2011,10,28.9,13.9
2012,10,27.8,13.4
2013,10,24.4,13.3
2014,10,23.9,12
2015,10,22.8,11
2016,10,22.25,12.9
2017,10,19.4,12.1
2018,10,18.9,12.2
2019,10,17.8,11.1
2020,10,16.7,11.1
2021,10,16.1,9
2022,10,16.1,10
2023,10,16.1,10
2024,10,17.8,10
2025,10,20,9
2026,10,22.8,9.67
2027,10,24.4,10.33
2028,10,25.25,12
2029,10,26.7,13
2030,10,28.9,13.67
2031,10,28.9,14.67
2032,10,28.9,15.33
2033,10,28.3,16
2034,10,28.05,15
2035,10,26.1,14.33
2036,10,25,15
2037,10,24.4,15
2038,10,23.3,15
2039,10,21.1,15
2040,10,20.55,15
2041,10,18.3,14.67
2042,10,17.2,12.33
2043,10,16.7,13
2044,10,16.1,13
2045,10,15.6,12.67
2046,10,15.3,12
2047,10,13.9,12
2048,10,15,12.33
2049,10,16.1,13
2050,10,17.2,13
2051,10,18.3,13
2052,10,19.15,12.33
2053,10,20.6,12.67
2054,10,21.1,13.33
2055,10,22.2,13
2056,10,22.8,13
2057,10,22.8,12
2058,10,22.8,10.67
2059,10,21.7,9.67
2060,10,21.7,8
2061,10,21.1,7
2062,10,20,6
2063,10,18.3,5
2064,10,18.6,3.67
2065,10,16.7,2.33
2066,10,15.6,2
2067,10,15.6,0.67
2068,10,15.6,0
2069,10,13.9,-0.67
2070,10,13.6,-0.33
2071,10,13.3,0
2072,10,15.6,1.33
2073,10,18.3,2.33
2074,10,20.6,4
2075,10,22.2,5.67
2076,10,23.3,7
2077,10,26.7,8.33
2078,10,26.7,10
2079,10,27.2,10.67
2080,10,27.2,11.33
2081,10,27.8,11.67
2082,10,27.25,11
2083,10,26.1,11
2084,10,25,8.67
2085,10,22.8,6.67
2086,10,21.7,6
2087,10,20.6,5.67
2088,10,20.6,6
2089,10,20,6
2090,10,18.3,5.67
2091,10,16.7,6
2092,10,16.1,6
2093,10,15.6,6
2094,10,15,6
2095,10,15,6.67
2096,10,17.2,8.67
2097,10,18.9,11.33
2098,10,21.7,14
2099,10,23.9,16.33
2100,10,24.75,18.33
2101,10,26.7,21.67
2102,10,28.3,22
2103,10,28.9,19
2104,10,28.9,17.33
2105,10,29.4,20.33
2106,10,28.85,21.33
2107,10,27.8,21.67
2108,10,26.7,19
2109,10,23.9,18
2110,10,23.9,18
2111,10,21.7,18.33
2112,10,21.15,19.67
2113,10,20,18.33
2114,10,17.8,17
2115,10,16.7,16.33
2116,10,16.7,14.67
2117,10,16.1,13.33
2118,10,15.85,12
2119,10,15.6,11.67
2120,10,17.8,12
2121,10,20,12
2122,10,22.2,12
2123,10,24.4,13
2124,10,25.25,13.33
2125,10,28.9,14.33
2126,10,29.4,15
2127,10,28.9,15
2128,10,28.9,15
2129,10,28.9,15
2130,10,28.6,14
2131,10,27.2,12.33
2132,10,27.2,11.33
2133,10,23.9,10
2134,10,23.9,7.67
2135,10,22.8,7
2136,10,22.5,6
2137,10,20.6,6.33
2138,10,19.4,6
2139,10,18.3,4.33
2140,10,18.3,3
2141,10,17.8,2.67
2142,10,17.25,2.67
2143,10,16.7,2.67
2144,10,18.9,4.67
2145,10,21.1,6
2146,10,23.3,6.33
2147,10,26.1,7
2148,10,27.2,7
2149,10,29.4,7.33
2150,10,29.4,8
2151,10,31.1,8.33
2152,10,31.1,10
2153,10,30.6,11
2154,10,30.3,11
2155,10,29.4,9
2156,10,28.9,8.67
2157,10,27.8,7.33
2158,10,24.4,6.33
2159,10,25,5.67
2160,10,23.6,5.67
2161,10,21.7,6.67
2162,10,21.1,7
2163,10,20,6.33
2164,10,18.9,6
2165,10,18.3,7.8
2166,10,18.05,6
2167,10,17.8,6
2168,10,19.4,7
2169,10,21.7,7.67
2170,10,25,10.67
2171,10,26.7,13
2172,10,28.05,14
2173,10,31.1,14.67
2174,10,32.2,16
2175,10,33.9,15.67
2176,10,33.9,14.67
2177,10,33.3,13.33
2178,10,33.05,11.33
2179,10,31.1,10
2180,10,28.9,9.67
2181,10,27.8,8.67
2182,10,26.1,8
2183,10,26.1,8
2184,10,25.55,8
2185,10,23.9,7.67
2186,10,23.9,7
2187,10,23.3,7
2188,10,22.2,7
2189,10,19.4,7
2190,10,19.4,7
2191,10,18.3,7
2192,10,18.9,7.33
2193,10,19.4,8.33
2194,10,19.4,10.33
2195,10,20,11.67
2196,10,20.3,12.67
2197,10,21.7,14
2198,10,22.8,15.67
2199,10,22.2,16
2200,10,22.2,17
2201,10,22.2,16.33
2202,10,22.2,16
2203,10,21.1,16
2204,10,19.4,15.33
2205,10,18.9,14.33
2206,10,17.2,12.33
2207,10,17.8,12
2208,10,17.5,12
2209,10,16.7,13.15
2210,10,15.6,12
2211,10,15.6,11
2212,10,15.6,10
2213,10,15,8.33
2214,10,14.45,7
2215,10,14.4,7
2216,10,15.6,8
2217,10,16.7,9.33
2218,10,17.8,10.67
2219,10,19.4,11
2220,10,19.4,12
2221,10,20.6,12
2222,10,22.2,13
2223,10,22.2,14.67
2224,10,22.2,15
2225,10,22.8,15
2226,10,22.5,15
2227,10,21.7,13.67
2228,10,20,10.33
2229,10,18.9,8.33
2230,10,18.3,8.67
2231,10,17.8,8
2232,10,17.25,7.33
2233,10,15.6,6
2234,10,15.6,6
2235,10,15,4.33
2236,10,12.2,3.67
2237,10,12.2,2
2238,10,11.95,1.67
2239,10,11.7,2
2240,10,13.3,6.67
2241,10,16.1,10.33
2242,10,18.9,12
2243,10,21.1,14
2244,10,21.95,15.67
2245,10,23.9,16.67
2246,10,24.4,18.33
2247,10,25,19.33
2248,10,26.1,20.67
2249,10,25.6,20.67
2250,10,25.3,20.33
2251,10,24.4,18.67
2252,10,22.8,15.67
2253,10,22.2,12.67
2254,10,21.1,11
2255,10,19.4,9.67
2256,10,18.85,10.33
2257,10,17.2,8.33
2258,10,16.1,8.33
2259,10,15.6,8.33
2260,10,14.4,8
2261,10,13.9,9
2262,10,13.9,10.67
2263,10,13.9,10.33
2264,10,16.7,12.33
2265,10,18.9,15.67
2266,10,21.1,17.33
2267,10,23.9,18
2268,10,24.75,19.67
2269,10,26.1,20.67
2270,10,27.2,21.33
2271,10,27.2,21.67
2272,10,27.8,22.67
2273,10,27.8,22.67
2274,10,27.8,22
2275,10,27.2,20
2276,10,26.1,18.33
2277,10,25.6,16.5
2278,10,23.3,15.33
2279,10,21.7,13.67
2280,10,20.85,12.33
2281,10,18.9,11.33
2282,10,18.3,10.33
2283,10,17.8,8.33
2284,10,17.2,7.33
2285,10,16.1,6.33
2286,10,15.85,6
2287,10,15.6,5
2288,10,18.3,8
2289,10,20,9.33
2290,10,23.3,10
2291,10,25,10.67
2292,10,26.1,11.67
2293,10,27.8,13
2294,10,28.9,14
2295,10,28.9,14.67
2296,10,30.6,13.67
2297,10,29.4,14
2298,10,29.4,13
2299,10,28.3,12.67
2300,10,27.2,9.33
2301,10,26.7,7
2302,10,24.4,6
2303,10,25,4.67
2304,10,24.15,6.33
2305,10,23.9,6.33
2306,10,22.8,6
2307,10,19.4,5
2308,10,17.8,3.67
2309,10,17.2,3
2310,10,17.2,2.33
2311,10,17.8,2.33
2312,10,17.8,5
2313,10,18.9,6.67
2314,10,20.6,8.33
2315,10,22.8,10
2316,10,24.2,11.33
2317,10,26.1,12.33
2318,10,25.6,13.33
2319,10,26.1,14.33
2320,10,26.7,15
2321,10,26.1,15
2322,10,26.1,15
2323,10,25,12.67
2324,10,23.9,10.33
2325,10,21.7,8.33
2326,10,21.7,8.33
2327,10,20,9.33
2328,10,20.3,8
2329,10,19.4,7.67
2330,10,16.1,6
2331,10,15,3.33
2332,10,14.4,4.67
2333,10,15,5
2334,10,14.7,4.67
2335,10,14.4,4
2336,10,15.6,7.67
2337,10,19.4,9.67
2338,10,23.9,11
2339,10,25.6,12
2340,10,26.4,13.33
2341,10,27.8,14.67
2342,10,28.9,15.67
2343,10,30,17
2344,10,31.1,17
2345,10,30.6,17
2346,10,30.6,16.67
2347,10,30,15
2348,10,28.9,12.33
2349,10,24.4,10.67
2350,10,23.9,11.33
2351,10,23.3,10.67
2352,10,21.95,8.67
2353,10,20.6,6.67
2354,10,18.9,3.67
2355,10,17.8,5
2356,10,17.2,4.67
2357,10,17.2,5.33
2358,10,16.65,6.33
2359,10,16.1,7.67
2360,10,19.4,9.67
2361,10,22.2,12
2362,10,24.4,13
2363,10,26.7,16.5
2364,10,28.05,18.33
2365,10,31.1,19.33
2366,10,32.2,20.67
2367,10,32.2,20.67
2368,10,31.7,19.33
2369,10,31.7,19.67
2370,10,31.4,18.33
2371,10,31.1,16.67
2372,10,29.4,16
2373,10,26.1,15
2374,10,27.2,14.33
2375,10,25.6,13
2376,10,25,12.33
2377,10,21.7,11.33
2378,10,21.1,11.67
2379,10,19.4,11
2380,10,19.4,10.33
2381,10,19.4,9
2382,10,18.85,10
2383,10,18.9,9.67
2384,10,21.1,11.33
2385,10,23.3,13
2386,10,25.6,14.67
2387,10,28.3,15
2388,10,28.85,15.67
2389,10,31.1,16.67
2390,10,33.3,17
2391,10,33.9,16.67
2392,10,33.3,15.67
2393,10,32.8,14.67
2394,10,33.05,13.33
2395,10,32.2,13
2396,10,31.1,12.33
2397,10,28.3,11
2398,10,26.1,10
2399,10,25,9.67
2400,10,24.7,8
2401,10,22.8,7
2402,10,21.1,6
2403,10,20,4
2404,10,19.4,4.33
2405,10,18.3,4.33
2406,10,18.3,3.33
2407,10,19.4,3.67
2408,10,21.7,9.67
2409,10,24.4,12.67
2410,10,26.1,14.67
2411,10,28.9,14
2412,10,29.45,15
2413,10,30.6,15.67
2414,10,31.55,16.67
2415,10,31.35,17
2416,10,32.8,16.67
2417,10,32.8,15.67
2418,10,33.05,14
2419,10,30.8,12
2420,10,28.3,10
2421,10,27.2,7.67
2422,10,25.6,7
2423,10,24.4,6
2424,10,24.15,5
2425,10,22.2,3.67
2426,10,22.2,3
2427,10,21.7,1.67
2428,10,20,1.67
2429,10,19.4,1.33
2430,10,19.4,1.67
2431,10,18.9,3.33
2432,10,19.4,5
2433,10,21.1,5.67
2434,10,21.7,6.33
2435,10,21.7,7.67
2436,10,22.5,8.33
2437,10,23.3,8
2438,10,24.4,9.33
2439,10,23.3,8.67
2440,10,23.9,10.33
2441,10,23.3,9
2442,10,23.6,7.67
2443,10,22.8,6
2444,10,22.2,5.67
2445,10,21.7,4.67
2446,10,21.1,5
2447,10,20.6,5
2448,10,20,4.67
2449,10,18.9,4
2450,10,18.3,3.67
2451,10,17.8,4.67
2452,10,17.2,5
2453,10,16.1,5
2454,10,15.85,3.67
2455,10,15.6,5
2456,10,16.1,6.67
2457,10,17.2,8.33
2458,10,16.7,9.67
2459,10,18.3,11
2460,10,18.85,12.33
2461,10,20.6,12.67
2462,10,21.7,13
2463,10,22.2,13.67
2464,10,23.3,13.33
2465,10,23.3,13
2466,10,22.75,12.67
2467,10,21.7,11.33
2468,10,21.1,8.67
2469,10,20.6,7.33
2470,10,20,5.67
2471,10,18.9,7
2472,10,18.9,6
2473,10,17.8,5.67
2474,10,17.2,5
2475,10,16.7,3.33
2476,10,16.1,3.33
2477,10,15.6,2.33
2478,10,15.3,2.33
2479,10,15,3.67
2480,10,16.7,8.33
2481,10,18.9,10.67
2482,10,20,12.33
2483,10,21.7,13.33
2484,10,21.95,14.67
2485,10,23.9,15.33
2486,10,25.6,16
2487,10,26.1,16.67
2488,10,24.4,17
2489,10,24.4,17
2490,10,24.4,17
2491,10,23.9,16
2492,10,23.3,13.33
2493,10,23.3,9
2494,10,21.7,7.67
2495,10,20,6.33
2496,10,18.35,6.33
2497,10,13.3,4.67
2498,10,12.8,3.67
2499,10,13.3,3
2500,10,12.2,2.33
2501,10,11.7,2
2502,10,11.15,2.67
2503,10,10.6,3.67
2504,10,11.1,8
2505,10,12.8,12
2506,10,13.3,16
2507,10,15.6,19.67
2508,10,15.85,21.67
2509,10,17.2,22.67
2510,10,17.8,22.67
2511,10,18.3,23
2512,10,17.8,23
2513,10,17.1,23
2514,10,17.5,22
2515,10,16.7,21
2516,10,15.6,20
2517,10,15,18.67
2518,10,15,17.67
2519,10,15,17
2520,10,14.7,17.33
2521,10,14.4,17
2522,10,13.9,16
2523,10,13.9,14.67
2524,10,13.9,14
2525,10,13.3,13.33
2526,10,13.05,11.67
2527,10,12.2,11.67
2528,10,12.2,15.67
2529,10,14.4,18.67
2530,10,15.6,21
2531,10,17.8,22.33
2532,10,18.05,25.33
2533,10,19.4,26.33
2534,10,20.6,26.67
2535,10,21.7,27.33
2536,10,22.2,27.67
2537,10,22.8,28
2538,10,22.8,27.33
2539,10,22.2,25.67
2540,10,21.1,23.33
2541,10,21.1,22.67
2542,10,20,22.33
2543,10,19.4,21.67
2544,10,18.85,20.67
2545,10,17.8,19.33
2546,10,16.1,18
2547,10,15.6,16.67
2548,10,15,15.67
2549,10,14.4,13.67
2550,10,14.15,12.67
2551,10,15,14.67
2552,10,17.2,17.67
2553,10,19.4,20.67
2554,10,21.7,23.67
2555,10,23.3,26
2556,10,24.15,28
2557,10,27.2,29.33
2558,10,26.7,30.33
2559,10,27.8,31
2560,10,27.8,31
2561,10,28.3,30.67
2562,10,28.3,29
2563,10,27.2,27.33
2564,10,26.7,26
2565,10,24.4,25
2566,10,22.8,23.33
2567,10,22.8,22.33
2568,10,21.95,21.67
2569,10,20,22.33
2570,10,19.4,22
2571,10,18.9,21.33
2572,10,17.8,19.33
2573,10,17.2,17.33
2574,10,17.2,17
2575,10,17.8,17
2576,10,20.6,17.33
2577,10,23.3,16.33
2578,10,25.6,16
2579,10,27.2,17
2580,10,28.6,18.67
2581,10,31.1,21.33
2582,10,33.3,20.67
2583,10,32.2,20
2584,10,31.1,20.67
2585,10,32.2,20
2586,10,31.65,18.67
2587,10,31.1,16.67
2588,10,29.4,14
2589,10,26.7,12
2590,10,26.7,11
2591,10,26.7,9.67
2592,10,25,11
2593,10,21.7,12.67
2594,10,21.1,13.67
2595,10,20,13.33
2596,10,19.4,13
2597,10,18.9,13
2598,10,18.6,12
2599,10,18.9,12.67
2600,10,21.7,11.67
2601,10,24.4,10
2602,10,26.1,10
2603,10,29.4,10
2604,10,30.25,10.67
2605,10,32.8,11
2606,10,32.8,10.67
2607,10,33.3,10
2608,10,33.3,10
2609,10,33.9,10.6
2610,10,33.9,11.1
2611,10,32.2,10.6
2612,10,31.7,10
2613,10,28.3,10
2614,10,26.7,10
2615,10,26.1,9
2616,10,26.4,9.8
2617,10,23.9,10.6
2618,10,23.9,9
2619,10,21.1,9.4
2620,10,20,9.1
2621,10,19.4,9.2
2622,10,19.15,8.63
2623,10,20,8.33
2624,10,21.7,11.43
2625,10,25,11
2626,10,26.7,13.33
2627,10,28.9,15
2628,10,29.75,16
2629,10,31.7,17
2630,10,33.3,17.67
2631,10,33.9,19
2632,10,34.4,20
2633,10,33.9,20
2634,10,33.6,19.67
2635,10,32.2,18
2636,10,30,14
2637,10,28.3,12.67
2638,10,28.9,11.33
2639,10,27.2,10.33
2640,10,27.5,9.33
2641,10,26.7,9.4
2642,10,24.4,10
2643,10,23.3,7
2644,10,22.2,7.8
2645,10,21.7,7.8
2646,10,21.7,6.55
2647,10,21.7,10.6
2648,10,24.4,11
2649,10,28.3,14
2650,10,30.6,17
2651,10,31.7,18.67
2652,10,32.25,19.33
2653,10,33.9,20.67
2654,10,34.4,21.33
2655,10,35,21
2656,10,35.6,20.6
2657,10,35,21
2658,10,35,20.33
2659,10,33.9,18
2660,10,32.8,17
2661,10,30.6,15.33
2662,10,30,15.33
2663,10,29.4,12.67
2664,10,28.05,13.33
2665,10,25.6,13.33
2666,10,25,12.33
2667,10,24.4,12
2668,10,23.3,11.67
2669,10,21.7,12.8
2670,10,21.7,12.2
2671,10,22.8,14.4
2672,10,25,14
2673,10,27.8,16.33
2674,10,30.6,17.67
2675,10,32.2,20.33
2676,10,33.6,23
2677,10,36.1,25.33
2678,10,36.7,26
2679,10,37.8,26.67
2680,10,37.8,26.67
2681,10,37.8,18.67
2682,10,37.5,15.33
2683,10,36.7,13.67
2684,10,35,13
2685,10,32.2,12
2686,10,32.2,12
2687,10,30,11.67
2688,10,28.9,11
2689,10,26.1,11
2690,10,25.6,11
2691,10,25,11
2692,10,23.9,11
2693,10,23.3,11
2694,10,23.05,10.33
2695,10,23.3,10
2696,10,26.1,8.33
2697,10,28.3,10
2698,10,31.1,8.33
2699,10,33.3,9.2
2700,10,34.45,8.95
2701,10,37.2,7
2702,10,38.9,7.67
2703,10,38.9,8.3
2704,10,39.4,7
2705,10,39.4,7
2706,10,39.15,8.3
2707,10,37.8,8.3
2708,10,36.7,8.3
2709,10,32.8,7
2710,10,32.8,7.1
2711,10,31.1,6
2712,10,30,5.33
2713,10,27.8,4.67
2714,10,27.8,4
2715,10,26.1,4
2716,10,25,3.33
2717,10,23.9,3
2718,10,23.6,3
2719,10,24.4,3.63
2720,10,26.1,3.33
2721,10,29.4,4
2722,10,31.7,5
2723,10,33.3,5
2724,10,34.15,6
2725,10,36.7,6.67
2726,10,37.8,6.33
2727,10,39.4,5
2728,10,37.8,5.33
2729,10,36.7,6
2730,10,36.7,6
2731,10,36.1,6
2732,10,35.6,6
2733,10,32.8,6
2734,10,30.6,5.67
2735,10,29.4,5
2736,10,28.6,4.33
2737,10,26.7,3
2738,10,25.6,4.33
2739,10,24.4,5
2740,10,23.9,3.33
2741,10,21.1,3
2742,10,20.55,3
2743,10,21.7,5
2744,10,23.9,8.67
2745,10,25.6,10.67
2746,10,27.2,11.67
2747,10,30,12.33
2748,10,30.55,13
2749,10,31.7,14.67
2750,10,33.3,15.33
2751,10,33.9,15.67
2752,10,34.4,15.33
2753,10,34.4,14.67
2754,10,34.15,13.67
2755,10,33.3,11.67
2756,10,32.2,10.67
2757,10,28.9,8.33
2758,10,28.9,7
2759,10,28.9,6
2760,10,28.35,5
2761,10,26.7,3
2762,10,24.4,3
2763,10,23.3,3.33
2764,10,23.3,2
2765,10,22.8,1.33
2766,10,22.8,1.1
2767,10,22.8,3.33
2768,10,23.3,8.67
2769,10,25,12.67
2770,10,26.7,14.67
2771,10,30,16
2772,10,30.55,16
2773,10,32.2,17.67
2774,10,32.2,18.67
2775,10,32.8,19.33
2776,10,32.8,19.67
2777,10,32.8,18.67
2778,10,32.5,18.67
2779,10,31.1,16
2780,10,30,14.67
2781,10,28.9,12.33
2782,10,28.3,11
2783,10,27.8,11
2784,10,27.5,11
2785,10,26.7,11
2786,10,26.1,11
2787,10,25.6,11
2788,10,26.1,10.67
2789,10,25.6,11
2790,10,25.3,11
2791,10,23.9,11
2792,10,23.3,12
2793,10,23.3,13
2794,10,21.3,14.67
2795,10,20,15
2796,10,20.3,15.67
2797,10,23.9,16.67
2798,10,25,17.67
2799,10,25,18
2800,10,26.7,18.33
2801,10,26.1,18.33
2802,10,26.1,19
2803,10,25,18
2804,10,24.4,17
2805,10,23.9,16
2806,10,23.3,18
2807,10,22.8,16
2808,10,22.25,14.33
2809,10,20.6,12.67
2810,10,19.4,11.33
2811,10,18.3,10.33
2812,10,17.8,8.33
2813,10,17.2,7.33
2814,10,16.95,7
2815,10,17.2,7.33
2816,10,18.9,8
2817,10,21.7,8.33
2818,10,23.3,10
2819,10,23.9,11.33
2820,10,24.45,12.67
2821,10,27.8,13
2822,10,27.2,14.67
2823,10,28.9,15
2824,10,29.4,15.33
2825,10,28.9,15
2826,10,28.6,14.33
2827,10,27.8,12.67
2828,10,27.8,11
2829,10,27.2,9.67
2830,10,25,8.67
2831,10,26.1,8
2832,10,25.55,7
2833,10,22.8,5.33
2834,10,22.2,4.67
2835,10,21.7,2.67
2836,10,20,4.67
2837,10,19.4,6
2838,10,18.85,4.67
2839,10,20,6
2840,10,21.7,6.67
2841,10,23.9,7
2842,10,26.1,7
2843,10,27.2,7
2844,10,27.75,8
2845,10,30.6,9.67
2846,10,31.7,10.33
2847,10,32.8,11
2848,10,32.8,11
2849,10,32.2,8.33
2850,10,32.2,7.33
2851,10,31.1,7
2852,10,30,7
2853,10,28.9,7
2854,10,28.3,7
2855,10,26.1,7
2856,10,26.4,7.9
2857,10,25.6,7.9
2858,10,25,7.9
2859,10,22.2,7.1
2860,10,21.1,6.7
2861,10,20,5.53
2862,10,19.7,4.67
2863,10,20.6,7.27
2864,10,22.8,8
2865,10,25,10.33
2866,10,27.2,11.67
2867,10,28.3,13.33
2868,10,29.15,15.67
2869,10,31.1,16.67
2870,10,31.7,18
2871,10,32.2,19.33
2872,10,33.3,20
2873,10,33.3,20
2874,10,32.75,20
2875,10,32.2,17.67
2876,10,31.7,14
2877,10,30,12
2878,10,27.8,9.67
2879,10,27.8,7.67
2880,10,27.25,7
2881,10,26.1,6.67
2882,10,25.6,9
2883,10,25,8.67
2884,10,22.8,8
2885,10,22.2,7
2886,10,21.95,7.33
2887,10,22.8,8
2888,10,23.9,8.67
2889,10,25.6,9.67
2890,10,27.8,10.33
2891,10,30,11
2892,10,30.55,11
2893,10,32.2,12
2894,10,33.3,13.67
2895,10,33.3,16
2896,10,33.9,17
2897,10,33.3,17
2898,10,33.3,17
2899,10,32.2,17
2900,10,32.2,17
2901,10,30.6,16.33
2902,10,30,16
2903,10,28.3,16
2904,10,27.5,15.67
2905,10,26.7,15
2906,10,26.1,15
2907,10,23.9,14.67
2908,10,23.3,14
2909,10,22.8,13.33
2910,10,21.95,12.67
2911,10,22.2,14.5
2912,10,23.3,16
2913,10,25,19
2914,10,27.2,21.67
2915,10,28.3,23.67
2916,10,29.15,24.33
2917,10,31.7,25.67
2918,10,31.1,26.67
2919,10,32.8,27.33
2920,10,31.7,28
2921,10,32.2,27.33
2922,10,32.2,27.67
2923,10,31.7,25
2924,10,31.1,22.67
2925,10,29.4,19.67
2926,10,28.3,18.33
2927,10,28.3,16.67
2928,10,27.75,16.33
2929,10,26.1,16.67
2930,10,25,16
2931,10,24.4,16.67
2932,10,22.8,17.67
2933,10,22.8,16.67
2934,10,22.5,17
2935,10,21.7,17.33
2936,10,24.4,17.67
2937,10,26.1,18
2938,10,27.8,18.67
2939,10,29.4,20.67
2940,10,30.25,22.33
2941,10,31.1,23
2942,10,32.2,24.33
2943,10,33.9,25.33
2944,10,33.9,25
2945,10,32.8,24
2946,10,32.5,22
2947,10,31.1,19.67
2948,10,30,17.67
2949,10,28.9,16.33
2950,10,27.8,16
2951,10,26.1,15
2952,10,25.85,15
2953,10,25.6,15
2954,10,23.3,15
2955,10,22.8,13.67
2956,10,22.2,13.15
2957,10,21.1,12
2958,10,20.85,12
2959,10,21.7,12
2960,10,23.3,13.24
2961,10,24.4,15
2962,10,27.2,16.33
2963,10,28.3,19.33
2964,10,29.15,22
2965,10,31.7,24.67
2966,10,33.3,26.67
2967,10,32.8,28
2968,10,35.6,29
2969,10,33.3,28.67
2970,10,33.05,28
2971,10,32.2,26.33
2972,10,31.7,24.67
2973,10,30,23
2974,10,28.3,22
2975,10,28.9,21.33
2976,10,27.5,20.33
2977,10,26.1,19
2978,10,25,18
2979,10,23.3,18
2980,10,23.3,17.33
2981,10,21.1,17.67
2982,10,20.85,17
2983,10,22.2,17.67
2984,10,24.4,20
2985,10,26.7,22
2986,10,28.3,24.67
2987,10,30.6,22.33
2988,10,30.85,22.67
2989,10,31.7,25
2990,10,33.9,26
2991,10,34.4,26.67
2992,10,34.4,27
2993,10,33.3,27.33
2994,10,33.85,26
2995,10,33.3,24.67
2996,10,32.8,23
2997,10,31.1,22.33
2998,10,28.9,21
2999,10,27.2,20
3000,10,26.65,18.33
3001,10,26.1,18.33
3002,10,25.6,18
3003,10,23.3,18
3004,10,21.7,17.67
3005,10,21.7,17.67
3006,10,20.85,17.33
3007,10,21.1,18.33
3008,10,23.3,20.33
3009,10,25.6,21.67
3010,10,27.8,23
3011,10,29.4,24.67
3012,10,30.25,25.33
3013,10,32.8,25.33
3014,10,32.8,26
3015,10,33.3,26
3016,10,33.3,25.67
3017,10,33.3,25.33
3018,10,33.3,23.33
3019,10,32.8,21.67
3020,10,31.7,20.67
3021,10,30.6,19.67
3022,10,29.4,18.33
3023,10,27.2,18
3024,10,28.05,18
3025,10,25.6,18
3026,10,23.9,17.67
3027,10,23.3,17
3028,10,21.7,17
3029,10,20.6,16
3030,10,20.3,16.7
3031,10,20.6,16.05
3032,10,22.2,16
3033,10,25.6,17
3034,10,28.3,17.67
3035,10,29.4,18
3036,10,30,18.67
3037,10,32.2,19.67
3038,10,33.3,20
3039,10,33.3,20.67
3040,10,32.8,21
3041,10,32.8,20
3042,10,32.8,20
3043,10,31.7,20
3044,10,31.1,20
3045,10,30.6,19
3046,10,27.2,18
3047,10,26.7,17.67
3048,10,26.95,16.67
3049,10,26.1,16
3050,10,23.9,16
3051,10,22.2,16
3052,10,21.1,15
3053,10,20.6,15
3054,10,20.3,15
3055,10,20.6,15
3056,10,22.2,15
3057,10,23.9,16
3058,10,26.1,16.33
3059,10,27.2,17.67
3060,10,28.3,19
3061,10,31.1,20
3062,10,32.8,20.67
3063,10,32.2,20.33
3064,10,31.7,20.33
3065,10,31.7,20.67
3066,10,31.95,20
3067,10,30.6,19.33
3068,10,29.4,18
3069,10,28.3,17.33
3070,10,25.6,17
3071,10,23.9,17
3072,10,23.9,16
3073,10,22.8,16
3074,10,21.1,15.67
3075,10,20.6,15
3076,10,19.4,14.67
3077,10,18.9,14
3078,10,18.9,14
3079,10,20.6,15.33
3080,10,21.7,16.33
3081,10,23.9,18
3082,10,25,18.67
3083,10,27.8,19.67
3084,10,28.35,18
3085,10,31.7,18
3086,10,32.2,19.35
3087,10,32.2,19.33
3088,10,32.8,21.03
3089,10,32.8,20
3090,10,32.5,20
3091,10,32.2,20
3092,10,31.7,20
3093,10,30.6,19.67
3094,10,29.4,20
3095,10,28.9,18
3096,10,28.35,18
3097,10,26.7,18
3098,10,26.1,18
3099,10,24.4,17.33
3100,10,24.4,18.15
3101,10,23.3,17.33
3102,10,23.05,17.67
3103,10,23.9,19
3104,10,26.7,20
3105,10,28.3,20
3106,10,30,20.67
3107,10,30.6,21
3108,10,31.4,21
3109,10,32.2,21
3110,10,33.15,21.67
3111,10,35,22
3112,10,33.9,21.33
3113,10,24.96,15.33
3114,10,22.5,14.67
3115,10,22.1,14
3116,10,20.6,13.67
3117,10,21.1,14.4
3118,10,21.1,14.4
3119,10,21.1,13.9
3120,10,20.85,13.3
3121,10,20,13
3122,10,19.4,12.33
3123,10,19.4,12
3124,10,19.4,12
3125,10,18.3,11
3126,10,18.3,11
3127,10,19.4,12.33
3128,10,21.7,13
3129,10,23.9,14.33
3130,10,25.6,14.67
3131,10,25.6,15.33
3132,10,26.95,16.67
3133,10,29.4,17.33
3134,10,31.1,17.33
3135,10,31.7,17.67
3136,10,33.3,17
3137,10,33.9,17
3138,10,33.9,17
3139,10,33.3,15.33
3140,10,31.7,12.67
3141,10,30.6,10.67
3142,10,30,10.67
3143,10,29.4,11
3144,10,29.15,9.67
3145,10,27.2,8
3146,10,26.7,8.33
3147,10,26.1,6.67
3148,10,22.8,6.33
3149,10,22.2,6.67
3150,10,21.95,8
3151,10,22.2,10.33
3152,10,24.4,12.67
3153,10,27.2,14.67
3154,10,30,16.33
3155,10,31.1,17.67
3156,10,32.2,18.33
3157,10,33.9,19.67
3158,10,36.1,20.33
3159,10,36.1,20
3160,10,36.7,21.33
3161,10,36.1,21.33
3162,10,36.1,21
3163,10,35,20.33
3164,10,33.3,17
3165,10,31.7,15.33
3166,10,30,14.67
3167,10,30,13.33
3168,10,29.45,13.33
3169,10,26.1,12.33
3170,10,24.4,9.33
3171,10,24.4,7.67
3172,10,22.2,7.67
3173,10,21.1,7
3174,10,21.1,9
3175,10,21.7,12
3176,10,24.4,16
3177,10,27.2,19.67
3178,10,30,21.33
3179,10,31.7,22
3180,10,32.5,23
3181,10,35,23
3182,10,35.6,24
3183,10,35.6,24.33
3184,10,36.1,24
3185,10,36.1,24
3186,10,36.1,22.33
3187,10,35.6,21.33
3188,10,33.3,18.33
3189,10,32.8,16.33
3190,10,31.1,15.33
3191,10,28.9,15.33
3192,10,28.35,14
3193,10,26.7,13.67
3194,10,25,13.33
3195,10,24.4,13
3196,10,23.9,13
3197,10,22.8,12.33
3198,10,22.5,13
3199,10,23.3,14
3200,10,26.1,16
3201,10,28.9,19
3202,10,31.1,21.33
3203,10,33.3,23
3204,10,34.45,24.67
3205,10,36.7,26
3206,10,37.8,26.67
3207,10,38.3,26.67
3208,10,38.9,26
3209,10,38.3,25.33
3210,10,38.3,23.33
3211,10,37.2,22
3212,10,35.6,21.33
3213,10,34.4,21
3214,10,33.9,20
3215,10,31.1,19.33
3216,10,31.95,18.67
3217,10,28.9,18
3218,10,26.7,18
3219,10,26.1,17
3220,10,25,16.67
3221,10,26.1,16
3222,10,25.25,16
3223,10,26.1,16
3224,10,28.9,16
3225,10,31.7,16
3226,10,33.9,16
3227,10,36.1,17.07
3228,10,36.4,17
3229,10,37.2,17.33
3230,10,37.8,17.33
3231,10,37.8,18.45
3232,10,38.3,17.67
3233,10,38.3,17.67
3234,10,38.15,17.67
3235,10,37.2,17
3236,10,35.6,17
3237,10,34.4,17
3238,10,34.4,17
3239,10,30.6,17
3240,10,30.5,17
3241,10,28.9,17
3242,10,27.2,17
3243,10,26.7,17
3244,10,26.1,17
3245,10,26.1,17.96
3246,10,25.8,17
3247,10,27.2,17.67
3248,10,30,19.14
3249,10,32.2,18.33
3250,10,34.4,20.67
3251,10,36.1,21.67
3252,10,36.95,23
3253,10,38.9,23.33
3254,10,40,24
3255,10,40.6,25
3256,10,40,25
3257,10,40,24.33
3258,10,39.7,23.67
3259,10,38.3,22.33
3260,10,36.7,20.67
3261,10,35,20
3262,10,35.6,19
3263,10,34.4,18.33
3264,10,34.15,17
3265,10,31.7,16.67
3266,10,29.4,16
3267,10,29.4,16
3268,10,27.8,16.01
3269,10,27.2,15
3270,10,26.95,15
3271,10,27.8,17.33
3272,10,30.6,20
3273,10,32.8,21.67
3274,10,35,22.67
3275,10,36.7,24
3276,10,36.95,25.33
3277,10,38.3,26
3278,10,39.4,26.67
3279,10,39.4,27
3280,10,39.4,27.33
3281,10,38.95,27
3282,10,38.9,27
3283,10,37.8,25.33
3284,10,36.7,22.67
3285,10,33.3,21.67
3286,10,32.2,20.67
3287,10,32.8,20
3288,10,31.95,20.33
3289,10,28.3,19.33
3290,10,27.2,18
3291,10,26.1,17.33
3292,10,25,16.33
3293,10,23.9,15.33
3294,10,24.15,13.33
3295,10,25,13.67
3296,10,27.8,14.67
3297,10,30,15
3298,10,33.3,16
3299,10,34.4,17
3300,10,35.25,18
3301,10,38.3,19.67
3302,10,39.4,20
3303,10,40,21
3304,10,39.4,21.33
3305,10,39.4,21.33
3306,10,38.85,21
3307,10,37.2,19.67
3308,10,35.6,18
3309,10,34.4,14.67
3310,10,33.3,13
3311,10,32.8,11.67
3312,10,32.5,10
3313,10,31.1,10
3314,10,30,9
3315,10,27.2,8.3
3316,10,26.1,8
3317,10,25.6,7
3318,10,25.6,9
3319,10,26.7,11.33
3320,10,30,14
3321,10,31.1,16.33
3322,10,32.2,18.67
3323,10,32.2,20.33
3324,10,33.05,21.33
3325,10,34.4,22.33
3326,10,35,22.67
3327,10,35.6,23
3328,10,36.1,23
3329,10,35,23
3330,10,34.7,23
3331,10,33.3,22.33
3332,10,32.2,19.33
3333,10,30.6,17.33
3334,10,28.9,14.67
3335,10,27.2,14.67
3336,10,27.2,14
3337,10,26.1,12
3338,10,26.7,10.67
3339,10,24.4,10
3340,10,22.8,8.67
3341,10,21.7,9.33
3342,10,21.4,9.33
3343,10,22.8,12
3344,10,25,14.67
3345,10,27.8,17.67
3346,10,29.4,19.67
3347,10,30.6,21.67
3348,10,32.5,23
3349,10,35,24.67
3350,10,35.6,25.33
3351,10,35,26
3352,10,36.1,26.33
3353,10,35.6,26
3354,10,35.3,26
3355,10,34.4,25
3356,10,33.3,21.67
3357,10,32.2,18.33
3358,10,31.1,17.33
3359,10,29.4,16
3360,10,29.4,14.67
3361,10,26.7,14
3362,10,25,13.33
3363,10,24.4,12.33
3364,10,23.9,12.2
3365,10,23.3,11.7
3366,10,23.3,11.67
3367,10,24.4,14.67
3368,10,27.2,17.33
3369,10,30,20.67
3370,10,31.7,22.33
3371,10,33.9,23.67
3372,10,34.75,25.33
3373,10,36.1,26.67
3374,10,38.3,27
3375,10,38.3,27.33
3376,10,38.3,26
3377,10,38.9,25
3378,10,38.6,24.67
3379,10,36.7,24
3380,10,35.6,22.33
3381,10,33.9,21.33
3382,10,32.2,20.33
3383,10,32.2,20
3384,10,30.8,19.67
3385,10,27.8,18
3386,10,27.8,18
3387,10,26.1,17.33
3388,10,25.6,18.1
3389,10,24.4,17.67
3390,10,24.4,17
3391,10,26.7,17
3392,10,28.9,18.02
3393,10,31.1,18.15
3394,10,33.9,17
3395,10,36.1,19.6
3396,10,37.5,20
3397,10,39.4,18.67
3398,10,41.1,19
3399,10,41.1,19
3400,10,41.1,19
3401,10,40.6,19.33
3402,10,40.6,20
3403,10,40,20
3404,10,38.9,20
3405,10,35,19
3406,10,33.9,18.67
3407,10,33.3,18
3408,10,32.2,17.33
3409,10,30,17
3410,10,29.4,17
3411,10,27.8,17
3412,10,26.7,17
3413,10,25,17
3414,10,25,17
3415,10,26.7,17
3416,10,29.4,17.67
3417,10,31.7,19
3418,10,34.4,20
3419,10,36.1,20
3420,10,36.95,21
3421,10,39.4,22.67
3422,10,41.1,23
3423,10,41.7,24.33
3424,10,40.6,24.67
3425,10,41.1,25.33
3426,10,40.85,24.33
3427,10,38.9,23
3428,10,36.7,22
3429,10,35.6,21
3430,10,34.4,20.67
3431,10,31.7,20
3432,10,32.25,17.33
3433,10,30,17
3434,10,27.8,17
3435,10,26.1,16
3436,10,25.6,16
3437,10,24.4,16
3438,10,24.15,16
3439,10,25.6,17.33
3440,10,27.8,19
3441,10,31.7,20.33
3442,10,32.2,21.67
3443,10,33.3,22.33
3444,10,34.15,23.33
3445,10,36.7,24.33
3446,10,37.2,25.33
3447,10,38.3,22.67
3448,10,38.3,21
3449,10,38.3,20
3450,10,37.75,20.52
3451,10,36.1,20.8
3452,10,34.4,20.2
3453,10,33.3,18.58
3454,10,32.2,17
3455,10,31.7,17
3456,10,30.85,18.3
3457,10,28.3,17.8
3458,10,28.3,17
3459,10,27.8,17
3460,10,26.7,18
3461,10,26.1,18
3462,10,25.55,19.13
3463,10,27.2,18.67
3464,10,28.3,20.53
3465,10,30,21.33
3466,10,31.1,22.33
3467,10,31.7,23.33
3468,10,32.25,24.67
3469,10,35.6,26.67
3470,10,33.9,27
3471,10,33.9,27.33
3472,10,35,27
3473,10,36.1,27
3474,10,35.85,25.67
3475,10,34.4,23
3476,10,32.2,19.67
3477,10,30.6,19.67
3478,10,29.4,21.1
3479,10,28.9,20.67
3480,10,28.35,19.3
3481,10,26.7,19.67
3482,10,25.6,20.3
3483,10,25,20.8
3484,10,24.4,20.6
3485,10,23.9,20
3486,10,23.6,20.6
3487,10,24.4,21.35
3488,10,26.7,21.33
3489,10,28.3,22
3490,10,29.4,23.67
3491,10,30,25.33
3492,10,31.1,26.67
3493,10,33.3,27
3494,10,33.9,28
3495,10,33.9,28.33
3496,10,33.9,29
3497,10,33.3,29.33
3498,10,32.75,28
3499,10,31.7,27.33
3500,10,30,26
3501,10,28.9,24.67
3502,10,27.8,23.33
3503,10,26.7,22.33
3504,10,26.4,21
3505,10,24.4,21.67
3506,10,22.2,21
3507,10,21.1,20.33
3508,10,20.6,20
3509,10,20,19.4
3510,10,19.45,20.6
3511,10,19.4,21.03
3512,10,19.8,20.67
3513,10,21.7,22.33
3514,10,22.8,24.67
3515,10,23.9,26.67
3516,10,24.15,28.33
3517,10,26.1,29.67
3518,10,26.1,30.33
3519,10,25.6,31
3520,10,27.2,30.33
3521,10,26.7,29.67
3522,10,26.4,28.33
3523,10,25.6,27.33
3524,10,25,27
3525,10,24.4,26
3526,10,23.9,24.67
3527,10,21.7,23.67
3528,10,21.7,22.33
3529,10,21.1,22
3530,10,20,21.33
3531,10,19.4,20.67
3532,10,19.4,21.1
3533,10,17.2,21.1
3534,10,16.95,20.6
3535,10,17.8,20.33
3536,10,20,22
3537,10,22.2,23.67
3538,10,23.3,26.33
3539,10,26.7,27.67
3540,10,26.7,28.67
3541,10,27.2,30
3542,10,27.8,30.33
3543,10,28.3,31
3544,10,28.9,30.67
3545,10,30,29.67
3546,10,29.7,28.33
3547,10,28.9,27.33
3548,10,27.8,24
3549,10,26.1,18.67
3550,10,25,18.67
3551,10,25,19.4
3552,10,25.55,19.4
3553,10,24.4,19.33
3554,10,21.7,20
3555,10,20.6,21.33
3556,10,20,20.67
3557,10,19.4,19.67
3558,10,19.15,19.67
3559,10,20.6,20.67
3560,10,22.8,22.33
3561,10,24.4,24.33
3562,10,27.2,26.33
3563,10,29.4,28
3564,10,30.25,30
3565,10,31.7,30.67
3566,10,32.2,31.67
3567,10,33.3,32
3568,10,33.3,32
3569,10,33.9,32
3570,10,33.6,31.33
3571,10,32.8,29.33
3572,10,31.7,27.33
3573,10,31.7,26.67
3574,10,28.3,25.33
3575,10,27.2,25
3576,10,26.65,23.67
3577,10,24.4,23
3578,10,22.8,22.67
3579,10,22.8,22
3580,10,21.1,21.33
3581,10,21.1,21
3582,10,21.1,21
3583,10,22.2,22.33
3584,10,23.9,24.67
3585,10,27.2,26.33
3586,10,28.9,28
3587,10,30.6,30.33
3588,10,31.7,31
3589,10,33.9,31.33
3590,10,35,32
3591,10,35.6,31.33
3592,10,36.7,30.67
3593,10,35.6,28.33
3594,10,35.85,24.33
3595,10,35,20.67
3596,10,34.4,20.67
3597,10,31.7,20.33
3598,10,30.6,20.6
3599,10,30.6,21.05
3600,10,29.45,20
3601,10,28.3,20.8
3602,10,27.8,20.94
3603,10,24.4,18
3604,10,23.9,17
3605,10,22.8,17
3606,10,22.5,17
3607,10,23.3,17.67
3608,10,25.6,18
3609,10,28.3,20.33
3610,10,30,22
3611,10,31.7,24
3612,10,32.8,25
3613,10,35.6,26.33
3614,10,36.7,26.67
3615,10,37.8,27
3616,10,37.2,26.67
3617,10,38.3,27
3618,10,37.75,27.33
3619,10,36.7,25.67
3620,10,35.6,23
3621,10,33.3,21.67
3622,10,31.7,20
3623,10,31.7,20
3624,10,30.3,20
3625,10,29.4,20
3626,10,27.2,19.33
3627,10,26.1,19.67
3628,10,26.7,19
3629,10,24.4,18
3630,10,24.15,17
3631,10,25.6,19
3632,10,28.9,20.67
3633,10,31.1,22.33
3634,10,32.8,23.33
3635,10,34.4,24.67
3636,10,35.8,25
3637,10,38.3,25.33
3638,10,40,26
3639,10,41.1,26
3640,10,41.7,26
3641,10,42.2,26
3642,10,41.95,26
3643,10,40.6,25
3644,10,39.4,23
3645,10,36.1,20.67
3646,10,35,18
3647,10,35,17.33
3648,10,33.6,17
3649,10,30.6,16.33
3650,10,29.4,16.33
3651,10,27.8,16.33
3652,10,27.2,17
3653,10,26.1,17.67
3654,10,26.1,18
3655,10,27.8,18.33
3656,10,30,19.33
3657,10,32.2,20.67
3658,10,35.6,22.33
3659,10,37.2,24
3660,10,38.3,25
3661,10,41.1,21.67
3662,10,41.7,20.33
3663,10,43.15,23.33
3664,10,43.3,22.33
3665,10,43.15,21
3666,10,43.05,20.67
3667,10,41.7,20.8
3668,10,39.4,19.33
3669,10,37.2,17
3670,10,36.1,18.95
3671,10,36.1,16
3672,10,35.25,17.2
3673,10,33.9,15
3674,10,32.8,15.67
3675,10,32.8,13.67
3676,10,27.8,12.33
3677,10,27.2,12.33
3678,10,26.65,12.33
3679,10,27.2,15.33
3680,10,29.4,16
3681,10,32.8,17
3682,10,35,18
3683,10,36.1,18.67
3684,10,36.95,19
3685,10,40.6,20.67
3686,10,39.4,20.33
3687,10,40.6,21.33
3688,10,41.1,21.67
3689,10,40.8,21.67
3690,10,40.3,21
3691,10,38.3,20.67
3692,10,36.7,17
3693,10,35.6,14.67
3694,10,33.9,13.33
3695,10,31.7,14.67
3696,10,31.4,14.33
3697,10,31.7,14.33
3698,10,27.2,12
3699,10,26.7,11
3700,10,25.6,10.33
3701,10,25.6,10.67
3702,10,24.75,11.33
3703,10,25,14.67
3704,10,27.8,17.67
3705,10,29.4,19.67
3706,10,32.2,20.67
3707,10,33.9,21.33
3708,10,34.75,22.33
3709,10,37.2,22.67
3710,10,37.8,23.67
3711,10,37.8,24.67
3712,10,38.3,25
3713,10,38.3,24.33
3714,10,38.05,23.67
3715,10,36.7,21.67
3716,10,36.7,19.67
3717,10,35,18
3718,10,32.8,18
3719,10,33.3,16.67
3720,10,32.5,15
3721,10,30.6,14.33
3722,10,28.9,14.67
3723,10,26.7,14
3724,10,26.7,13.33
3725,10,25.6,12.33
3726,10,25,13.33
3727,10,25.6,16.33
3728,10,27.8,18.33
3729,10,30,19
3730,10,32.2,19.33
3731,10,33.9,20
3732,10,34.45,20.67
3733,10,35.6,20.67
3734,10,37.2,21
3735,10,38.3,21
3736,10,37.8,21
3737,10,37.8,21
3738,10,37.8,20.67
3739,10,37.2,20
3740,10,36.7,18.33
3741,10,34.4,18
3742,10,33.3,17.67
3743,10,32.2,16.33
3744,10,31.95,15.33
3745,10,31.1,15
3746,10,30,14.33
3747,10,28.3,13.67
3748,10,27.2,13
3749,10,25.6,13
3750,10,25.6,13
3751,10,26.1,13
3752,10,27.8,14.33
3753,10,29.4,15
3754,10,30.6,16
3755,10,32.8,17
3756,10,33.6,17.67
3757,10,35,18
3758,10,37.2,18.33
3759,10,38.3,19
3760,10,37.8,18
3761,10,36.7,18
3762,10,36.7,17.67
3763,10,35.6,17
3764,10,35,17
3765,10,33.9,16.33
3766,10,32.8,14
3767,10,31.1,13.5
3768,10,30.25,12.33
3769,10,27.8,11.33
3770,10,28.9,11.7
3771,10,27.2,10.67
3772,10,25.6,11.7
3773,10,24.4,11.7
3774,10,23.85,10.67
3775,10,25,13.33
3776,10,26.7,16
3777,10,29.4,17.67
3778,10,31.7,18.67
3779,10,33.3,20.67
3780,10,34.15,20.67
3781,10,36.1,20.67
3782,10,36.1,21.67
3783,10,37.2,21.33
3784,10,37.2,22
3785,10,37.2,22.33
3786,10,37.2,23
3787,10,36.7,22
3788,10,35.6,19.67
3789,10,34.4,17.67
3790,10,32.2,16.67
3791,10,30.6,15.67
3792,10,30,14.67
3793,10,29.4,14.67
3794,10,30,14
3795,10,27.2,13.33
3796,10,25.6,12.67
3797,10,25,12.2
3798,10,24.7,12.33
3799,10,25.6,15.67
3800,10,27.2,18.67
3801,10,29.4,21
3802,10,31.7,22.33
3803,10,34.4,23
3804,10,35,24
3805,10,37.8,25
3806,10,37.8,24.33
3807,10,37.8,24.33
3808,10,37.8,25.67
3809,10,37.8,23.33
3810,10,38.05,24.67
3811,10,37.2,22.33
3812,10,36.1,20.67
3813,10,36.1,17.67
3814,10,33.9,16.67
3815,10,32.8,16.67
3816,10,31.95,17
3817,10,31.1,15.33
3818,10,29.4,14.67
3819,10,27.8,14.67
3820,10,26.7,12.67
3821,10,26.1,12.67
3822,10,25.55,13
3823,10,26.1,16.33
3824,10,28.3,20
3825,10,30.6,22.33
3826,10,32.8,23.67
3827,10,35,25
3828,10,35.55,26.33
3829,10,37.8,27
3830,10,38.3,27.67
3831,10,38.3,27
3832,10,39.4,27.67
3833,10,39.4,27.67
3834,10,39.4,27
3835,10,38.9,26
3836,10,37.2,23.33
3837,10,35.6,20.67
3838,10,33.9,20.33
3839,10,32.8,20
3840,10,32.5,19.67
3841,10,30,18.67
3842,10,27.8,18
3843,10,27.2,18
3844,10,26.1,17.33
3845,10,25,16.33
3846,10,24.7,17.33
3847,10,26.7,19.67
3848,10,27.8,22.67
3849,10,30,26
3850,10,32.8,27.67
3851,10,35.6,28.33
3852,10,36.7,29.67
3853,10,36.1,30
3854,10,37.8,31
3855,10,37.8,31
3856,10,38.3,31.33
3857,10,38.3,31
3858,10,38.3,31
3859,10,37.8,29.67
3860,10,36.1,26.67
3861,10,34.4,24
3862,10,32.8,22.33
3863,10,32.8,21.33
3864,10,32.25,21
3865,10,28.9,20.67
3866,10,27.8,20.33
3867,10,27.2,19
3868,10,26.1,17.67
3869,10,25,16.67
3870,10,25,17.33
3871,10,26.1,20.67
3872,10,27.8,24
3873,10,30,26.67
3874,10,32.8,28
3875,10,33.9,30
3876,10,34.45,31.33
3877,10,36.1,31.67
3878,10,36.7,32.67
3879,10,37.2,33
3880,10,37.2,33
3881,10,37.8,32
3882,10,37.8,31.67
3883,10,37.2,30.67
3884,10,36.7,27
3885,10,36.1,25.33
3886,10,32.8,23
3887,10,31.7,22
3888,10,31.4,20.67
3889,10,31.7,20
3890,10,30.6,19.33
3891,10,29.4,18.33
3892,10,27.8,18
3893,10,27.8,18
3894,10,26.95,18
3895,10,27.2,21
3896,10,28.9,23.67
3897,10,30.6,26.67
3898,10,33.3,28
3899,10,35.6,29
3900,10,35.85,30.67
3901,10,38.9,30
3902,10,38.9,30.67
3903,10,39.4,30
3904,10,38.9,30.33
3905,10,38.9,27
3906,10,38.9,24.67
3907,10,38.3,24
3908,10,37.8,23
3909,10,36.7,23
3910,10,34.4,23
3911,10,32.2,23
3912,10,32.75,22.67
3913,10,31.7,22.67
3914,10,31.1,22.33
3915,10,28.3,22
3916,10,27.8,21.33
3917,10,27.2,21
3918,10,26.95,20.9
3919,10,27.2,21
3920,10,29.4,21
3921,10,31.7,22
3922,10,33.9,22
3923,10,35.6,22.33
3924,10,36.4,22.33
3925,10,39.4,22.58
3926,10,40.6,23.3
3927,10,40,24
3928,10,41.1,26.33
3929,10,40.6,26.33
3930,10,40.3,26
3931,10,39.4,25.67
3932,10,38.9,24.67
3933,10,36.7,23.33
3934,10,34.4,23.15
3935,10,33.9,21
3936,10,32.5,21
3937,10,29.4,20.67
3938,10,30,20
3939,10,28.3,20
3940,10,27.2,20
3941,10,26.7,20
3942,10,26.15,19.4
3943,10,26.7,20.6
3944,10,29.4,21
3945,10,31.7,21
3946,10,34.4,22
3947,10,36.1,22
3948,10,37.2,23.33
3949,10,39.4,24.67
3950,10,39.4,25.33
3951,10,40,26
3952,10,40,26
3953,10,40.6,25.33
3954,10,40.6,25
3955,10,40,24.67
3956,10,38.9,22.67
3957,10,36.1,21.33
3958,10,34.4,20.67
3959,10,33.9,20
3960,10,33.35,18.67
3961,10,33.3,18.67
3962,10,31.7,18
3963,10,30.6,17.33
3964,10,28.3,17
3965,10,26.7,17
3966,10,26.4,17
3967,10,27.2,17.67
3968,10,30,19.67
3969,10,31.7,21.67
3970,10,33.9,22
3971,10,36.7,22.67
3972,10,36.95,24
3973,10,39.4,25.67
3974,10,39.4,25.33
3975,10,39.45,25.67
3976,10,40.6,26
3977,10,41.1,26.67
3978,10,40.55,26
3979,10,39.4,25
3980,10,37.2,24.67
3981,10,35,23
3982,10,33.9,22.33
3983,10,33.3,21.33
3984,10,32.75,20.67
3985,10,31.7,19.67
3986,10,29.4,19.67
3987,10,30,18
3988,10,28.3,17.67
3989,10,26.7,16.33
3990,10,26.7,17
3991,10,28.3,18.67
3992,10,29.4,20
3993,10,31.7,21.33
3994,10,32.8,22.33
3995,10,35,23
3996,10,35,25
3997,10,36.7,25.67
3998,10,36.7,26
3999,10,38.3,26.33
4000,10,39.4,26.33
4001,10,38.3,26
4002,10,38.85,25.67
4003,10,37.8,25
4004,10,37.8,23.67
4005,10,35.6,21
4006,10,32.8,18.33
4007,10,32.2,17.33
4008,10,31.65,17.33
4009,10,30.6,16.67
4010,10,29.4,15
4011,10,28.9,12.2
4012,10,28.3,14
4013,10,26.7,13.67
4014,10,26.15,14
4015,10,27.8,17
4016,10,29.4,18
4017,10,32.2,21.7
4018,10,33.9,22.2
4019,10,35.6,23
4020,10,36.15,24.67
4021,10,38.3,25.33
4022,10,38.9,25.67
4023,10,39.4,26
4024,10,39.4,26.33
4025,10,41.1,26
4026,10,40.55,25.67
4027,10,37.44,25
4028,10,35.6,23.33
4029,10,35,21.33
4030,10,35,20
4031,10,33.9,19.67
4032,10,33.35,19.67
4033,10,31.7,16.67
4034,10,30.6,15
4035,10,30,14
4036,10,29.4,13.67
4037,10,28.3,11.1
4038,10,28.3,14
4039,10,29.4,17
4040,10,31.7,19.67
4041,10,33.9,20.67
4042,10,36.1,22
4043,10,37.8,23
4044,10,38.6,24.33
4045,10,40,25.33
4046,10,41.1,26
4047,10,41.7,26
4048,10,42.2,25.67
4049,10,42.2,25
4050,10,42.5,24.67
4051,10,41.7,23
4052,10,40,22
4053,10,38.3,21
4054,10,37.2,20.67
4055,10,36.7,20
4056,10,36.95,18
4057,10,35,18.33
4058,10,35,18.33
4059,10,33.9,16.7
4060,10,32.8,16.33
4061,10,33.3,16.33
4062,10,31.95,16.33
4063,10,31.1,17
4064,10,33.3,17
4065,10,36.1,17
4066,10,38.3,17
4067,10,40,17
4068,10,41.1,17.67
4069,10,42.8,18
4070,10,43.9,18.67
4071,10,43.9,19
4072,10,43.3,19.67
4073,10,43.9,20
4074,10,43.35,20
4075,10,42.2,20
4076,10,40.6,19.67
4077,10,37.8,19.33
4078,10,36.1,19
4079,10,34.4,19.4
4080,10,33.85,20
4081,10,33.3,20
4082,10,33.3,20
4083,10,30.6,19.2
4084,10,30,19.4
4085,10,28.3,20
4086,10,27.75,20
4087,10,28.3,20
4088,10,31.1,20.67
4089,10,33.9,21.33
4090,10,35,23.33
4091,10,36.1,25
4092,10,36.65,27
4093,10,41.1,28
4094,10,40,30
4095,10,40.6,30.67
4096,10,40.6,31.33
4097,10,41.7,31.67
4098,10,41.95,32
4099,10,40.6,30.67
4100,10,38.3,28.67
4101,10,36.7,27.67
4102,10,35.6,26
4103,10,35,25
4104,10,34.45,24.33
4105,10,33.9,23
4106,10,30,23.33
4107,10,29.4,22.33
4108,10,27.8,22.2
4109,10,27.2,21
4110,10,27.2,22.2
4111,10,28.3,24.67
4112,10,30,27.33
4113,10,32.2,29.67
4114,10,34.4,30.67
4115,10,36.7,31.67
4116,10,37.5,32.33
4117,10,40,33
4118,10,41.7,33
4119,10,40.6,33
4120,10,42.2,33
4121,10,41.7,33
4122,10,41.7,33
4123,10,40.6,32
4124,10,39.4,28.67
4125,10,36.1,27
4126,10,36.1,25.67
4127,10,35.6,25
4128,10,35,25
4129,10,33.3,25
4130,10,31.7,25
4131,10,31.1,24.67
4132,10,28.3,23
4133,10,27.2,22.67
4134,10,27.2,23.33
4135,10,28.9,26.67
4136,10,31.7,28.33
4137,10,33.9,30.33
4138,10,35,31.67
4139,10,37.2,32.67
4140,10,38.05,33.33
4141,10,39.4,33.33
4142,10,41.1,34
4143,10,41.7,34.33
4144,10,41.7,34.67
4145,10,42.2,34.67
4146,10,41.95,32.33
4147,10,41.1,30.67
4148,10,40.6,29.67
4149,10,39.4,29
4150,10,37.2,28.33
4151,10,36.1,27.67
4152,10,35.85,26.67
4153,10,35,26.33
4154,10,33.9,26
4155,10,32.8,26
4156,10,32.2,26
4157,10,31.7,25.33
4158,10,30.55,25.67
4159,10,31.1,26
4160,10,32.2,26.33
4161,10,33.9,28
4162,10,35.6,28.67
4163,10,37.2,30.33
4164,10,37.5,30.67
4165,10,40,31.33
4166,10,41.1,32
4167,10,40.6,32
4168,10,41.1,31.67
4169,10,41.7,31.33
4170,10,41.4,26.33
4171,10,40,21
4172,10,38.9,20.9
4173,10,37.8,21
4174,10,36.7,21
4175,10,34.4,21.67
4176,10,33.6,21.67
4177,10,32.8,21.33
4178,10,31.1,21
4179,10,32.8,20.6
4180,10,30,20
4181,10,28.9,20
4182,10,28.35,20.67
4183,10,28.3,22.33
4184,10,30.6,23.33
4185,10,32.8,25.33
4186,10,34.4,26
4187,10,36.7,27.33
4188,10,38.05,27.67
4189,10,39.4,29.33
4190,10,40.6,29.33
4191,10,40.6,30
4192,10,41.1,30
4193,10,41.1,30
4194,10,40.85,29.33
4195,10,40,27.67
4196,10,39.4,25.33
4197,10,38.3,22.67
4198,10,36.7,21.67
4199,10,35.6,20.33
4200,10,35.3,20.33
4201,10,34.4,20.33
4202,10,32.8,20
4203,10,32.8,18.67
4204,10,32.8,18
4205,10,31,17
4206,10,30.8,18
4207,10,32.2,20.33
4208,10,32.8,23.33
4209,10,33.3,26
4210,10,34.4,27.67
4211,10,36.7,29
4212,10,37.5,30.33
4213,10,38.9,30.67
4214,10,38.9,31
4215,10,39.4,30.33
4216,10,40,30
4217,10,40.6,30.67
4218,10,40.3,30
4219,10,39.4,28.33
4220,10,38.3,26.33
4221,10,38.3,25.33
4222,10,37.8,24.67
4223,10,36.7,23.67
4224,10,36.15,23
4225,10,34.4,22.67
4226,10,33.9,22
4227,10,33.3,21.33
4228,10,32.8,20
4229,10,32.2,20.6
4230,10,31.95,20.33
4231,10,32.2,22
4232,10,32.8,24
4233,10,35,26
4234,10,36.1,26
4235,10,36.7,25.33
4236,10,37.25,26.33
4237,10,38.9,27.33
4238,10,40,28
4239,10,40,28
4240,10,40.6,27.67
4241,10,40.6,27
4242,10,40.3,26.33
4243,10,40,24.67
4244,10,38.9,22.67
4245,10,38.9,22
4246,10,37.2,21
4247,10,36.1,20
4248,10,36.1,18
4249,10,35,17
4250,10,35,16
4251,10,34.4,16
4252,10,33.3,15
4253,10,31.7,14.67
4254,10,32.25,14.67
4255,10,33.3,16.33
4256,10,34.4,17.67
4257,10,36.7,20
4258,10,37.8,21
4259,10,38.3,22
4260,10,38.85,22.67
4261,10,40,23.67
4262,10,42.8,24.67
4263,10,42.2,25
4264,10,42.8,25.33
4265,10,42.2,25.67
4266,10,42.2,25.33
4267,10,41.1,24
4268,10,40,21.67
4269,10,37.23,20
4270,10,37.2,19
4271,10,37.8,18
4272,10,37.5,16.33
4273,10,35.6,16.33
4274,10,34.4,17.67
4275,10,33.9,16.67
4276,10,33.3,17
4277,10,32.2,17
4278,10,31.95,17.33
4279,10,31.7,19
4280,10,33.9,21
4281,10,36.1,22.67
4282,10,37.8,24.67
4283,10,38.3,26.33
4284,10,39.15,27
4285,10,41.1,28.33
4286,10,41.7,28.67
4287,10,42.2,29.67
4288,10,42.8,29.33
4289,10,43.3,28.67
4290,10,43.05,27.33
4291,10,41.1,27.67
4292,10,37.2,24.67
4293,10,33.98,22.67
4294,10,34.08,21.67
4295,10,33.3,21.33
4296,10,33.3,21
4297,10,33.3,21
4298,10,32.8,20
4299,10,32.2,18.67
4300,10,31.7,17.67
4301,10,32.8,17.33
4302,10,32.25,17.67
4303,10,32.2,22
4304,10,32.8,23.67
4305,10,35,26.67
4306,10,36.1,28
4307,10,38.3,29.67
4308,10,39.15,31.33
4309,10,41.7,31.67
4310,10,41.7,32.33
4311,10,42.8,33
4312,10,43.3,33
4313,10,42.8,33
4314,10,42.87,32.67
4315,10,42.2,31.33
4316,10,41.7,29.33
4317,10,40,27.33
4318,10,38.3,26
4319,10,37.2,26
4320,10,36.95,23.67
4321,10,36.1,23.33
4322,10,35.6,23.33
4323,10,34.4,23
4324,10,33.3,22.33
4325,10,34.4,22.67
4326,10,33.3,23
4327,10,32.8,25
4328,10,34.4,30
4329,10,36.1,32.67
4330,10,37.8,33
4331,10,38.3,33.67
4332,10,39.15,35
4333,10,40.6,36
4334,10,41.7,37
4335,10,42.8,37.33
4336,10,43.3,37.67
4337,10,42.8,37
4338,10,42.8,36.5
4339,10,41.7,35
4340,10,40.6,33
4341,10,40.6,32
4342,10,38.3,24.67
4343,10,37.2,21
4344,10,36.4,21.85
4345,10,35.6,21
4346,10,35.6,21.95
4347,10,35,21
4348,10,33.9,20.67
4349,10,32.2,20.33
4350,10,32.2,20.33
4351,10,32.2,22.67
4352,10,33.3,25.33
4353,10,33.9,27
4354,10,35,28.33
4355,10,36.7,29.67
4356,10,37.8,31
4357,10,39.4,31.67
4358,10,40.6,32
4359,10,41.7,32.67
4360,10,41.7,33
4361,10,42.2,33.33
4362,10,42.2,33
4363,10,41.7,31.5
4364,10,40.6,26.33
4365,10,38.9,27.8
4366,10,37.2,26
4367,10,37.2,25
4368,10,36.65,24.67
4369,10,34.4,24.4
4370,10,34.4,23.33
4371,10,31.7,23.33
4372,10,33.3,22.2
4373,10,31.1,22.67
4374,10,30.55,23
4375,10,31.1,25
4376,10,31.7,27
4377,10,33.9,30
4378,10,36.1,31.33
4379,10,37.2,32
4380,10,38.3,33
4381,10,41.1,33
4382,10,40.6,33.33
4383,10,41.1,33.33
4384,10,42.2,34
4385,10,42.2,34
4386,10,41.65,33
4387,10,41.1,32
4388,10,40.6,28.33
4389,10,40,27
4390,10,36.7,27
4391,10,36.1,26.33
4392,10,35.55,25.33
4393,10,33.9,25.67
4394,10,33.9,25
4395,10,32.2,23.67
4396,10,31.7,22.33
4397,10,30.6,22
4398,10,30.6,22
4399,10,32.2,24
4400,10,33.3,25.67
4401,10,34.4,27
4402,10,36.1,28
4403,10,36.7,29.67
4404,10,37.25,30.67
4405,10,38.9,31
4406,10,39.4,31.67
4407,10,40,32
4408,10,41.1,31.67
4409,10,40.6,31.67
4410,10,40.3,31
4411,10,40,31
4412,10,39.4,28
4413,10,37.8,25.67
4414,10,36.7,24.67
4415,10,35,24.33
4416,10,34.7,23.33
4417,10,33.3,23
4418,10,32.8,21.95
4419,10,31.7,21.5
4420,10,31.1,21.33
4421,10,30.6,21
4422,10,30.6,21.33
4423,10,30.6,23.33
4424,10,30,26.67
4425,10,31.1,28.33
4426,10,32.2,30
4427,10,33.3,31
4428,10,34.15,32
4429,10,35.6,32.33
4430,10,36.7,33
4431,10,37.2,33
4432,10,37.2,33
4433,10,37.2,32.67
4434,10,37.2,31
4435,10,36.7,31
4436,10,35,24.33
4437,10,34.4,22
4438,10,33.9,22.2
4439,10,33.3,21
4440,10,33.05,22
4441,10,32.2,22
4442,10,30.6,22.67
4443,10,30,23
4444,10,28.9,23
4445,10,27.8,23
4446,10,27.5,22.33
4447,10,27.8,22.33
4448,10,28.3,24.33
4449,10,27.8,26.67
4450,10,28.3,29
4451,10,25.6,30.33
4452,10,24.45,31.67
4453,10,23.9,33
4454,10,24.4,34
4455,10,25,35
4456,10,26.1,35
4457,10,26.7,35
4458,10,26.95,35
4459,10,27.2,32.67
4460,10,26.7,31
4461,10,26.1,29.67
4462,10,26.1,26.67
4463,10,25.6,25
4464,10,25.6,24.67
4465,10,25.6,25
4466,10,25.6,23.33
4467,10,25,22
4468,10,25,22
4469,10,25,22.33
4470,10,25,24
4471,10,25.6,27
4472,10,26.7,28.33
4473,10,28.9,30
4474,10,31.7,31.67
4475,10,33.3,32.33
4476,10,33.05,33.33
4477,10,35,33.67
4478,10,36.1,34.67
4479,10,36.1,35
4480,10,36.1,35
4481,10,36.7,34.67
4482,10,36.7,34
4483,10,36.1,32.67
4484,10,35.6,31.33
4485,10,34.4,29
4486,10,35,30
4487,10,33.3,28.33
4488,10,33.6,26.67
4489,10,33.3,26
4490,10,32.8,26
4491,10,31.7,26.33
4492,10,30.6,26.33
4493,10,30,26
4494,10,29.7,25.67
4495,10,29.4,27.67
4496,10,31.1,28.33
4497,10,33.3,30
4498,10,35,31
4499,10,36.1,32
4500,10,36.4,32.33
4501,10,38.9,33.67
4502,10,38.9,34.33
4503,10,39.4,35
4504,10,39.4,35
4505,10,39.4,35
4506,10,39.4,35
4507,10,38.3,33
4508,10,37.8,30.67
4509,10,36.1,28.33
4510,10,35,27.67
4511,10,34.4,28
4512,10,34.4,27
4513,10,33.9,27.33
4514,10,30.6,26.67
4515,10,30.6,25.67
4516,10,30.6,25.67
4517,10,31.1,25.67
4518,10,31.1,25.67
4519,10,31.1,27.33
4520,10,32.2,30
4521,10,34.4,32
4522,10,36.1,33.33
4523,10,37.8,35
4524,10,38.6,35.33
4525,10,40.6,36
4526,10,41.7,36.33
4527,10,42.8,36
4528,10,42.8,37
4529,10,42.8,37
4530,10,42.5,36.67
4531,10,41.1,35
4532,10,40,33
4533,10,37.8,32
4534,10,36.7,31.33
4535,10,36.7,30
4536,10,36.15,30
4537,10,35.6,29.67
4538,10,33.9,28
4539,10,32.8,28
4540,10,32.2,28.67
4541,10,31.1,27.67
4542,10,31.1,27.33
4543,10,31.1,29.67
4544,10,32.8,31
4545,10,33.9,32
4546,10,36.7,33
4547,10,37.8,33.33
4548,10,38.6,34.67
4549,10,41.1,36
4550,10,42.8,35.67
4551,10,42.2,29.67
4552,10,43.3,26.33
4553,10,42.2,25
4554,10,42.2,25.33
4555,10,41.1,26
4556,10,40.6,25
4557,10,39.4,25
4558,10,40,25.33
4559,10,40,25
4560,10,38.35,25.8
4561,10,36.1,24.2
4562,10,35,24.4
4563,10,34.4,24.2
4564,10,34.4,23.3
4565,10,33.3,23.3
4566,10,33.3,22
4567,10,34.4,22
4568,10,35.6,22
4569,10,37.2,22
4570,10,38.9,22.67
4571,10,40.6,24
4572,10,41.15,25.67
4573,10,42.2,26
4574,10,43.9,26.67
4575,10,43.9,27.67
4576,10,43.9,28.67
4577,10,44.4,29
4578,10,43.85,29
4579,10,43.3,27.33
4580,10,42.2,27
4581,10,40.6,25
4582,10,40,23
4583,10,38.9,22.67
4584,10,38.6,22
4585,10,37.8,22
4586,10,35.6,21
4587,10,34.4,21
4588,10,33.3,20.6
4589,10,32.8,20
4590,10,32.8,20.33
4591,10,33.3,22.33
4592,10,36.1,25
4593,10,36.7,26.33
4594,10,37.8,27.67
4595,10,38.9,28.67
4596,10,39.75,30
4597,10,41.1,31
4598,10,42.8,31
4599,10,43.3,31.33
4600,10,42.8,31.33
4601,10,42.8,29
4602,10,42.8,28
4603,10,42.2,27
4604,10,41.7,26
4605,10,41.7,25.67
4606,10,40,23.67
4607,10,36.7,22.33
4608,10,35.85,21.33
4609,10,33.9,22
4610,10,33.9,21.33
4611,10,33.3,21
4612,10,32.8,21
4613,10,32.8,19.4
4614,10,32.5,21
4615,10,32.8,22
4616,10,33.9,23
4617,10,36.7,24.67
4618,10,37.8,26.67
4619,10,39.4,28.33
4620,10,40.25,29.67
4621,10,40.6,30.67
4622,10,42.8,30.67
4623,10,42.2,30.67
4624,10,42.2,31.67
4625,10,43.3,31
4626,10,42.75,30.67
4627,10,41.7,28.67
4628,10,40.6,28
4629,10,40.6,27
4630,10,39.4,24.33
4631,10,35.1,23.33
4632,10,34.2,22.33
4633,10,27.3,21.67
4634,10,27.4,20
4635,10,26.37,19.67
4636,10,27.8,18.67
4637,10,27.8,18
4638,10,28.05,18.67
4639,10,27.8,21.33
4640,10,28.3,23.33
4641,10,30.6,25.67
4642,10,31.7,26.67
4643,10,33.9,27.67
4644,10,34.75,28.67
4645,10,38.3,29.67
4646,10,38.9,30.67
4647,10,38.9,30.67
4648,10,39.4,30
4649,10,38.9,30.33
4650,10,38.35,29.67
4651,10,37.8,28.33
4652,10,36.1,27.67
4653,10,35,26.33
4654,10,33.3,24.33
4655,10,32.8,23
4656,10,31.95,22.67
4657,10,31.7,21.67
4658,10,30,21.33
4659,10,29.4,21
4660,10,28.9,20.67
4661,10,28.9,20.33
4662,10,28.6,21
4663,10,28.9,22
4664,10,29.4,22.33
4665,10,28.63,25.67
4666,10,26.1,26.67
4667,10,28.3,27
4668,10,29.15,27
4669,10,30.6,27.67
4670,10,31.1,27.67
4671,10,32.2,27
4672,10,33.9,27
4673,10,34.4,26.67
4674,10,34.4,26.67
4675,10,33.9,26
4676,10,33.9,26
4677,10,33.3,25
4678,10,32.8,23
4679,10,31.7,23
4680,10,31.15,23
4681,10,30.6,23.67
4682,10,30,23.67
4683,10,30,23
4684,10,28.9,23
4685,10,28.3,21.67
4686,10,28.6,20.67
4687,10,29.4,20.8
4688,10,30.6,21
4689,10,30,21.67
4690,10,30,22.33
4691,10,31.7,23.67
4692,10,31.7,25.33
4693,10,33.3,26.33
4694,10,35,27.33
4695,10,34.4,28.33
4696,10,27,29.67
4697,10,25.2,30
4698,10,25.8,29.67
4699,10,26.1,28
4700,10,26.1,26.33
4701,10,26.7,25
4702,10,26.7,24.33
4703,10,27.2,23.33
4704,10,26.65,23.3
4705,10,26.1,23.3
4706,10,25.6,23.05
4707,10,25,23.1
4708,10,25,23.3
4709,10,25,23.3
4710,10,25,23.3
4711,10,26.1,23.9
4712,10,27.2,24.67
4713,10,28.9,26.33
4714,10,30,29
4715,10,32.2,30.33
4716,10,32.75,31.67
4717,10,34.4,32
4718,10,36.1,32.33
4719,10,35.6,33.67
4720,10,37.8,32.33
4721,10,35.5,26
4722,10,31.16,25.33
4723,10,31.57,26
4724,10,32.2,25
4725,10,30.6,24.67
4726,10,28.9,24.33
4727,10,28.9,25
4728,10,28.6,24
4729,10,27.8,22.67
4730,10,27.8,23
4731,10,27.2,23
4732,10,27.2,22.67
4733,10,27.2,22.33
4734,10,26.65,23
4735,10,28.3,25
4736,10,29.4,26
4737,10,31.1,27.33
4738,10,32.2,29
4739,10,33.9,30.33
4740,10,34.45,31.33
4741,10,37.2,32.33
4742,10,38.3,32.67
4743,10,38.3,33
4744,10,37.8,33
4745,10,37.8,33
4746,10,37.8,33
4747,10,37.8,32
4748,10,36.7,30
4749,10,35.6,27.67
4750,10,34.4,26
4751,10,33.9,25
4752,10,33.9,24.33
4753,10,32.8,23.67
4754,10,31.7,23.67
4755,10,29.4,25
4756,10,30,23.67
4757,10,28.3,23
4758,10,28.3,23.5
4759,10,29.4,25.33
4760,10,30.6,28
4761,10,32.2,30
4762,10,33.3,31.33
4763,10,35,32.33
4764,10,35.55,33.33
4765,10,37.8,34.67
4766,10,38.3,35.67
4767,10,38.9,36
4768,10,38.3,36
4769,10,38.9,36
4770,10,38.6,35.33
4771,10,37.2,33
4772,10,36.7,31.67
4773,10,35.6,30
4774,10,33.9,28.33
4775,10,31.7,28
4776,10,31.7,27.67
4777,10,31.1,26.67
4778,10,29.4,27
4779,10,30,25.67
4780,10,30.6,24.67
4781,10,28.9,25
4782,10,28.9,24
4783,10,29.4,26.33
4784,10,31.1,29.67
4785,10,32.2,31.67
4786,10,35,33
4787,10,36.7,35
4788,10,37.25,36
4789,10,38.9,36.33
4790,10,40.6,34
4791,10,39.4,33
4792,10,41.1,27
4793,10,40.6,27
4794,10,40.3,27
4795,10,38.9,27
4796,10,37.8,26
4797,10,36.7,26
4798,10,36.1,26
4799,10,36.1,26
4800,10,35.55,25
4801,10,32.2,25
4802,10,31.7,25
4803,10,32.8,25
4804,10,32.2,24.5
4805,10,32.2,25
4806,10,31.65,25.6
4807,10,32.8,25
4808,10,32.8,26
4809,10,35,27
4810,10,36.1,29
4811,10,37.2,30
4812,10,38.05,31
4813,10,40,31.67
4814,10,41.7,32.67
4815,10,40,33
4816,10,39.4,33.33
4817,10,39.4,33
4818,10,39.15,32.5
4819,10,38.3,31.67
4820,10,37.2,29.33
4821,10,36.7,23.45
4822,10,35,23.1
4823,10,34.4,23.1
4824,10,34.15,23.63
4825,10,33.3,23.15
4826,10,33.3,23.2
4827,10,31.7,23.15
4828,10,31.7,22.5
4829,10,31.1,22.8
4830,10,30.85,22.2
4831,10,30,22.8
4832,10,32.2,23.5
4833,10,35,25
4834,10,35.6,25
4835,10,37.2,25
4836,10,38.3,25
4837,10,40,25
4838,10,41.1,26
4839,10,42.2,27
4840,10,42.8,26.33
4841,10,41.1,25
4842,10,41.1,24.67
4843,10,38.9,23
4844,10,36.7,22
4845,10,35.6,22
4846,10,34.4,21
4847,10,33.9,21
4848,10,33.05,20
4849,10,31.1,20
4850,10,30,20
4851,10,30.6,19.4
4852,10,30,19.4
4853,10,30.6,18.98
4854,10,30.3,18.95
4855,10,31.1,18.43
4856,10,32.2,18.3
4857,10,32.8,18
4858,10,34.4,18
4859,10,36.7,18
4860,10,37.5,18.5
4861,10,38.9,18.95
4862,10,40.6,19.33
4863,10,40,19.4
4864,10,41.7,19.4
4865,10,40.6,20.33
4866,10,37.68,21
4867,10,31.2,21
4868,10,28.95,20
4869,10,29.5,20
4870,10,28.9,20.8
4871,10,28.9,20.8
4872,10,28.9,20
4873,10,28.3,20
4874,10,28.3,20
4875,10,28.9,20
4876,10,29.4,20
4877,10,30,20
4878,10,29.15,20
4879,10,28.9,20.67
4880,10,29.4,21
4881,10,31.7,22
4882,10,33.3,22
4883,10,34.4,22.67
4884,10,36.1,24
4885,10,38.3,25
4886,10,38.9,25.5
4887,10,38.9,27.33
4888,10,39.4,28
4889,10,38.07,28
4890,10,36,28
4891,10,33.9,27
4892,10,33.3,26
4893,10,32.8,24.67
4894,10,32.2,23
4895,10,31.7,22.67
4896,10,31.4,23
4897,10,31.1,22.67
4898,10,30.6,22
4899,10,30.6,22.2
4900,10,30,22.2
4901,10,30,21
4902,10,29.7,21.7
4903,10,30.6,22.67
4904,10,31.7,25
4905,10,33.3,26.33
4906,10,33.9,28.33
4907,10,35.6,28.67
4908,10,36.4,30.67
4909,10,37.8,29.67
4910,10,38.3,28.67
4911,10,39.4,29
4912,10,40,30.33
4913,10,38.9,31
4914,10,38.3,30
4915,10,37.8,29.67
4916,10,37.2,28
4917,10,36.7,26.33
4918,10,34.4,26
4919,10,33.3,25.67
4920,10,33.05,25
4921,10,32.8,25
4922,10,30,25
4923,10,30,23
4924,10,28.9,22.33
4925,10,28.9,22
4926,10,28.9,22
4927,10,28.9,26.33
4928,10,30.6,29
4929,10,32.2,30
4930,10,32.2,30
4931,10,33.9,29.5
4932,10,34.45,30.67
4933,10,36.1,31
4934,10,37.2,30.33
4935,10,38.9,30
4936,10,39.4,28.33
4937,10,38.3,28
4938,10,38.3,27
4939,10,37.8,27
4940,10,36.1,26.33
4941,10,35,25.33
4942,10,33.65,24.67
4943,10,32.8,25
4944,10,32.5,25
4945,10,31.7,25
4946,10,31.1,23.33
4947,10,31.1,22.67
4948,10,30.6,21.5
4949,10,30,20.67
4950,10,30,19.67
4951,10,30.6,21.67
4952,10,31.1,23.33
4953,10,33.3,25
4954,10,35,26
4955,10,36.7,26.33
4956,10,36.95,27.33
4957,10,38.3,28
4958,10,39.4,28.33
4959,10,40,29.5
4960,10,40,29.67
4961,10,40,30
4962,10,40,29.67
4963,10,39.4,28
4964,10,38.3,25.67
4965,10,38.3,23
4966,10,36.7,22
4967,10,35,21.67
4968,10,35.3,21.67
4969,10,35,21.67
4970,10,34.4,21
4971,10,33.3,20.67
4972,10,32.8,21
4973,10,31.1,20
4974,10,31.1,20.33
4975,10,31.7,21.33
4976,10,33.3,22
4977,10,34.4,23.67
4978,10,35,26.33
4979,10,36.1,29.33
4980,10,36.95,32
4981,10,40,35.33
4982,10,40.6,35.33
4983,10,41.1,37
4984,10,41.7,37
4985,10,41.1,36
4986,10,40.55,35.67
4987,10,39.4,34
4988,10,38.3,32
4989,10,37.8,28.67
4990,10,37.2,25
4991,10,36.7,23.67
4992,10,36.4,23.9
4993,10,35.6,22.8
4994,10,35,23
4995,10,34.4,22.67
4996,10,33.3,22.67
4997,10,32.8,23
4998,10,32.25,22.67
4999,10,32.2,25
5000,10,33.9,27.33
5001,10,35,28
5002,10,37.2,30
5003,10,38.3,30.67
5004,10,38.3,30
5005,10,40,30
5006,10,40.6,30
5007,10,42.8,30.67
5008,10,41.1,31
5009,10,41.7,30
5010,10,41.7,30
5011,10,41.1,29
5012,10,40.6,28.33
5013,10,39.4,26.67
5014,10,38.3,25.33
5015,10,38.3,25
5016,10,37.5,24.33
5017,10,35.6,23
5018,10,33.9,23
5019,10,33.3,22.33
5020,10,33.3,21.67
5021,10,33.3,21
5022,10,33.3,21.33
5023,10,33.3,23.5
5024,10,33.3,26
5025,10,33.9,26
5026,10,33.9,27.5
5027,10,33.9,28.5
5028,10,34.15,28.67
5029,10,35.6,31
5030,10,36.1,31.67
5031,10,36.7,32
5032,10,37.2,32.8
5033,10,37.2,32.8
5034,10,37.2,31.7
5035,10,30.8,30
5036,10,26.1,29.15
5037,10,25.6,27.2
5038,10,26.1,26.1
5039,10,26.1,25
5040,10,26.65,23.3
5041,10,26.7,23.3
5042,10,27.2,22.5
5043,10,26.7,21
5044,10,26.7,22
5045,10,26.7,21
5046,10,26.95,21
5047,10,27.8,22.33
5048,10,28.9,24
5049,10,31.1,25.67
5050,10,32.8,26.33
5051,10,33.9,27.67
5052,10,34.45,28
5053,10,36.1,29.33
5054,10,36.7,30
5055,10,38.9,31
5056,10,38.9,31
5057,10,37.9,31
5058,10,31.8,30.33
5059,10,26.7,29.67
5060,10,25.8,27.67
5061,10,26.1,25.33
5062,10,26.7,23
5063,10,26.7,22
5064,10,26.7,21.33
5065,10,26.7,21
5066,10,27.2,20.67
5067,10,27.2,20
5068,10,26.7,18.9
5069,10,26.7,20
5070,10,26.7,20
5071,10,27.8,21.67
5072,10,28.3,23.67
5073,10,29.4,25.67
5074,10,31.1,27.67
5075,10,33.9,28.67
5076,10,34.75,30
5077,10,37.2,30.33
5078,10,37.2,30.33
5079,10,37.2,31
5080,10,37.2,30.67
5081,10,36.7,27.67
5082,10,36.15,28.33
5083,10,34.4,28.33
5084,10,33.3,27.33
5085,10,33.3,26
5086,10,31.7,26
5087,10,31.1,25
5088,10,30.55,24
5089,10,29.4,23.67
5090,10,29.4,23.67
5091,10,30,22.33
5092,10,28.9,22.33
5093,10,28.9,21.52
5094,10,28.6,21.7
5095,10,28.3,23
5096,10,30,23.33
5097,10,31.1,25.67
5098,10,32.8,26.67
5099,10,34.4,27.67
5100,10,34.7,29
5101,10,37.2,30.67
5102,10,37.8,31.33
5103,10,38.3,31
5104,10,38.3,30
5105,10,33.9,26.33
5106,10,34.75,27.67
5107,10,35,27
5108,10,33.9,25.67
5109,10,33.3,24.67
5110,10,33.3,22
5111,10,32.8,21
5112,10,33.05,21.7
5113,10,31.1,21
5114,10,30.6,21
5115,10,30,21
5116,10,29.4,20
5117,10,28.9,20.6
5118,10,29.15,20
5119,10,30,20.67
5120,10,30.6,21.67
5121,10,31.1,23
5122,10,33.9,24
5123,10,35.6,23.67
5124,10,35.6,26.33
5125,10,37.2,28.33
5126,10,38.3,30.33
5127,10,38.3,31
5128,10,38.9,31.33
5129,10,38.9,29.67
5130,10,38.35,27.67
5131,10,37.8,27.67
5132,10,37.2,26.67
5133,10,36.7,25
5134,10,35,23.67
5135,10,33.9,23.33
5136,10,33.6,22.33
5137,10,32.2,22
5138,10,31.7,21.4
5139,10,31.7,21
5140,10,30.6,20.67
5141,10,31.1,21.7
5142,10,30.55,21
5143,10,30,22.33
5144,10,31.7,24
5145,10,33.3,26
5146,10,35,28.67
5147,10,36.7,30.33
5148,10,37.5,31.67
5149,10,40.6,32.67
5150,10,40,33.33
5151,10,40,33.33
5152,10,41.1,33.33
5153,10,41.1,33.67
5154,10,40.55,32.67
5155,10,39.4,30.67
5156,10,38.9,29.33
5157,10,38.3,28
5158,10,36.1,26.33
5159,10,35,25.33
5160,10,34.45,25
5161,10,33.3,23.67
5162,10,35,23.33
5163,10,33.9,22.67
5164,10,32.8,22.33
5165,10,32.2,21.7
5166,10,31.4,22
5167,10,30.6,23.33
5168,10,31.7,25
5169,10,34.4,27
5170,10,35.6,29
5171,10,37.2,31.5
5172,10,38.05,32
5173,10,40,33.67
5174,10,41.1,34
5175,10,40,34
5176,10,41.7,33
5177,10,41.7,33.33
5178,10,41.4,32.33
5179,10,40.6,29.33
5180,10,40,27.67
5181,10,39.4,26.33
5182,10,37.2,26
5183,10,36.1,25
5184,10,35.85,24.33
5185,10,35.6,23.33
5186,10,35,24.67
5187,10,34.4,24
5188,10,33.9,24.4
5189,10,32.2,23.9
5190,10,32.2,22.33
5191,10,31.7,25.6
5192,10,32.8,26
5193,10,34.4,28
5194,10,36.7,30
5195,10,37.8,31.67
5196,10,38.6,33.33
5197,10,40,34.67
5198,10,41.1,35.33
5199,10,42.2,35.33
5200,10,42.2,35.33
5201,10,42.8,35
5202,10,42.5,33.67
5203,10,41.7,32.33
5204,10,40.6,30.67
5205,10,40,29.67
5206,10,37.2,29
5207,10,37.2,27.67
5208,10,36.95,27
5209,10,36.1,26.33
5210,10,33.9,26
5211,10,35,26
5212,10,33.3,26
5213,10,32.2,25.33
5214,10,31.95,25
5215,10,31.7,25.67
5216,10,32.2,26.33
5217,10,33.9,28.33
5218,10,37.2,30.67
5219,10,36.7,31.33
5220,10,36.7,32.33
5221,10,37.8,33.67
5222,10,39.4,34.33
5223,10,40,26
5224,10,39.4,23.5
5225,10,40.6,24.67
5226,10,40.3,25
5227,10,40.6,24.67
5228,10,39.4,24
5229,10,37.8,24
5230,10,37.2,24.4
5231,10,36.1,24.4
5232,10,34.7,23.9
5233,10,33.9,23.9
5234,10,34.4,23.9
5235,10,33.3,23.67
5236,10,32.2,23.9
5237,10,31.7,23.9
5238,10,31.7,23.9
5239,10,31.7,23.9
5240,10,32.8,24
5241,10,33.9,26
5242,10,36.1,27
5243,10,37.8,28
5244,10,38.35,29.5
5245,10,40.6,30
5246,10,42.8,31
5247,10,41.7,31.33
5248,10,42.8,31
5249,10,43.3,31
5250,10,43.05,30.67
5251,10,42.2,29.67
5252,10,41.7,26.33
5253,10,39.4,24.67
5254,10,38.3,23.33
5255,10,37.8,23
5256,10,37.25,22
5257,10,36.7,22
5258,10,35,21.67
5259,10,34.4,21.33
5260,10,33.3,22
5261,10,32.8,22
5262,10,32.5,22
5263,10,32.8,22
5264,10,33.9,22.67
5265,10,35,25
5266,10,37.2,27.33
5267,10,38.3,28.5
5268,10,39.45,30.5
5269,10,41.7,31
5270,10,42.8,31
5271,10,43.3,31.67
5272,10,43.3,31
5273,10,43.9,30.67
5274,10,43.35,30.33
5275,10,42.8,29
5276,10,42.2,27.67
5277,10,41.7,27
5278,10,40.6,24.67
5279,10,39.4,23.67
5280,10,38.05,23
5281,10,37.8,23
5282,10,37.2,22.67
5283,10,36.7,23
5284,10,36.1,23
5285,10,35,22.67
5286,10,34.45,23
5287,10,35,23
5288,10,35.6,24
5289,10,36.1,25.67
5290,10,38.3,27.33
5291,10,40.6,28.33
5292,10,41.15,29
5293,10,42.8,30.67
5294,10,43.9,31.33
5295,10,45.6,32
5296,10,45.6,33
5297,10,45.6,31.67
5298,10,45.6,31.33
5299,10,44.4,29.67
5300,10,43.3,27.67
5301,10,40.2,25.67
5302,10,38.3,25
5303,10,38.3,24.67
5304,10,38.05,23.33
5305,10,36.7,22.67
5306,10,36.7,22
5307,10,35.6,21.5
5308,10,35,21
5309,10,34.4,20.7
5310,10,34.4,21.02
5311,10,35,22.33
5312,10,36.1,23.67
5313,10,37.2,25.33
5314,10,38.3,28
5315,10,38.9,27
5316,10,39.75,30.6
5317,10,42.2,32
5318,10,42.2,33.33
5319,10,43.3,33.33
5320,10,44.4,34.33
5321,10,44.4,33.67
5322,10,44.15,30
5323,10,42.8,22.67
5324,10,42.2,21
5325,10,41.7,21.33
5326,10,41.7,21
5327,10,40,21
5328,10,39.7,21
5329,10,38.9,22
5330,10,37.2,23.05
5331,10,35,21
5332,10,34.4,21
5333,10,35,21
5334,10,33.9,21
5335,10,32.8,21
5336,10,35,21
5337,10,35,22.8
5338,10,37.2,23.33
5339,10,37.8,25
5340,10,38.6,25.33
5341,10,40.6,27
5342,10,43.9,29
5343,10,43.9,29.5
5344,10,44.4,30
5345,10,43.9,30
5346,10,43.9,29.67
5347,10,42.8,28
5348,10,42.2,26.67
5349,10,41.7,26
5350,10,40.6,25.67
5351,10,39.4,25
5352,10,39.15,23.33
5353,10,37.8,22
5354,10,36.7,21.67
5355,10,34.4,21.33
5356,10,33.9,21
5357,10,33.3,19.4
5358,10,33.3,21
5359,10,34.4,21.1
5360,10,36.1,21.65
5361,10,36.1,24
5362,10,37.2,26.67
5363,10,38.3,27.33
5364,10,39.15,29
5365,10,41.7,29.67
5366,10,41.7,30.33
5367,10,42.2,31
5368,10,43.3,31
5369,10,42.2,30.33
5370,10,41.97,29.67
5371,10,41.22,27.67
5372,10,40,25.67
5373,10,38.9,25.67
5374,10,39.4,24.67
5375,10,37.8,23.33
5376,10,37.25,23
5377,10,36.1,22.67
5378,10,35.6,21.33
5379,10,35,20
5380,10,35,19
5381,10,33.9,18.67
5382,10,33.6,18
5383,10,32.8,19
5384,10,34.4,22.67
5385,10,34.4,24
5386,10,35.6,25
5387,10,38.9,26
5388,10,40.55,27
5389,10,43.3,28.33
5390,10,43.3,28.67
5391,10,44.4,28.67
5392,10,45,28.67
5393,10,45,29.33
5394,10,45,27.67
5395,10,44.4,26.67
5396,10,43.3,24.67
5397,10,41.7,23.33
5398,10,38.9,22
5399,10,38.3,22
5400,10,37.75,21.33
5401,10,36.1,21
5402,10,35.6,20.33
5403,10,34.4,20
5404,10,33.9,19.67
5405,10,33.3,19
5406,10,33.3,19.33
5407,10,32.8,20.67
5408,10,35.6,22.67
5409,10,36.7,24.33
5410,10,38.3,26
5411,10,40.6,27.33
5412,10,41.4,28
5413,10,43.3,30
5414,10,45,30.33
5415,10,44.4,30.67
5416,10,44.4,31
5417,10,44.4,30.33
5418,10,44.4,30
5419,10,43.3,28.33
5420,10,42.2,27.33
5421,10,41.7,26
5422,10,39.4,25
5423,10,37.8,24
5424,10,37.25,23.67
5425,10,37.2,23
5426,10,36.7,22.67
5427,10,36.2,23
5428,10,35,22
5429,10,34.4,22
5430,10,33.85,22
5431,10,34.4,22
5432,10,35.6,22.67
5433,10,36.7,23.33
5434,10,38.3,25.33
5435,10,39.4,27.33
5436,10,40.55,29
5437,10,42.2,30.33
5438,10,42.8,31
5439,10,44.4,31
5440,10,43.3,31
5441,10,43.9,30
5442,10,43.6,28.33
5443,10,42.8,26.67
5444,10,41.7,26
5445,10,40.6,25.33
5446,10,40,24.33
5447,10,32.37,23
5448,10,29.67,22.33
5449,10,28.45,21.67
5450,10,27.8,21.67
5451,10,27.8,20.67
5452,10,27.8,20
5453,10,28.3,19.67
5454,10,28.6,19.33
5455,10,29.4,21
5456,10,30.8,22.67
5457,10,31.05,23.33
5458,10,32.8,24.33
5459,10,33.9,25
5460,10,34.15,26
5461,10,36.7,26
5462,10,36.1,26
5463,10,35.6,26.67
5464,10,35.6,27
5465,10,35.6,26
5466,10,35.6,26
5467,10,35,25.67
5468,10,34.4,23.67
5469,10,34.4,22
5470,10,33.3,21.7
5471,10,32.8,21
5472,10,32.8,21
5473,10,32.2,20
5474,10,32.8,20.67
5475,10,32.2,19.67
5476,10,32.2,20
5477,10,31.1,19.33
5478,10,30.85,18
5479,10,30,20.33
5480,10,30.6,22.33
5481,10,31.1,25
5482,10,31.1,26
5483,10,32.2,27.33
5484,10,33.05,28.33
5485,10,34.4,29.67
5486,10,35,29.33
5487,10,36.1,30
5488,10,36.1,31
5489,10,36.7,30.33
5490,10,36.4,30
5491,10,35,28
5492,10,33.9,26
5493,10,33.9,24
5494,10,32.05,23
5495,10,28.3,23
5496,10,28.6,22
5497,10,28.3,21
5498,10,28.15,21
5499,10,26.3,20
5500,10,25.6,19.33
5501,10,25,19
5502,10,24.7,17.67
5503,10,25,19.67
5504,10,25.6,22
5505,10,26.7,24
5506,10,27.8,27
5507,10,28.9,30.67
5508,10,29.75,31.67
5509,10,32.8,32
5510,10,35,33
5511,10,34.4,31.67
5512,10,33.9,30.67
5513,10,34.4,27.67
5514,10,34.15,25
5515,10,32.8,23.33
5516,10,31.7,22.33
5517,10,31.1,22
5518,10,30.6,21.33
5519,10,30,21.33
5520,10,29.45,21.33
5521,10,28.9,21
5522,10,28.9,21
5523,10,28.9,21
5524,10,28.3,20.6
5525,10,28.3,19.67
5526,10,28.3,19
5527,10,28.9,20
5528,10,29.4,21.67
5529,10,30,23
5530,10,31.1,24.67
5531,10,32.8,25.67
5532,10,33.6,26
5533,10,35.6,27
5534,10,37.2,28
5535,10,37.2,28
5536,10,36.7,28
5537,10,36.7,28
5538,10,36.4,27
5539,10,36.1,25.67
5540,10,34.4,23
5541,10,34.4,22.67
5542,10,33.9,20.67
5543,10,33.3,19.67
5544,10,33.3,18.33
5545,10,32.2,18.67
5546,10,31.7,19.67
5547,10,31.1,19.67
5548,10,31.1,19.33
5549,10,30.6,19
5550,10,30.3,18
5551,10,29.4,19
5552,10,30.6,20
5553,10,31.7,20.33
5554,10,32.2,21.67
5555,10,34.4,23
5556,10,35.25,25
5557,10,37.8,23.33
5558,10,37.8,21.67
5559,10,38.3,20.67
5560,10,39.4,21.1
5561,10,38.9,20
5562,10,38.9,20
5563,10,38.3,20
5564,10,37.8,19.7
5565,10,37.2,19
5566,10,36.7,18
5567,10,35,18
5568,10,34.15,18
5569,10,32.2,18.33
5570,10,31.1,18
5571,10,31.1,18
5572,10,30.6,18
5573,10,30.6,18
5574,10,30.3,18.33
5575,10,30.6,18.33
5576,10,31.7,20
5577,10,33.3,20
5578,10,34.4,20.8
5579,10,35.6,21
5580,10,36.4,23
5581,10,38.9,25.67
5582,10,40.6,25.33
5583,10,40,26
5584,10,40.6,26.33
5585,10,40,22.33
5586,10,39.7,20.12
5587,10,39.4,20
5588,10,37.03,19.67
5589,10,37.2,18.33
5590,10,36.7,18
5591,10,36.1,17.67
5592,10,35.55,17
5593,10,34.4,17
5594,10,33.3,17
5595,10,32.8,17
5596,10,32.2,16.7
5597,10,32.2,16
5598,10,31.95,15.87
5599,10,31.7,17.6
5600,10,32.2,19
5601,10,33.3,20.67
5602,10,33.9,22.67
5603,10,34.4,24.67
5604,10,34.7,26
5605,10,36.7,26.67
5606,10,37.2,27.33
5607,10,37.8,27.33
5608,10,38.3,27.33
5609,10,38.3,27
5610,10,38.3,27
5611,10,36.7,26.33
5612,10,35.8,24.67
5613,10,31,22.33
5614,10,25.13,20
5615,10,24.67,19
5616,10,24.47,18
5617,10,24.4,18
5618,10,25,18.33
5619,10,25,19
5620,10,25,18.3
5621,10,24.4,18
5622,10,24.7,17
5623,10,25,17.67
5624,10,26.1,20.67
5625,10,28.3,22.33
5626,10,29.4,24.67
5627,10,31.7,26.33
5628,10,30.85,27.67
5629,10,30.6,28
5630,10,31.7,29
5631,10,31.1,30.33
5632,10,31.1,30
5633,10,28.9,28
5634,10,29.15,22.33
5635,10,28.9,21.67
5636,10,28.9,20.33
5637,10,28.9,21.1
5638,10,29.4,18
5639,10,28.9,19.4
5640,10,28.9,18.33
5641,10,28.9,18
5642,10,24.72,17.67
5643,10,23.48,17
5644,10,24.2,17
5645,10,23.45,18.3
5646,10,23.9,17.8
5647,10,23.9,18
5648,10,25,20.33
5649,10,26.7,23
5650,10,27.8,25.33
5651,10,28.3,26.67
5652,10,29.45,28.33
5653,10,31.1,29.67
5654,10,33.3,30.67
5655,10,32.8,30.33
5656,10,33.9,30.67
5657,10,33.9,30
5658,10,33.6,28.67
5659,10,32.8,26.33
5660,10,32.8,24.33
5661,10,31.1,22.67
5662,10,30.6,23
5663,10,30.6,21.33
5664,10,30.3,20.67
5665,10,30,20.33
5666,10,29.4,19.7
5667,10,28.9,19.33
5668,10,27.8,18.3
5669,10,27.8,18
5670,10,27.8,18
5671,10,27.8,19
5672,10,27.2,21.33
5673,10,27.2,23.67
5674,10,28.9,26
5675,10,30,27.33
5676,10,31.1,28.33
5677,10,33.9,29.67
5678,10,35.6,29.33
5679,10,36.1,30
5680,10,36.1,30
5681,10,36.1,28.67
5682,10,36.1,27.67
5683,10,35.6,26
5684,10,35.6,24.33
5685,10,35,23.33
5686,10,31.7,23
5687,10,32.2,22
5688,10,31.95,22
5689,10,30.6,21.33
5690,10,30,21
5691,10,31.1,21.33
5692,10,30.6,22
5693,10,28.9,21
5694,10,28.35,21
5695,10,28.3,22.2
5696,10,30,22
5697,10,31.1,23.33
5698,10,32.8,25
5699,10,34.4,25
5700,10,35.55,25.33
5701,10,36.7,25
5702,10,37.2,25
5703,10,37.8,25
5704,10,38.3,25
5705,10,38.9,22.67
5706,10,38.6,23
5707,10,37.8,23
5708,10,37.2,22.67
5709,10,35,21.67
5710,10,33.9,21
5711,10,32.2,21
5712,10,32.5,21
5713,10,33.3,21
5714,10,32.8,21
5715,10,32.2,21.35
5716,10,31.1,21.67
5717,10,30.6,21.62
5718,10,30,22
5719,10,28.9,21.7
5720,10,30.6,22
5721,10,32.8,22
5722,10,33.9,22.33
5723,10,36.1,25
5724,10,36.95,25
5725,10,38.3,22.67
5726,10,38.9,25.33
5727,10,39.4,26.33
5728,10,39.4,24.67
5729,10,39.4,22.33
5730,10,39.15,22
5731,10,38.9,22
5732,10,37.2,22
5733,10,35,21.85
5734,10,34.4,21.1
5735,10,34.4,22
5736,10,33.6,22
5737,10,32.8,21.67
5738,10,31.7,21
5739,10,31.7,21
5740,10,31.7,21
5741,10,30,21
5742,10,30.3,21
5743,10,30.6,21
5744,10,31.7,21.33
5745,10,33.9,22.33
5746,10,36.1,24.67
5747,10,37.2,26.67
5748,10,37.5,29
5749,10,40,30
5750,10,40.6,30.67
5751,10,41.1,30.67
5752,10,41.7,30.67
5753,10,41.1,30.67
5754,10,41.1,30.33
5755,10,40.6,28.33
5756,10,39.4,26.67
5757,10,37.2,25.33
5758,10,36.1,24.67
5759,10,35.6,23.67
5760,10,35.3,23.33
5761,10,34.4,23
5762,10,32.2,22.67
5763,10,31.7,22
5764,10,31.7,22.67
5765,10,31.1,22.67
5766,10,31.1,22
5767,10,31.1,22.33
5768,10,32.8,23.33
5769,10,35,25.67
5770,10,36.7,27
5771,10,38.3,28
5772,10,39.45,29.33
5773,10,41.7,30.33
5774,10,41.1,31
5775,10,40.6,31
5776,10,42.2,30.67
5777,10,41.7,30
5778,10,41.4,29
5779,10,40.6,27
5780,10,39.4,25.33
5781,10,38.3,23
5782,10,35.6,21
5783,10,36.1,20.67
5784,10,35.25,21
5785,10,33.3,21.33
5786,10,35,20.5
5787,10,33.3,19.33
5788,10,31.1,20
5789,10,30.6,19.67
5790,10,30,18
5791,10,29.4,18.33
5792,10,30.6,21.67
5793,10,32.2,23
5794,10,33.9,25.33
5795,10,35,26
5796,10,35.3,26.33
5797,10,36.7,27.33
5798,10,40.6,28
5799,10,38.9,28.67
5800,10,39.4,28
5801,10,40,28
5802,10,39.45,27.67
5803,10,38.3,25.67
5804,10,37.2,22.67
5805,10,37.8,21.33
5806,10,35.6,20
5807,10,34.4,20
5808,10,33.85,18.33
5809,10,32.2,18
5810,10,31.7,18
5811,10,31.1,18.3
5812,10,31.1,17.67
5813,10,31.1,17
5814,10,30.85,17.33
5815,10,29.4,18
5816,10,30.6,20.33
5817,10,31.7,22
5818,10,32.2,24
5819,10,35,26
5820,10,35,27.67
5821,10,36.1,29.33
5822,10,37.2,30
5823,10,37.2,30
5824,10,37.8,30
5825,10,37.8,30
5826,10,37.5,28.67
5827,10,36.1,27
5828,10,35.6,24
5829,10,33.9,22.67
5830,10,33.3,21.67
5831,10,32.2,20.67
5832,10,31.95,20.33
5833,10,30.6,20
5834,10,30,19.67
5835,10,30.6,18
5836,10,30,18.67
5837,10,30,18.15
5838,10,29.45,17.73
5839,10,29.4,19
5840,10,29.4,21.67
5841,10,32.2,25.33
5842,10,33.3,29
5843,10,33.3,31.33
5844,10,34.7,32
5845,10,37.2,32.67
5846,10,38.9,34
5847,10,37.8,35
5848,10,38.3,35
5849,10,37.8,34.33
5850,10,37.5,32.67
5851,10,36.7,31
5852,10,36.1,28
5853,10,35.6,26.33
5854,10,35,26
5855,10,34.4,25.33
5856,10,34.15,25.33
5857,10,33.3,24.67
5858,10,32.2,25
5859,10,33.3,24.67
5860,10,32.8,25
5861,10,31.7,24.67
5862,10,31.7,25.67
5863,10,32.2,27
5864,10,32.8,27
5865,10,32.8,27
5866,10,33.3,28
5867,10,35.6,28
5868,10,36.15,29.33
5869,10,38.3,31
5870,10,39.4,31.67
5871,10,39.4,32
5872,10,40,32
5873,10,39.4,31
5874,10,39.15,30.33
5875,10,38.3,27.67
5876,10,37.8,27.67
5877,10,37.8,27
5878,10,36.7,26
5879,10,34.4,25.33
5880,10,34.15,24.67
5881,10,32.8,23
5882,10,32.8,22
5883,10,32.8,22.33
5884,10,32.8,22
5885,10,31.7,22
5886,10,31.4,22.2
5887,10,31.1,22
5888,10,31.7,23.33
5889,10,33.9,25.33
5890,10,35.6,26
5891,10,36.7,27
5892,10,37.5,27
5893,10,40,27
5894,10,40,26
5895,10,41.7,26
5896,10,40.6,26
5897,10,40.6,26
5898,10,40.6,26
5899,10,38.9,25
5900,10,38.3,25
5901,10,37.2,25
5902,10,35,23.77
5903,10,34.4,23.3
5904,10,34.7,23.3
5905,10,33.3,22.8
5906,10,32.8,22.8
5907,10,31.7,22.8
5908,10,31.7,23.1
5909,10,31.1,22.93
5910,10,31.1,22.8
5911,10,31.7,22.8
5912,10,31.7,24
5913,10,32.2,24.67
5914,10,33.3,26
5915,10,36.1,27
5916,10,36.1,27
5917,10,36.7,28
5918,10,38.3,28
5919,10,38.9,28
5920,10,38.9,28
5921,10,38.9,28.33
5922,10,38.9,27.33
5923,10,37.8,27
5924,10,37.2,26
5925,10,36.1,25.67
5926,10,35,26
5927,10,34.4,26
5928,10,34.15,25.33
5929,10,33.3,24.67
5930,10,32.2,23.05
5931,10,31.1,22
5932,10,30.33,22
5933,10,27.8,22
5934,10,27.5,22.2
5935,10,27.8,22.33
5936,10,29.4,23.6
5937,10,31.1,24
5938,10,32.8,25.67
5939,10,34.4,26.67
5940,10,34.7,28.33
5941,10,36.7,29.67
5942,10,37.2,30
5943,10,37.8,29.67
5944,10,37.2,30
5945,10,37.2,28.67
5946,10,35.55,28
5947,10,35,27
5948,10,34.4,27
5949,10,33.9,26.33
5950,10,33.3,26
5951,10,32.8,26
5952,10,31.7,26
5953,10,30,25.33
5954,10,30,25
5955,10,29.4,25
5956,10,29.4,24
5957,10,28.3,23.33
5958,10,28.3,23.15
5959,10,28.3,23.33
5960,10,28.9,25
5961,10,30.6,25.67
5962,10,31.1,26.67
5963,10,33.3,27.33
5964,10,34.15,29.67
5965,10,35,29.33
5966,10,37.2,31.33
5967,10,36.7,31
5968,10,37.2,31.33
5969,10,37.2,31.67
5970,10,37.2,29.67
5971,10,36.7,27.67
5972,10,35.6,26.33
5973,10,34.4,26
5974,10,33.3,24
5975,10,33.3,24.33
5976,10,33.05,23.3
5977,10,32.2,24.67
5978,10,31.7,23.5
5979,10,31.1,23.33
5980,10,31.1,23.95
5981,10,30.6,23
5982,10,30.3,23
5983,10,30,23
5984,10,30.6,23
5985,10,32.2,23
5986,10,33.9,24
5987,10,33.9,23.33
5988,10,34.75,24
5989,10,36.1,26.33
5990,10,37.2,28
5991,10,37.8,29.67
5992,10,38.3,30
5993,10,37.2,30
5994,10,34.42,28.33
5995,10,33.45,26.67
5996,10,31.1,25
5997,10,31.1,23.33
5998,10,30,22.33
5999,10,29.4,22
6000,10,29.4,22
6001,10,29.4,21.33
6002,10,28.9,21.1
6003,10,28.9,20.6
6004,10,28.3,20
6005,10,28.3,19.4
6006,10,28.6,19.33
6007,10,28.9,20.33
6008,10,26.1,23.33
6009,10,26.7,27
6010,10,25,28.33
6011,10,22.8,30
6012,10,22.8,31.33
6013,10,23.9,32
6014,10,25.6,32.33
6015,10,26.7,33
6016,10,28.9,32.67
6017,10,28.9,31.67
6018,10,28.9,30.33
6019,10,28.3,28.33
6020,10,28.3,27.67
6021,10,28.3,27
6022,10,27.8,26
6023,10,27.2,23
6024,10,27.2,23
6025,10,26.7,23
6026,10,26.7,22
6027,10,26.1,22
6028,10,26.1,22
6029,10,26.1,22.2
6030,10,25.85,21.9
6031,10,26.7,22
6032,10,27.2,23.67
6033,10,27.8,25.67
6034,10,30,27.67
6035,10,32.8,29.67
6036,10,33.05,30.67
6037,10,32.8,31
6038,10,33.3,30
6039,10,33.3,20.33
6040,10,33.9,19.67
6041,10,33.9,20
6042,10,33.6,20
6043,10,32.2,19.67
6044,10,31.1,20
6045,10,30.6,19.33
6046,10,30,18
6047,10,30,17.67
6048,10,29.45,17
6049,10,28.3,16.33
6050,10,28.3,16.33
6051,10,28.3,16
6052,10,28.3,16
6053,10,27.8,15
6054,10,27.8,14.67
6055,10,27.8,15.67
6056,10,28.9,17.33
6057,10,30,20
6058,10,31.7,21.33
6059,10,32.8,22.67
6060,10,32.5,23
6061,10,31.7,23.67
6062,10,32.2,24.33
6063,10,31.7,24.33
6064,10,32.8,25
6065,10,32.8,24.33
6066,10,32.8,22.67
6067,10,31.85,21.33
6068,10,31.55,19.33
6069,10,29.65,18
6070,10,27.2,17
6071,10,26.1,17
6072,10,26.4,15.67
6073,10,26.7,14.67
6074,10,26.7,15
6075,10,26.1,15
6076,10,25.5,14.67
6077,10,25,14.33
6078,10,25,14.67
6079,10,25,15.33
6080,10,26.1,16.67
6081,10,28.3,18.33
6082,10,30,20
6083,10,31.1,21
6084,10,31.95,21.33
6085,10,33.9,22.33
6086,10,34.4,22.67
6087,10,35,23
6088,10,35.6,22.33
6089,10,35,22
6090,10,35.3,21.33
6091,10,34.4,18.67
6092,10,33.3,16.33
6093,10,30.8,15.67
6094,10,27.2,14
6095,10,24.2,13
6096,10,23.4,12.67
6097,10,23.3,13
6098,10,23.9,11.67
6099,10,23.9,11.33
6100,10,23.9,10.33
6101,10,24.4,10
6102,10,24.4,9.33
6103,10,22.8,10.67
6104,10,23.9,14.67
6105,10,25,18
6106,10,25.6,20
6107,10,26.1,21
6108,10,25.85,22.33
6109,10,25.6,22.67
6110,10,26.1,23.33
6111,10,26.7,24.33
6112,10,26.7,24.67
6113,10,27.2,24.33
6114,10,27.2,23.33
6115,10,26.7,19.67
6116,10,26.7,16.67
6117,10,26.1,15
6118,10,26.1,13.67
6119,10,26.1,13
6120,10,25.85,12
6121,10,25,11.67
6122,10,24.4,11.33
6123,10,24.4,10
6124,10,23.9,9.4
6125,10,23.9,9.4
6126,10,23.9,8.9
6127,10,23.9,12.8
6128,10,25,14.33
6129,10,27.2,17.67
6130,10,28.3,21
6131,10,29.4,23.33
6132,10,30.55,25
6133,10,32.2,26
6134,10,32.2,27
6135,10,32.8,27.33
6136,10,33.3,27
6137,10,33.9,27
6138,10,33.6,25.67
6139,10,32.8,24
6140,10,32.8,20.33
6141,10,31.7,18.67
6142,10,30.6,17
6143,10,30,16
6144,10,29.45,15
6145,10,28.9,13.67
6146,10,27.2,12.5
6147,10,26.7,11.7
6148,10,26.7,12
6149,10,26.7,12
6150,10,26.4,11.33
6151,10,26.7,12.8
6152,10,27.2,15.33
6153,10,29.4,18.33
6154,10,31.1,21.67
6155,10,33.9,23.67
6156,10,34.15,25.33
6157,10,35,26
6158,10,37.2,27
6159,10,36.7,27.33
6160,10,37.2,27
6161,10,36.7,27
6162,10,36.95,25.33
6163,10,36.1,21.33
6164,10,35.6,19.33
6165,10,32.9,18
6166,10,31.7,16
6167,10,31.1,14.67
6168,10,30.55,14
6169,10,30.6,14
6170,10,28.9,12.67
6171,10,28.3,12.2
6172,10,27.2,12
6173,10,26.7,11.1
6174,10,26.7,10.6
6175,10,26.1,12
6176,10,27.8,15.33
6177,10,28.9,18
6178,10,30.6,21
6179,10,31.1,24.33
6180,10,31.65,26
6181,10,32.8,27
6182,10,33.9,27
6183,10,35,27.67
6184,10,35,27.67
6185,10,35,27
6186,10,34.15,26
6187,10,32.2,23.67
6188,10,31.1,22
6189,10,30.6,20.67
6190,10,29.4,20
6191,10,28.9,19.67
6192,10,28.35,19.67
6193,10,27.2,20.67
6194,10,26.1,21
6195,10,25.6,21
6196,10,26.1,19.33
6197,10,26.1,17.33
6198,10,26.1,15.67
6199,10,25.6,15.33
6200,10,26.7,17
6201,10,27.8,18.67
6202,10,28.9,20.33
6203,10,31.1,21.33
6204,10,31.65,22
6205,10,33.3,23
6206,10,34.4,23
6207,10,36.1,23.33
6208,10,35.6,23
6209,10,35.6,23
6210,10,35.3,22.33
6211,10,33.9,20
6212,10,33.9,18
6213,10,30.6,16.33
6214,10,30,15.67
6215,10,30.6,14.33
6216,10,29.45,14.33
6217,10,27.2,13
6218,10,26.1,13
6219,10,25.6,12.33
6220,10,24.4,12.33
6221,10,23.3,12.33
6222,10,23.3,13
6223,10,23.3,13
6224,10,25,15.33
6225,10,27.2,17
6226,10,29.4,19.33
6227,10,31.7,20.33
6228,10,32.5,21
6229,10,35,21
6230,10,35.6,21.33
6231,10,36.7,22.33
6232,10,36.7,22.67
6233,10,37.2,23
6234,10,36.65,21.67
6235,10,35,18.67
6236,10,32.8,16.33
6237,10,31.1,15.33
6238,10,30.6,14.33
6239,10,31.1,13.3
6240,10,30.85,12.2
6241,10,27.8,12.67
6242,10,26.7,12
6243,10,26.7,11
6244,10,27.2,9.45
6245,10,25.6,8.9
6246,10,25.6,8.9
6247,10,25,11.7
6248,10,26.1,12.9
6249,10,28.3,14.67
6250,10,30.6,17
6251,10,31.1,21
6252,10,31.65,22.67
6253,10,35,23
6254,10,36.1,22
6255,10,35.6,22.33
6256,10,36.1,21.67
6257,10,36.7,22
6258,10,36.15,22
6259,10,35,21.33
6260,10,34.4,21
6261,10,32.2,21
6262,10,31.1,20.33
6263,10,30.6,19.13
6264,10,30.85,20
6265,10,30.6,20
6266,10,28.3,20.33
6267,10,27.8,21
6268,10,27.2,20.6
6269,10,25.6,21
6270,10,25.6,21.7
6271,10,25.6,21.9
6272,10,27.2,22.12
6273,10,29.4,22
6274,10,32.2,23
6275,10,32.8,22.67
6276,10,33.6,23.33
6277,10,36.1,23
6278,10,37.2,21
6279,10,37.8,20
6280,10,38.3,20
6281,10,38.9,20.33
6282,10,38.05,19.67
6283,10,36.1,20
6284,10,36.1,20
6285,10,34.4,19.4
6286,10,33.3,19
6287,10,32.2,17.33
6288,10,32.2,17
6289,10,29.4,17
6290,10,28.3,16.33
6291,10,27.2,16
6292,10,26.7,16
6293,10,26.1,15.33
6294,10,26.1,15
6295,10,26.1,13.67
6296,10,27.8,15.33
6297,10,30,16.33
6298,10,32.2,17
6299,10,33.9,17.67
6300,10,34.75,18.67
6301,10,37.8,19.33
6302,10,37.8,20
6303,10,40.6,20
6304,10,40,20
6305,10,38.9,20
6306,10,38.9,19
6307,10,37.2,15.67
6308,10,35,12.67
6309,10,33.9,12
6310,10,33.9,11
6311,10,32.2,10
6312,10,31.4,9
6313,10,30,8.33
6314,10,28.3,10
6315,10,27.2,9.4
6316,10,27.2,8.9
6317,10,26.7,8.9
6318,10,26.7,7.33
6319,10,26.7,7.67
6320,10,27.2,12
6321,10,30,14.67
6322,10,32.2,17.67
6323,10,34.4,20.33
6324,10,35.55,21.67
6325,10,38.9,22
6326,10,38.3,22
6327,10,39.4,23
6328,10,38.9,24
6329,10,38.9,23.33
6330,10,38.9,22.33
6331,10,37.2,20.33
6332,10,35,18.33
6333,10,36.1,17
6334,10,32.8,15.67
6335,10,32.8,15.33
6336,10,31.4,13.67
6337,10,29.4,12.8
6338,10,28.9,13.05
6339,10,27.8,13.3
6340,10,27.2,12
6341,10,26.1,11.1
6342,10,26.4,12.2
6343,10,25.6,13.3
6344,10,26.7,15
6345,10,29.4,17
6346,10,32.2,20
6347,10,34.4,22
6348,10,35.25,23.67
6349,10,37.8,25.33
6350,10,38.9,27
6351,10,40,27
6352,10,39.4,27
6353,10,39.4,26.33
6354,10,38.85,25.33
6355,10,37.8,23.33
6356,10,34.4,22.33
6357,10,33.9,21.67
6358,10,33.3,21
6359,10,31.7,20.67
6360,10,30.55,19.67
6361,10,29.4,18
6362,10,28.9,18.05
6363,10,27.8,17.67
6364,10,27.8,17
6365,10,26.7,17
6366,10,26.7,17
6367,10,26.1,17
6368,10,28.3,17.67
6369,10,30.6,20
6370,10,32.8,22.33
6371,10,34.4,25
6372,10,35.8,27
6373,10,38.9,28
6374,10,39.4,28.67
6375,10,39.4,28.67
6376,10,40,27.33
6377,10,40,26.67
6378,10,39.7,25
6379,10,37.2,23.33
6380,10,35.6,21.67
6381,10,33.9,21
6382,10,34.4,21
6383,10,32.8,20.33
6384,10,32.25,19.33
6385,10,31.7,16.33
6386,10,30,15
6387,10,30,13.33
6388,10,28.3,12
6389,10,27.8,11.67
6390,10,27.5,11
6391,10,27.2,10.33
6392,10,29.4,12.67
6393,10,30.6,14.67
6394,10,32.8,15.67
6395,10,34.4,16.67
6396,10,35.25,17.33
6397,10,36.1,18
6398,10,38.3,17.67
6399,10,38.9,18.67
6400,10,38.9,19
6401,10,38.9,18
6402,10,38.9,17
6403,10,36.7,14
6404,10,35,13
6405,10,33.9,12
6406,10,32.8,12
6407,10,30.6,12
6408,10,30.6,12.33
6409,10,28.9,12
6410,10,28.3,11.67
6411,10,27.2,11
6412,10,27.2,11
6413,10,26.1,10.67
6414,10,26.4,10
6415,10,26.7,11
6416,10,27.2,12.67
6417,10,28.3,14
6418,10,31.7,15.67
6419,10,33.9,17.33
6420,10,33.9,17.33
6421,10,36.1,18.5
6422,10,36.1,19
6423,10,37.8,19.67
6424,10,38.3,20
6425,10,37.8,20
6426,10,37.25,18
6427,10,35,14.67
6428,10,33.3,12
6429,10,32.2,11
6430,10,31.1,10.33
6431,10,31.1,10
6432,10,31.4,10
6433,10,28.3,9.67
6434,10,30,7.67
6435,10,28.9,7.33
6436,10,26.1,7
6437,10,25.6,6.67
6438,10,25.3,7.8
6439,10,24.4,6.33
6440,10,26.1,10
6441,10,28.9,12.67
6442,10,32.2,16
6443,10,33.9,18.67
6444,10,33.9,20.67
6445,10,36.1,22.33
6446,10,36.1,22
6447,10,37.2,23.33
6448,10,36.7,23.33
6449,10,35.6,22.67
6450,10,35,22
6451,10,33.9,21.33
6452,10,32.8,20.33
6453,10,30,19.67
6454,10,29.4,18
6455,10,30,18
6456,10,29.15,18
6457,10,27.2,18
6458,10,25.6,18
6459,10,25,16.33
6460,10,24.4,16
6461,10,23.9,15.6
6462,10,23.6,15
6463,10,23.3,15
6464,10,25,16.33
6465,10,27.2,17.67
6466,10,29.4,20
6467,10,31.7,22
6468,10,32.5,24.5
6469,10,35,25.33
6470,10,35.6,27
6471,10,35.6,27
6472,10,35,27
6473,10,35,27
6474,10,34.7,25.67
6475,10,33.9,23
6476,10,33.3,21.67
6477,10,32.8,20.67
6478,10,30,22
6479,10,28.3,21
6480,10,27.75,19.33
6481,10,26.1,18.33
6482,10,26.1,18
6483,10,26.1,18
6484,10,25,18
6485,10,24.4,18.33
6486,10,24.15,17.33
6487,10,23.3,17.33
6488,10,24.4,18.67
6489,10,26.7,22.67
6490,10,28.3,25
6491,10,31.1,26
6492,10,31.95,26.33
6493,10,33.9,27
6494,10,34.4,27
6495,10,35,27
6496,10,35.6,26
6497,10,35.6,25.33
6498,10,35,24.67
6499,10,33.9,22.67
6500,10,33.3,20.33
6501,10,30.6,20.33
6502,10,29.4,19.33
6503,10,30,18.33
6504,10,29.45,18.1
6505,10,27.8,18.3
6506,10,27.2,18.3
6507,10,25.6,18.3
6508,10,26.1,18
6509,10,25.6,18
6510,10,24.75,17.03
6511,10,23.9,17.33
6512,10,25.6,18.67
6513,10,27.2,21.67
6514,10,27.8,23
6515,10,30,23.67
6516,10,30.55,23
6517,10,32.2,23.67
6518,10,33.9,23
6519,10,35,22.8
6520,10,35.6,22
6521,10,35,21.67
6522,10,35,20.33
6523,10,33.9,18.67
6524,10,32.8,18
6525,10,31.7,18
6526,10,30.6,17.67
6527,10,28.9,16.67
6528,10,28.6,16.33
6529,10,27.8,16
6530,10,27.2,16
6531,10,26.7,15.33
6532,10,25.6,13.67
6533,10,25,13
6534,10,24.45,12.33
6535,10,24.4,12.67
6536,10,27.2,13.67
6537,10,28.3,16.1
6538,10,30.6,17.8
6539,10,32.2,18.9
6540,10,32.75,19.4
6541,10,33.3,19.4
6542,10,34.4,20
6543,10,35.6,19.5
6544,10,36.1,18.67
6545,10,35.6,18
6546,10,35.3,17
6547,10,33.3,15
6548,10,32.2,13.67
6549,10,31.7,12
6550,10,31.7,11.67
6551,10,28.9,11
6552,10,28.35,11
6553,10,27.8,11
6554,10,26.7,11
6555,10,26.1,11
6556,10,25.6,8.3
6557,10,25,9.67
6558,10,25,9.33
6559,10,23.9,10
6560,10,26.1,12.33
6561,10,28.3,14.67
6562,10,31.1,17
6563,10,33.3,19.67
6564,10,34.45,21
6565,10,36.1,21
6566,10,37.2,22.33
6567,10,38.3,22
6568,10,38.9,22
6569,10,38.3,16.67
6570,10,37.75,14.33
6571,10,35.6,13
6572,10,33.9,13
6573,10,33.3,12.8
6574,10,33.3,11.7
6575,10,30,11.7
6576,10,30.55,10
6577,10,27.8,8.9
6578,10,28.9,9.33
6579,10,27.2,8.67
6580,10,24.4,8.3
6581,10,25,11.1
6582,10,24.7,7.9
6583,10,24.4,7.8
6584,10,27.2,10
6585,10,31.7,13.33
6586,10,34.4,16
6587,10,36.1,17.67
6588,10,36.65,19.33
6589,10,38.3,20.33
6590,10,38.9,21
6591,10,38.9,21.33
6592,10,39.4,20.67
6593,10,38.9,19.67
6594,10,38.35,16.33
6595,10,35.6,16
6596,10,33.9,16
6597,10,33.3,16
6598,10,31.7,16
6599,10,30,16
6600,10,29.45,16
6601,10,27.8,16
6602,10,25.6,16
6603,10,25.6,16
6604,10,23.3,16
6605,10,23.9,16
6606,10,23.9,16
6607,10,24.4,16
6608,10,26.7,16
6609,10,30,16
6610,10,32.2,16
6611,10,34.4,17.05
6612,10,35.25,17
6613,10,37.8,17
6614,10,37.2,18.6
6615,10,38.3,17
6616,10,38.9,17
6617,10,38.3,17
6618,10,38.05,17
6619,10,35.6,17
6620,10,33.3,17
6621,10,32.2,17
6622,10,31.7,17.33
6623,10,28.9,17.67
6624,10,28.35,17.93
6625,10,28.3,18.06
6626,10,26.1,18
6627,10,25,18
6628,10,24.4,17.8
6629,10,23.9,18
6630,10,23.6,18.3
6631,10,22.8,18.45
6632,10,25,18.6
6633,10,27.8,19.1
6634,10,30.6,20.67
6635,10,32.8,22
6636,10,33.9,23
6637,10,35.6,26
6638,10,36.7,26
6639,10,37.2,26.67
6640,10,37.8,27
6641,10,37.8,26.67
6642,10,37.5,25
6643,10,35,23
6644,10,33.3,21.7
6645,10,31.7,22.2
6646,10,31.7,21
6647,10,31.7,21
6648,10,30,21
6649,10,27.2,21
6650,10,26.1,21
6651,10,25.6,20.6
6652,10,25,20.67
6653,10,23.9,20.6
6654,10,23.9,20.33
6655,10,23.3,20
6656,10,25,20.9
6657,10,27.8,21
6658,10,30,22.67
6659,10,32.2,24.67
6660,10,33.05,25
6661,10,34.4,25
6662,10,35,25.33
6663,10,36.1,26
6664,10,36.7,26
6665,10,35.6,25.67
6666,10,35,22.33
6667,10,33.9,19
6668,10,31.7,17.33
6669,10,30.6,17.67
6670,10,28.9,18
6671,10,28.9,16
6672,10,28.23,14.67
6673,10,26.1,14
6674,10,25,14.33
6675,10,23.3,15
6676,10,23.3,14
6677,10,22.2,13.67
6678,10,21.95,13.33
6679,10,21.1,13
6680,10,23.9,15.67
6681,10,26.7,19.67
6682,10,28.3,22.67
6683,10,30,24.67
6684,10,30.85,25.67
6685,10,32.8,26
6686,10,34.4,26.67
6687,10,33.9,26.67
6688,10,35,26.67
6689,10,34.4,25.67
6690,10,33.85,23.33
6691,10,32.8,20.67
6692,10,32.2,17.67
6693,10,29.4,17.67
6694,10,28.9,16.67
6695,10,27.8,16.67
6696,10,27.25,16.67
6697,10,25.6,15.67
6698,10,25,14.67
6699,10,23.9,14.67
6700,10,23.3,14
6701,10,22.2,14
6702,10,21.95,14
6703,10,21.7,13.67
6704,10,23.3,16
6705,10,25,19.33
6706,10,27.2,22.33
6707,10,29.4,24.33
6708,10,30.25,21.33
6709,10,32.2,19.67
6710,10,32.8,19
6711,10,33.3,18.67
6712,10,33.3,17.33
6713,10,32.2,16.33
6714,10,31.95,14.33
6715,10,31.7,13
6716,10,31.1,13
6717,10,29.4,12.67
6718,10,28.3,12
6719,10,27.8,10.67
6720,10,27.5,10.33
6721,10,25.6,9.33
6722,10,25,7.67
6723,10,23.9,9
6724,10,23.9,10.33
6725,10,23.9,11
6726,10,23.35,10.33
6727,10,22.8,10
6728,10,23.9,10
6729,10,25.6,10
6730,10,27.8,10
6731,10,29.4,10.67
6732,10,30.25,11.67
6733,10,33.9,12
6734,10,33.9,12
6735,10,34.4,11.67
6736,10,35,11
6737,10,33.3,11
6738,10,33.05,9.2
6739,10,32.2,9.4
6740,10,31.7,8.57
6741,10,28.3,9
6742,10,28.3,7.2
6743,10,26.7,6.7
6744,10,26.15,7
6745,10,25,6
6746,10,23.9,5.33
6747,10,23.3,6.33
6748,10,22.8,5.33
6749,10,22.2,6
6750,10,22.2,6
6751,10,21.7,6.67
6752,10,22.8,7
6753,10,25.6,8
6754,10,27.2,8.33
6755,10,30,9.33
6756,10,30.55,10
6757,10,32.8,10
6758,10,34.4,10
6759,10,34.4,9.33
6760,10,34.4,9.33
6761,10,33.9,9
6762,10,33.35,8
6763,10,32.2,8
6764,10,31.7,8
6765,10,28.9,8
6766,10,27.8,7.67
6767,10,27.2,7.67
6768,10,28.05,7.67
6769,10,27.8,8
6770,10,26.7,8
6771,10,24.4,8
6772,10,23.3,8
6773,10,22.8,8
6774,10,22.5,8
6775,10,21.7,8
6776,10,23.3,8.67
6777,10,26.1,10
6778,10,28.9,10.67
6779,10,29.4,12.33
6780,10,30.8,13.67
6781,10,32.8,15.33
6782,10,34.4,16
6783,10,33.3,16
6784,10,33.3,16
6785,10,33.3,16
6786,10,32.75,15.33
6787,10,32.2,15
6788,10,31.1,14.67
6789,10,30.6,13.33
6790,10,28.3,11.67
6791,10,27.8,13.65
6792,10,28.05,12.95
6793,10,27.2,12.4
6794,10,25.6,12.8
6795,10,23.9,9.33
6796,10,23.3,9.33
6797,10,22.8,11.9
6798,10,22.5,8.67
6799,10,21.7,9.13
6800,10,23.9,10.8
6801,10,26.1,13.33
6802,10,28.9,15.67
6803,10,30.6,17.33
6804,10,31.15,18
6805,10,33.3,18.67
6806,10,32.8,20
6807,10,33.3,21
6808,10,33.9,21
6809,10,33.3,19.67
6810,10,32.75,17.67
6811,10,31.1,15.67
6812,10,29.4,14
6813,10,28.3,12.33
6814,10,28.9,12
6815,10,27.2,11.33
6816,10,26.4,10
6817,10,25,9.67
6818,10,23.9,9.67
6819,10,23.3,8.67
6820,10,22.8,8
6821,10,23.3,7.33
6822,10,23.3,7
6823,10,23.3,6.67
6824,10,22.8,8
6825,10,25,9.67
6826,10,26.1,11
6827,10,29.4,12.33
6828,10,30,13.33
6829,10,31.7,14.67
6830,10,32.8,15.67
6831,10,33.3,16
6832,10,31.7,16
6833,10,30,16
6834,10,29.7,14
6835,10,28.3,12.33
6836,10,26.7,9.67
6837,10,26.1,7.67
6838,10,24.4,7
6839,10,24.4,6.33
6840,10,24.1,5.67
6841,10,23.4,5.6
6842,10,22.8,5.33
6843,10,22.8,3.9
6844,10,21.7,4
6845,10,21.1,3
6846,10,20.25,2.2
6847,10,18.3,7
6848,10,18.9,11.67
6849,10,19.4,14.33
6850,10,20,16
6851,10,22.8,16.33
6852,10,22.8,17
6853,10,23.3,16
6854,10,24.4,15
6855,10,23.9,13
6856,10,23.3,13
6857,10,23.9,13
6858,10,23.35,11.33
6859,10,22.2,9.33
6860,10,22.2,7.67
6861,10,21.7,7.33
6862,10,21.7,6.33
6863,10,21.1,6
6864,10,20.85,6
6865,10,18.3,4
6866,10,18.9,2.33
6867,10,17.8,2.67
6868,10,17.2,0.6
6869,10,16.7,3
6870,10,16.4,1.33
6871,10,16.1,1.33
6872,10,17.8,3.33
6873,10,18.9,6.33
6874,10,21.1,8
6875,10,21.7,10.33
6876,10,22.5,12.33
6877,10,24.4,13
6878,10,25.6,15
6879,10,26.7,15.33
6880,10,27.2,15
6881,10,27.2,14.67
6882,10,26.95,13.33
6883,10,26.7,12
6884,10,25,10.67
6885,10,23.9,9.67
6886,10,23.3,9.67
6887,10,22.8,8.67
6888,10,22.25,8.33
6889,10,20.6,8
6890,10,19.4,8
6891,10,19.4,8
6892,10,18.3,8
6893,10,17.8,8
6894,10,17.8,8.33
6895,10,17.2,8
6896,10,18.3,9
6897,10,21.7,11.33
6898,10,24.4,12.67
6899,10,26.1,15
6900,10,27.2,18.67
6901,10,30.6,22.33
6902,10,32.2,23
6903,10,32.8,23
6904,10,33.3,22.33
6905,10,33.3,22
6906,10,32.5,20.33
6907,10,30.6,19.33
6908,10,28.3,19
6909,10,27.8,18
6910,10,27.8,18
6911,10,25,18
6912,10,24.45,18
6913,10,22.2,18
6914,10,22.2,18.67
6915,10,21.7,19
6916,10,21.7,19.33
6917,10,20,18.67
6918,10,20.3,18
6919,10,21.1,18
6920,10,23.3,18.33
6921,10,27.2,18.33
6922,10,30,18.33
6923,10,31.1,18.67
6924,10,31.95,18
6925,10,33.3,17.33
6926,10,35,18.67
6927,10,34.4,19
6928,10,34.4,17
6929,10,34.4,16
6930,10,33.85,15.8
6931,10,31.7,15
6932,10,27.8,14.67
6933,10,28.3,14.33
6934,10,25.6,13
6935,10,25,12.33
6936,10,23.9,12.67
6937,10,22.8,11.33
6938,10,22.2,11
6939,10,21.1,11
6940,10,20.6,11.67
6941,10,19.4,11.67
6942,10,18.85,10.33
6943,10,18.9,10.33
6944,10,20.6,11.67
6945,10,24.4,13
6946,10,26.7,14.33
6947,10,28.3,15
6948,10,29.15,15.67
6949,10,31.1,16
6950,10,33.3,17
6951,10,33.3,17
6952,10,33.9,17
6953,10,33.3,16.33
6954,10,33.05,14
6955,10,31.1,11.67
6956,10,29.4,9
6957,10,27.2,7.67
6958,10,26.1,7
6959,10,25,5
6960,10,25,6.33
6961,10,23.3,5.6
6962,10,22.2,5.67
6963,10,20.6,3.9
6964,10,21.1,3.9
6965,10,20.6,3.3
6966,10,20.3,3.3
6967,10,19.4,3.3
6968,10,20.6,5.25
6969,10,23.3,9
6970,10,26.7,11.33
6971,10,28.3,14.67
6972,10,28.6,17
6973,10,31.7,18
6974,10,32.8,20
6975,10,33.9,20
6976,10,33.3,20
6977,10,32.8,19.67
6978,10,32.5,17.67
6979,10,30,16.33
6980,10,29.4,12.33
6981,10,27.2,11
6982,10,26.1,10.67
6983,10,25.6,9.33
6984,10,25,12.2
6985,10,22.8,11.7
6986,10,23.3,11.7
6987,10,22.2,11.1
6988,10,21.1,11.1
6989,10,21.1,10.6
6990,10,20.85,10
6991,10,20.6,10.6
6992,10,21.7,11.33
6993,10,24.4,12.33
6994,10,26.7,14.67
6995,10,28.3,16
6996,10,28.3,18
6997,10,30,20
6998,10,30.6,20.33
6999,10,31.7,21
7000,10,31.7,21
7001,10,31.7,20.67
7002,10,31.15,19.67
7003,10,29.4,16.67
7004,10,29.4,16
7005,10,26.7,16
7006,10,25.6,16
7007,10,25,16
7008,10,24.45,15.9
7009,10,23.3,15
7010,10,22.2,15
7011,10,22.2,15
7012,10,21.1,15
7013,10,20.6,15
7014,10,20,15
7015,10,18.9,15
7016,10,21.7,15
7017,10,24.4,15.87
7018,10,27.2,16
7019,10,28.3,16.7
7020,10,29.15,17
7021,10,30.6,17
7022,10,32.2,19.33
7023,10,32.8,21
7024,10,33.3,22
7025,10,32.8,21.67
7026,10,32.25,19
7027,10,30.6,17.67
7028,10,27.8,16.33
7029,10,27.8,16
7030,10,26.1,15
7031,10,23.9,14.67
7032,10,23.05,14.33
7033,10,22.2,12.67
7034,10,21.7,13
7035,10,21.1,13
7036,10,20.6,12.33
7037,10,20,10.67
7038,10,19.7,8.33
7039,10,19.4,8
7040,10,21.7,10.67
7041,10,23.9,12.67
7042,10,25.6,14.67
7043,10,28.9,16.67
7044,10,29.45,17.33
7045,10,30.6,17.67
7046,10,32.2,17.33
7047,10,32.2,17.67
7048,10,32.2,17
7049,10,32.2,16.67
7050,10,31.65,14.33
7051,10,30.6,12.67
7052,10,28.3,11.33
7053,10,27.8,11.33
7054,10,27.2,10.67
7055,10,26.7,10.67
7056,10,26.4,10.67
7057,10,24.4,8.67
7058,10,23.9,8.67
7059,10,22.2,8.67
7060,10,21.7,10
7061,10,21.1,10
7062,10,20.55,10
7063,10,20,9.67
7064,10,21.1,11.33
7065,10,23.3,12.33
7066,10,27.2,14.33
7067,10,28.9,15.67
7068,10,29.45,16.67
7069,10,31.1,17
7070,10,32.2,17.33
7071,10,31.7,17.33
7072,10,30,17
7073,10,30,16.67
7074,10,29.45,14.67
7075,10,28.3,11.67
7076,10,27.2,10
7077,10,26.1,8.33
7078,10,25.6,7
7079,10,24.4,6.33
7080,10,24.15,5.6
7081,10,23.3,5.33
7082,10,23.3,5.33
7083,10,21.7,4.4
7084,10,20.6,6
7085,10,20,6
7086,10,19.7,6
7087,10,18.9,6
7088,10,20,9.33
7089,10,21.7,11.33
7090,10,24.4,14.67
7091,10,25.6,17.5
7092,10,26.4,19.33
7093,10,28.9,20
7094,10,28.9,20.67
7095,10,29.4,21
7096,10,28.3,21.67
7097,10,28.9,21.33
7098,10,28.35,18.33
7099,10,27.2,15
7100,10,26.7,12.67
7101,10,26.1,11.67
7102,10,24.4,11.67
7103,10,23.3,12.2
7104,10,23.6,10.33
7105,10,22.2,11
7106,10,21.7,10.67
7107,10,21.1,10.67
7108,10,20,8.67
7109,10,19.4,8.33
7110,10,19.15,8.33
7111,10,18.3,8.3
7112,10,19.4,11
7113,10,22.2,13.67
7114,10,23.9,16.67
7115,10,25,20.33
7116,10,25.55,22.33
7117,10,27.2,24
7118,10,27.8,25.67
7119,10,28.9,26
7120,10,28.9,26.33
7121,10,28.3,25.67
7122,10,28.05,22.67
7123,10,27.2,19.67
7124,10,26.7,17.67
7125,10,26.7,17.33
7126,10,25.6,16.33
7127,10,23.9,15.33
7128,10,23.35,14.33
7129,10,22.8,13.67
7130,10,22.8,14.2
7131,10,21.1,12.8
7132,10,21.7,12.67
7133,10,21.1,12.2
7134,10,20,13.33
7135,10,18.3,13.67
7136,10,20,15
7137,10,22.2,16.33
7138,10,23.3,20
7139,10,25,25
7140,10,25.55,26.33
7141,10,27.2,26.67
7142,10,27.8,26
7143,10,27.2,26
7144,10,28.3,25.67
7145,10,27.2,25.67
7146,10,26.65,22
7147,10,24.4,19
7148,10,22.2,18
7149,10,22.2,18
7150,10,21.1,18
7151,10,19.4,17.33
7152,10,18.85,17
7153,10,18.3,15.67
7154,10,18.9,14.33
7155,10,16.1,13.33
7156,10,15.6,13.67
7157,10,15,14.33
7158,10,14.7,15
7159,10,14.4,16
7160,10,16.7,16
7161,10,18.9,16.33
7162,10,21.7,17
7163,10,23.3,17
7164,10,24.15,17.67
7165,10,26.7,18.33
7166,10,27.2,19.67
7167,10,27.8,20
7168,10,28.3,21
7169,10,27.8,20.67
7170,10,26.95,19
7171,10,25.6,18
7172,10,22.8,17
7173,10,24.4,16.33
7174,10,22.8,17
7175,10,20,17
7176,10,19.7,17
7177,10,20,17
7178,10,17.2,17
7179,10,16.7,17
7180,10,16.7,17
7181,10,15,16.33
7182,10,15,16
7183,10,13.9,16.33
7184,10,17.2,16
7185,10,20,17
7186,10,22.8,17
7187,10,24.4,18
7188,10,24.7,19.33
7189,10,26.1,20
7190,10,26.7,20
7191,10,27.8,20
7192,10,28.3,20.33
7193,10,28.3,20
7194,10,28.05,19.33
7195,10,26.1,18.33
7196,10,25,18
7197,10,23.3,17.67
7198,10,20,17
7199,10,18.9,16.67
7200,10,18.35,16.33
7201,10,18.3,16
7202,10,16.7,15
7203,10,16.1,15
7204,10,16.1,15
7205,10,15.6,15
7206,10,15.3,15
7207,10,14.4,15
7208,10,17.2,15.33
7209,10,22.2,16
7210,10,23.9,17.33
7211,10,25,18.67
7212,10,25.85,19.33
7213,10,27.2,20
7214,10,28.3,20.33
7215,10,28.9,20.33
7216,10,29.4,20
7217,10,28.9,19.33
7218,10,28.35,18
7219,10,25.6,17.33
7220,10,23.3,17
7221,10,22.2,16
7222,10,21.7,16
7223,10,21.1,15
7224,10,20.25,15
7225,10,18.9,15
7226,10,17.8,15
7227,10,17.8,15
7228,10,17.2,15
7229,10,16.1,15
7230,10,16.4,15
7231,10,16.1,15
7232,10,17.2,15
7233,10,20.6,15
7234,10,25,15
7235,10,27.2,15
7236,10,28.05,15
7237,10,29.4,15
7238,10,30.6,15
7239,10,31.1,14.33
7240,10,31.1,14
7241,10,31.1,14
7242,10,30.25,13.33
7243,10,26.7,12
7244,10,25,11.33
7245,10,23.9,11.03
7246,10,23.3,11.33
7247,10,21.7,11
7248,10,21.15,11.1
7249,10,19.4,11.1
7250,10,18.9,11.07
7251,10,18.3,11
7252,10,17.8,10.6
7253,10,17.8,10.6
7254,10,17.8,10.33
7255,10,16.1,10
7256,10,17.8,10
7257,10,21.1,10
7258,10,23.9,9.2
7259,10,26.1,9.08
7260,10,26.95,10
7261,10,29.4,10
7262,10,30,9.67
7263,10,31.1,9
7264,10,31.1,8.67
7265,10,31.1,8.15
7266,10,30.55,8.33
7267,10,26.7,8.33
7268,10,25.6,7.5
7269,10,23.9,6.7
7270,10,22.2,6.85
7271,10,21.1,6.85
7272,10,20.85,6.67
7273,10,19.4,6
7274,10,18.9,6
7275,10,17.8,6
7276,10,17.8,6
7277,10,17.2,5.67
7278,10,17.2,5.33
7279,10,16.7,5.6
7280,10,17.8,5.2
7281,10,19.4,5
7282,10,23.3,5
7283,10,26.1,5
7284,10,27.2,5.8
7285,10,29.4,5.87
7286,10,29.4,5.73
7287,10,31.1,5.6
7288,10,31.1,5.8
7289,10,31.1,5.8
7290,10,30.25,5.8
7291,10,26.1,5
7292,10,25,5
7293,10,23.3,4.4
7294,10,21.7,4.4
7295,10,21.1,4.4
7296,10,20.55,4.4
7297,10,18.9,4.4
7298,10,17.8,4.4
7299,10,17.2,5
7300,10,16.7,4.67
7301,10,17.2,4.4
7302,10,16.95,4.67
7303,10,16.1,4.67
7304,10,17.8,5
7305,10,20.6,6.33
7306,10,23.9,8.33
7307,10,26.1,9.33
7308,10,26.4,10.67
7309,10,28.3,11.33
7310,10,29.4,11.67
7311,10,30.6,11.67
7312,10,30.6,11
7313,10,30.6,10
7314,10,29.75,10
7315,10,26.1,9
7316,10,25.6,8.67
7317,10,23.3,7.67
7318,10,21.7,7.33
7319,10,20,7.67
7320,10,19.45,8
7321,10,18.3,7.33
7322,10,17.8,7
7323,10,17.8,7
7324,10,16.7,7
7325,10,16.7,7
7326,10,16.15,7.33
7327,10,15.6,7.67
7328,10,16.7,8
7329,10,20,8
7330,10,23.3,9
7331,10,25.6,10
7332,10,26.15,10
7333,10,28.9,10
7334,10,30.6,10
7335,10,31.1,10
7336,10,31.1,9.67
7337,10,30.6,10
7338,10,30,9
7339,10,27.8,8.33
7340,10,24.4,8
7341,10,24.4,7.67
7342,10,23.3,7
7343,10,22.8,7
7344,10,21.4,7.33
7345,10,19.4,6.67
7346,10,18.9,6
7347,10,17.8,6
7348,10,18.9,5.33
7349,10,18.3,4
7350,10,18.05,3
7351,10,17.8,3.33
7352,10,17.8,4.33
7353,10,19.4,7.67
7354,10,21.7,9
7355,10,24.4,9.67
7356,10,25,10.33
7357,10,27.2,10
7358,10,28.3,10
7359,10,28.9,9.33
7360,10,29.4,9
7361,10,28.9,8.33
7362,10,28.6,8
7363,10,26.7,8
7364,10,23.9,8
7365,10,23.9,7.33
7366,10,23.3,7
7367,10,21.1,7
7368,10,20.85,7
7369,10,19.4,6.33
7370,10,19.4,6
7371,10,17.8,6
7372,10,17.8,6
7373,10,17.8,6
7374,10,17.5,6
7375,10,16.1,6
7376,10,17.8,6
7377,10,19.4,6.67
7378,10,22.2,7
7379,10,23.3,7.67
7380,10,24.45,7.67
7381,10,27.8,8
7382,10,28.3,8
7383,10,28.9,8
7384,10,28.9,8
7385,10,29.4,8
7386,10,28.85,7.33
7387,10,25,6.67
7388,10,23.9,6.33
7389,10,23.3,5.33
7390,10,23.9,5.67
7391,10,20.6,5.33
7392,10,20.3,5
7393,10,19.4,5
7394,10,18.3,4
7395,10,17.8,3.33
7396,10,16.7,3
7397,10,16.1,3.33
7398,10,16.1,2.67
7399,10,15,2.67
7400,10,16.7,5
7401,10,20,6.33
7402,10,23.3,7
7403,10,26.7,8
7404,10,26.95,8.67
7405,10,28.9,9.67
7406,10,31.1,10
7407,10,31.7,10
7408,10,31.7,9.67
7409,10,31.7,8.33
7410,10,30.85,6.33
7411,10,27.8,6
7412,10,25.6,5.33
7413,10,25.6,4
7414,10,23.3,3
7415,10,22.2,3
7416,10,21.65,3.67
7417,10,20.6,4.33
7418,10,20.6,5
7419,10,18.9,5
7420,10,17.2,5
7421,10,17.8,5
7422,10,17.25,4
7423,10,15.6,3.67
7424,10,18.9,4
7425,10,22.2,4.67
7426,10,25.6,5.33
7427,10,28.3,6.33
7428,10,28.6,7
7429,10,31.1,8
7430,10,30.6,9
7431,10,32.8,9
7432,10,32.2,9
7433,10,31.7,7.67
7434,10,30.3,6
7435,10,27.2,4.67
7436,10,26.1,5
7437,10,23.3,3.67
7438,10,22.8,2.33
7439,10,21.1,0.67
7440,10,20.85,0.67
7441,10,20,0.67
7442,10,17.8,-1.1
7443,10,18.9,-2.2
7444,10,17.8,-2.8
7445,10,16.7,-1.7
7446,10,16.4,-2.2
7447,10,17.8,-2.2
7448,10,18.3,-0.67
7449,10,20.6,1.33
7450,10,23.3,3.33
7451,10,26.1,5
7452,10,26.95,6
7453,10,30,6
7454,10,30.6,7
7455,10,31.7,7
7456,10,32.2,7
7457,10,32.2,6.33
7458,10,31.65,6
7459,10,27.2,5
7460,10,26.7,4.67
7461,10,23.9,4
7462,10,23.3,4
7463,10,21.7,3.33
7464,10,21.15,3
7465,10,19.4,3
7466,10,18.9,3
7467,10,18.3,3
7468,10,17.2,3
7469,10,17.8,3
7470,10,18.05,3
7471,10,17.2,2.67
7472,10,18.3,3
7473,10,21.7,3
7474,10,24.4,4
7475,10,26.1,5
7476,10,27.5,5.33
7477,10,29.4,6
7478,10,31.1,6
7479,10,31.7,6.33
7480,10,31.7,6
7481,10,31.1,6
7482,10,30.25,5
7483,10,27.2,5
7484,10,24.4,5
7485,10,26.1,5
7486,10,25.6,5
7487,10,21.7,5
7488,10,20.85,5
7489,10,19.4,5
7490,10,19.4,5
7491,10,18.9,5
7492,10,18.3,5
7493,10,17.8,4.33
7494,10,17.5,4
7495,10,16.7,4.67
7496,10,17.8,5
7497,10,20,5
7498,10,22.8,6.33
7499,10,23.9,8.33
7500,10,25,10.33
7501,10,27.2,11.33
7502,10,30,12
7503,10,28.9,12
7504,10,28.3,12
7505,10,27.2,10.67
7506,10,26.65,8.67
7507,10,25.6,7.33
7508,10,23.3,6.67
7509,10,22.2,7.33
7510,10,20.6,6.67
7511,10,20,6.67
7512,10,20,6
7513,10,20,5.33
7514,10,19.4,5
7515,10,19.4,4.67
7516,10,18.9,4.67
7517,10,21.1,3.67
7518,10,20.85,4.67
7519,10,20,4.33
7520,10,20.6,4.67
7521,10,22.2,6.67
7522,10,23.9,8
7523,10,22.1,10
7524,10,22.5,11
7525,10,22.8,12
7526,10,24.4,13
7527,10,25,13
7528,10,23.9,13
7529,10,22.8,13
7530,10,22.5,11
7531,10,21.7,7.67
7532,10,19.4,6.67
7533,10,18.9,5
7534,10,17.2,4
7535,10,16.7,4.67
7536,10,16.4,3.33
7537,10,15.6,3.33
7538,10,15,2.33
7539,10,14.4,1.33
7540,10,14.4,1.33
7541,10,13.9,1.1
7542,10,13.35,2.67
7543,10,12.2,2.33
7544,10,12.2,3.33
7545,10,13.9,6.67
7546,10,14.4,9
7547,10,15,12.33
7548,10,15.3,14.67
7549,10,17.2,16.67
7550,10,17.2,17.33
7551,10,17.2,18
7552,10,17.2,18
7553,10,16.7,17
7554,10,15.55,15.33
7555,10,14.4,12.67
7556,10,13.9,10.67
7557,10,14.4,9
7558,10,13.3,7.67
7559,10,11.1,6
7560,10,10.55,6
7561,10,10,5
7562,10,9.4,4.33
7563,10,9.4,3
7564,10,7.8,3.67
7565,10,7.8,3
7566,10,7.5,3
7567,10,7.2,1.1
7568,10,7.8,2.75
7569,10,9.4,7
7570,10,11.7,10
7571,10,12.8,12
7572,10,13.6,14.67
7573,10,16.1,17
7574,10,16.1,19.67
7575,10,17.8,21
7576,10,17.2,21
7577,10,16.7,20
7578,10,16.15,17.67
7579,10,14.4,16.67
7580,10,13.9,14.67
7581,10,13.3,12.67
7582,10,11.7,11
7583,10,11.1,11.33
7584,10,11.1,8.33
7585,10,12.8,9.67
7586,10,10.6,8.33
7587,10,9.4,9.67
7588,10,8.3,10.67
7589,10,7.2,7.33
7590,10,7.5,10.67
7591,10,8.3,10.33
7592,10,9.4,10.67
7593,10,13.9,12.33
7594,10,16.1,14.67
7595,10,18.9,16.67
7596,10,19.45,17.67
7597,10,20.6,19
7598,10,21.7,20
7599,10,22.2,20
7600,10,22.2,20
7601,10,21.7,19.67
7602,10,21.15,19.67
7603,10,18.9,20
7604,10,16.1,17.33
7605,10,15,17
7606,10,15,16.67
7607,10,13.3,16
7608,10,11.95,11.67
7609,10,11.1,9.67
7610,10,10.6,8.33
7611,10,10,8.15
7612,10,10.6,8
7613,10,9.4,6.67
7614,10,9.15,5.67
7615,10,9.4,5
7616,10,10,5.67
7617,10,16.7,5
7618,10,18.3,5.33
7619,10,20,6
7620,10,20.85,7.33
7621,10,22.8,8
7622,10,23.9,9
7623,10,24.4,8.33
7624,10,25,8
7625,10,24.4,7.33
7626,10,23.3,5.67
7627,10,21.7,4.67
7628,10,17.2,3.33
7629,10,18.9,3
7630,10,16.7,3
7631,10,15.6,2
7632,10,14.75,2
7633,10,13.9,2
7634,10,12.8,2
7635,10,12.2,1
7636,10,11.7,0
7637,10,10.6,0.33
7638,10,11.4,0.67
7639,10,11.1,0
7640,10,11.7,0.33
7641,10,15.6,3
7642,10,19.4,4.33
7643,10,22.8,5.67
7644,10,23.6,6
7645,10,25,6.67
7646,10,26.7,7
7647,10,27.2,7
7648,10,27.2,7
7649,10,26.7,6.33
7650,10,25.55,6
7651,10,21.7,3.33
7652,10,22.2,2
7653,10,19.4,1
7654,10,18.9,0
7655,10,17.8,-0.6
7656,10,17.25,0
7657,10,15,-0.33
7658,10,15.6,0
7659,10,15,0.33
7660,10,14.4,1.33
7661,10,14.4,2
7662,10,14.15,2
7663,10,13.3,2
7664,10,15,2
7665,10,17.8,3
7666,10,19.4,4.67
7667,10,20.6,5.33
7668,10,20.85,6.33
7669,10,21.7,7.33
7670,10,22.2,8
7671,10,23.3,8
7672,10,23.3,8
7673,10,22.8,8
7674,10,22.25,7
7675,10,21.7,6
7676,10,21.1,5.67
7677,10,21.1,5
7678,10,20,5
7679,10,20,3
7680,10,19.45,3
7681,10,17.8,2.33
7682,10,16.7,3
7683,10,15.6,3
7684,10,15,3
7685,10,13.9,3.33
7686,10,13.05,3
7687,10,12.2,3
7688,10,13.3,2.67
7689,10,16.1,3
7690,10,18.9,6.67
7691,10,21.1,8
7692,10,22.5,9.33
7693,10,25,10.33
7694,10,25.6,11
7695,10,25.6,11
7696,10,27.2,11
7697,10,26.1,10
7698,10,25,7
7699,10,22.8,6.33
7700,10,21.1,6
7701,10,20,6.33
7702,10,17.8,5.67
7703,10,17.2,2.67
7704,10,16.95,2
7705,10,16.1,1
7706,10,15.6,2.33
7707,10,14.4,3
7708,10,13.9,3
7709,10,13.9,3
7710,10,13.6,1
7711,10,14.4,1.33
7712,10,13.9,2.33
7713,10,15,4.33
7714,10,17.8,6.33
7715,10,20,8
7716,10,20.85,10
7717,10,22.8,12
7718,10,22.8,12
7719,10,22.8,12
7720,10,23.9,12
7721,10,23.9,11.67
7722,10,23.05,10.33
7723,10,20.6,8.33
7724,10,19.4,5
7725,10,18.3,3
7726,10,17.8,2.33
7727,10,16.7,2.33
7728,10,16.4,1.67
7729,10,16.1,2.33
7730,10,15,3.33
7731,10,15,3
7732,10,15,3
7733,10,15,3
7734,10,14.7,2.67
7735,10,14.4,2.33
7736,10,15,3
7737,10,17.8,3.33
7738,10,20.6,5.33
7739,10,22.8,7.33
7740,10,23.35,9
7741,10,23.9,10.67
7742,10,24.4,11
7743,10,25.6,11
7744,10,26.1,11
7745,10,25,10
7746,10,24.45,10
7747,10,23.3,9.67
7748,10,22.2,9.67
7749,10,19.4,9
7750,10,18.3,8.67
7751,10,17.2,8
7752,10,17.2,8
7753,10,16.7,7.33
7754,10,15,7
7755,10,14.4,7
7756,10,13.9,7
7757,10,13.9,6.33
7758,10,14.15,6
7759,10,13.3,6
7760,10,13.9,6
7761,10,16.7,6.67
7762,10,18.9,7
7763,10,22.8,8.33
7764,10,23.6,10.33
7765,10,24.4,11
7766,10,26.1,11
7767,10,26.1,11.33
7768,10,26.1,11
7769,10,25.6,10
7770,10,24.45,8
7771,10,21.7,6.67
7772,10,22.8,6.33
7773,10,21.1,4.67
7774,10,18.3,2.67
7775,10,16.7,3.67
7776,10,16.95,2.33
7777,10,14.4,2.2
7778,10,16.1,2.2
7779,10,15,2.67
7780,10,14.4,3
7781,10,14.4,2.2
7782,10,14.15,2.6
7783,10,13.3,2.2
7784,10,15,2.83
7785,10,17.8,5
7786,10,20,6.67
7787,10,22.8,7.67
7788,10,23.6,8.67
7789,10,26.7,10.33
7790,10,28.3,11
7791,10,27.8,11
7792,10,28.3,10.33
7793,10,27.2,10
7794,10,26.65,8.67
7795,10,23.3,7
7796,10,21.1,6.67
7797,10,20,7
7798,10,18.3,5.67
7799,10,19.4,5
7800,10,18.3,4
7801,10,16.7,2.2
7802,10,16.1,1.65
7803,10,16.1,0.67
7804,10,14.4,0.33
7805,10,14.4,0.33
7806,10,14.15,0.67
7807,10,13.9,0.6
7808,10,16.1,0.33
7809,10,18.9,3.67
7810,10,21.7,6.33
7811,10,23.3,8.33
7812,10,23.6,10.67
7813,10,25,12
7814,10,26.1,12.33
7815,10,27.2,13
7816,10,27.2,12.33
7817,10,26.1,10.67
7818,10,25.25,8.33
7819,10,23.3,6.67
7820,10,20.6,5.33
7821,10,20,4
7822,10,20.6,2.33
7823,10,16.7,1
7824,10,16.7,0.33
7825,10,16.1,0.6
7826,10,14.4,0.33
7827,10,13.3,-1.1
7828,10,13.3,-0.33
7829,10,12.8,-0.67
7830,10,12.8,-0.6
7831,10,11.7,-1.33
7832,10,12.2,-0.67
7833,10,15,2
7834,10,17.8,6.67
7835,10,21.1,10.67
7836,10,21.95,11.67
7837,10,24.4,12.67
7838,10,24.4,14
7839,10,26.1,14.67
7840,10,25.6,14
7841,10,25.6,12.33
7842,10,24.75,9
7843,10,20.6,7
7844,10,20,3.67
7845,10,17.8,2.33
7846,10,17.8,1.67
7847,10,15.6,1.67
7848,10,15.3,0.67
7849,10,14.4,0
7850,10,13.9,-1.4
7851,10,12.2,-1.1
7852,10,12.2,-0.33
7853,10,12.2,-0.33
7854,10,11.95,-2.2
7855,10,11.1,-2.2
7856,10,12.2,-0.33
7857,10,13.9,1.67
7858,10,17.8,6
7859,10,20.6,9
7860,10,22.5,11.67
7861,10,26.1,13.67
7862,10,27.2,14.67
7863,10,28.3,15
7864,10,28.9,15
7865,10,28.3,14.67
7866,10,27.5,13
7867,10,22.8,13
7868,10,22.2,13.67
7869,10,20.6,12.67
7870,10,20.6,11
7871,10,19.4,9.67
7872,10,19.4,8
7873,10,21.1,6
7874,10,19.4,4.33
7875,10,17.8,2.67
7876,10,17.8,2
7877,10,17.8,2.67
7878,10,18.35,2.33
7879,10,18.9,2.33
7880,10,19.4,2.33
7881,10,21.7,3
7882,10,22.8,3.67
7883,10,25,4.67
7884,10,25.85,4
7885,10,27.8,5.33
7886,10,28.9,4.67
7887,10,28.9,4
7888,10,28.9,4
7889,10,28.3,3
7890,10,27.2,2.67
7891,10,23.3,2
7892,10,21.7,2
7893,10,20,1.67
7894,10,20,1.33
7895,10,18.3,1
7896,10,18.05,1
7897,10,17.2,1
7898,10,16.7,1
7899,10,15,0.67
7900,10,15,0.33
7901,10,15.6,1
7902,10,15.3,1
7903,10,13.9,1
7904,10,14.4,1
7905,10,17.2,2
7906,10,20,2
7907,10,22.8,2
7908,10,23.6,2.67
7909,10,26.1,3.33
7910,10,26.7,4.33
7911,10,27.2,5.67
7912,10,26.7,5
7913,10,26.7,4
7914,10,25.3,2.67
7915,10,22.2,2.33
7916,10,22.8,0
7917,10,19.4,-0.67
7918,10,18.3,-0.67
7919,10,17.2,-2
7920,10,16.95,-2.33
7921,10,16.1,-2.67
7922,10,15.6,-2.67
7923,10,14.4,-2.67
7924,10,13.9,-2
7925,10,13.9,-1.33
7926,10,13.6,-1
7927,10,12.8,-1.33
7928,10,13.3,-2
7929,10,16.1,0.67
7930,10,19.4,6
7931,10,20.6,8.67
7932,10,21.15,11
7933,10,23.3,12
7934,10,24.4,12.33
7935,10,25.6,12.33
7936,10,25.6,12
7937,10,26.1,11
7938,10,24.45,8.33
7939,10,21.7,6
7940,10,21.7,4.67
7941,10,18.9,2.33
7942,10,17.2,2.33
7943,10,16.7,4
7944,10,16.4,4.67
7945,10,15,5
7946,10,14.4,4.67
7947,10,14.4,4.67
7948,10,13.3,3.67
7949,10,13.9,3
7950,10,13.6,3
7951,10,13.3,3
7952,10,13.9,3
7953,10,16.1,3
7954,10,18.9,4
7955,10,21.7,3.95
7956,10,23.35,3
7957,10,26.7,3.3
7958,10,27.8,4.67
7959,10,28.3,5
7960,10,27.8,5
7961,10,27.2,5
7962,10,26.1,3.67
7963,10,22.8,3
7964,10,21.7,3.2
7965,10,21.7,3
7966,10,19.4,3
7967,10,18.9,3.33
7968,10,18.35,4
7969,10,16.1,4
7970,10,16.7,3
7971,10,17.2,3
7972,10,15,2.67
7973,10,13.9,2.33
7974,10,14.45,2
7975,10,14.4,1.67
7976,10,15,0.67
7977,10,18.3,2.33
7978,10,20.6,4
7979,10,22.8,5.67
7980,10,23.35,6.67
7981,10,25,7.33
7982,10,26.1,8
7983,10,25.6,8
7984,10,26.1,7
7985,10,25.6,6.33
7986,10,24.75,4.33
7987,10,21.7,2
7988,10,20.6,2
7989,10,20,2.33
7990,10,20,3
7991,10,17.2,1.67
7992,10,16.95,0.33
7993,10,14.4,0.33
7994,10,14.4,-0.67
7995,10,13.9,-1.33
7996,10,12.8,-2
7997,10,12.8,-2.33
7998,10,12.5,-2.67
7999,10,12.2,-2
8000,10,12.8,-1
8001,10,14.4,1
8002,10,17.8,5
8003,10,19.4,7
8004,10,20.8,8.33
8005,10,23.9,9.67
8006,10,23.9,10
8007,10,23.9,10
8008,10,25,9.67
8009,10,24.4,8
8010,10,23.6,7
8011,10,22.2,5.33
8012,10,21.1,4.33
8013,10,20,3
8014,10,18.3,1
8015,10,16.7,0.33
8016,10,16.7,-0.33
8017,10,15.6,-1
8018,10,15,-1.67
8019,10,14.4,-1.33
8020,10,14.4,-2
8021,10,13.3,-2.33
8022,10,13.05,-2.33
8023,10,12.2,-2.67
8024,10,12.8,-3.6
8025,10,15.6,0
8026,10,17.2,1.67
8027,10,20,4.33
8028,10,20.85,7
8029,10,22.8,9
8030,10,22.8,10
8031,10,23.9,10
8032,10,23.9,10.67
8033,10,23.3,9.67
8034,10,23.05,7
8035,10,22.2,4.67
8036,10,21.1,2.67
8037,10,19.4,2
8038,10,18.3,1.33
8039,10,17.2,0.67
8040,10,16.65,0.33
8041,10,16.1,1
8042,10,14.4,1.33
8043,10,14.4,2
8044,10,13.9,1.33
8045,10,12.8,1.67
8046,10,12.8,1
8047,10,12.2,1
8048,10,13.3,1
8049,10,15.6,1.68
8050,10,17.8,4.67
8051,10,19.4,5
8052,10,20,4.67
8053,10,21.7,6
8054,10,23.3,7
8055,10,23.3,7.67
8056,10,23.3,8
8057,10,23.3,7.67
8058,10,23.05,5.67
8059,10,20.6,5
8060,10,19.4,4
8061,10,18.9,3
8062,10,17.2,1.1
8063,10,16.1,1.1
8064,10,15.85,1
8065,10,15,0.33
8066,10,14.4,-0.85
8067,10,13.3,-1.23
8068,10,12.8,-1.02
8069,10,12.8,-0.8
8070,10,12.5,0
8071,10,11.7,0
8072,10,12.8,0
8073,10,15.6,0.8
8074,10,18.3,1.7
8075,10,18.9,3.45
8076,10,20,5.95
8077,10,22.8,10.6
8078,10,23.3,11
8079,10,24.4,12
8080,10,24.4,12
8081,10,23.9,12
8082,10,23.6,11.33
8083,10,21.1,10.67
8084,10,20,11
8085,10,18.9,11
8086,10,17.8,10.33
8087,10,16.1,13.3
8088,10,15.85,10
8089,10,15,9.33
8090,10,15,10.25
8091,10,13.9,7
8092,10,13.3,6.7
8093,10,13.3,7.2
8094,10,13.05,5.6
8095,10,13.3,6
8096,10,13.3,6.4
8097,10,15.6,11.1
8098,10,16.7,12
8099,10,19.4,15.33
8100,10,20.25,17.33
8101,10,22.2,20
8102,10,23.9,20
8103,10,24.4,20
8104,10,23.3,20
8105,10,23.3,18.67
8106,10,23.05,15.33
8107,10,20.6,15
8108,10,20,12.67
8109,10,18.9,11.67
8110,10,17.2,11.67
8111,10,17.2,12
8112,10,16.65,10.6
8113,10,15,11.1
8114,10,15,10.85
8115,10,13.9,8.33
8116,10,13.3,8.33
8117,10,12.8,10.6
8118,10,12.8,10
8119,10,12.2,10
8120,10,13.3,10
8121,10,14.4,13.3
8122,10,17.2,13.33
8123,10,20,16
8124,10,20.55,18.33
8125,10,23.3,20.67
8126,10,24.4,22
8127,10,24.4,21.67
8128,10,25,21.33
8129,10,24.4,19.67
8130,10,23.6,18.67
8131,10,21.7,17
8132,10,20,17
8133,10,20,17
8134,10,17.8,16
8135,10,17.2,16.33
8136,10,17.2,17
8137,10,16.1,16
8138,10,15.6,15
8139,10,14.4,15.33
8140,10,13.9,15.33
8141,10,14.4,14
8142,10,13.85,13
8143,10,13.3,12.67
8144,10,13.9,11.67
8145,10,15,11
8146,10,19.4,11
8147,10,22.2,11
8148,10,22.75,11.67
8149,10,25,13.33
8150,10,26.7,14
8151,10,26.7,13.67
8152,10,27.2,12.67
8153,10,26.7,11.33
8154,10,25.55,9.33
8155,10,22.8,7.67
8156,10,20,7
8157,10,18.3,5.67
8158,10,17.8,4.67
8159,10,16.7,3.33
8160,10,16.15,2.67
8161,10,14.4,2
8162,10,13.9,2
8163,10,13.3,1
8164,10,13.3,0.33
8165,10,12.8,0
8166,10,12.5,-0.67
8167,10,11.7,-0.67
8168,10,13.3,-1.33
8169,10,15,0
8170,10,17.8,2
8171,10,20,2.67
8172,10,20.85,4
8173,10,23.3,5
8174,10,24.4,5.67
8175,10,24.4,6
8176,10,23.9,6
8177,10,23.3,5.67
8178,10,22.75,4.33
8179,10,21.1,4.67
8180,10,20,3.67
8181,10,18.3,2.33
8182,10,16.1,2.33
8183,10,16.7,2
8184,10,15.85,2
8185,10,14.4,2.33
8186,10,13.9,2.67
8187,10,13.3,3
8188,10,12.8,3
8189,10,11.7,3
8190,10,11.7,3
8191,10,11.7,3
8192,10,12.2,3
8193,10,15,4
8194,10,17.8,4.67
8195,10,19.4,6
8196,10,20,7.33
8197,10,21.1,8
8198,10,22.8,10
8199,10,23.3,11
8200,10,22.8,11
8201,10,22.2,10.67
8202,10,21.65,10
8203,10,20,9.33
8204,10,18.3,9
8205,10,17.2,9
8206,10,16.1,9.33
8207,10,15.6,9.33
8208,10,15,7.67
8209,10,13.9,7
8210,10,13.3,7
8211,10,12.2,8.95
8212,10,11.7,8.95
8213,10,11.1,6
8214,10,10.85,6
8215,10,11.1,6.05
8216,10,11.1,6.1
8217,10,13.3,6.35
8218,10,15.6,8.32
8219,10,17.8,10
8220,10,18.35,12.67
8221,10,21.1,14
8222,10,21.1,15.67
8223,10,21.7,16
8224,10,22.2,17
8225,10,21.7,16
8226,10,20.85,14.67
8227,10,17.8,13.67
8228,10,16.7,12.67
8229,10,17.2,12
8230,10,14.4,12
8231,10,13.9,12
8232,10,13.6,11.67
8233,10,11.7,11
8234,10,11.1,10
8235,10,10.6,11
8236,10,10,11
8237,10,9.4,11
8238,10,9.15,10.6
8239,10,8.9,10.67
8240,10,8.9,10.32
8241,10,11.1,10
8242,10,13.3,9
8243,10,15,9.33
8244,10,16.1,10
8245,10,18.3,10
8246,10,20,9.33
8247,10,20,8.67
8248,10,20.6,8.33
8249,10,20.6,8.15
8250,10,20,8.15
8251,10,18.9,8.38
8252,10,17.2,8.6
8253,10,16.7,8.9
8254,10,15.6,8.9
8255,10,13.9,8.9
8256,10,13.6,8.33
8257,10,12.8,9
8258,10,11.7,9
8259,10,11.1,9.4
8260,10,11.1,9.4
8261,10,10,9.7
8262,10,8.9,10
8263,10,8.3,10.8
8264,10,7.2,10.85
8265,10,10,11.67
8266,10,11.7,12.67
8267,10,13.3,14
8268,10,13.6,15
8269,10,15.6,15
8270,10,16.1,16
8271,10,17.2,16
8272,10,18.3,16
8273,10,17.2,16
8274,10,16.65,16
8275,10,16.1,15.67
8276,10,15.6,15.33
8277,10,12.2,15.33
8278,10,10.6,15
8279,10,10.6,15
8280,10,10,11.33
8281,10,8.9,10
8282,10,7.8,9
8283,10,7.8,7.67
8284,10,7.2,7
8285,10,6.1,7
8286,10,6.1,6
8287,10,5.6,5
8288,10,5.6,5.33
8289,10,7.2,5.33
8290,10,10.6,7
8291,10,13.3,8
8292,10,14.7,8.33
8293,10,17.8,10
8294,10,20,9.33
8295,10,20,8.33
8296,10,19.4,8
8297,10,18.9,6.67
8298,10,18.3,5.67
8299,10,17.8,5
8300,10,16.1,4.67
8301,10,12.2,3.33
8302,10,11.7,2.67
8303,10,11.1,2
8304,10,10.85,1.67
8305,10,10,1.67
8306,10,9.4,2
8307,10,8.9,2
8308,10,8.3,2.67
8309,10,8.3,2.33
8310,10,7.5,3
8311,10,7.2,3
8312,10,8.3,2.33
8313,10,10,2.67
8314,10,13.3,3.67
8315,10,14.4,5.33
8316,10,15.55,6.33
8317,10,19.4,6.33
8318,10,21.1,6
8319,10,21.1,6
8320,10,22.2,5.33
8321,10,21.7,4.67
8322,10,20,3.33
8323,10,16.1,3
8324,10,15,2.67
8325,10,13.9,3
8326,10,12.2,1.67
8327,10,12.2,2
8328,10,11.95,2
8329,10,10.6,1.33
8330,10,10.6,1
8331,10,10,1
8332,10,9.4,0.33
8333,10,12.2,0.33
8334,10,13.9,0
8335,10,13.9,0
8336,10,16.1,0
8337,10,13.7,1.67
8338,10,14.4,3.33
8339,10,17.3,5.33
8340,10,18.15,6.67
8341,10,20,7.67
8342,10,21.1,8
8343,10,21.85,8
8344,10,21.1,8
8345,10,20,6.67
8346,10,19.7,4.67
8347,10,17.8,1.67
8348,10,17.2,0.67
8349,10,16.7,0
8350,10,15,-0.67
8351,10,13.9,-1
8352,10,13.9,-1.67
8353,10,13.9,-2
8354,10,13.97,-2
8355,10,13.3,-2.67
8356,10,12.8,-3
8357,10,12.2,-3.67
8358,10,11.95,-3.67
8359,10,11.7,-3
8360,10,11.1,-3.67
8361,10,11.1,-1
8362,10,11.7,1.67
8363,10,12.2,5
8364,10,13.3,8
8365,10,14.4,9.67
8366,10,16.1,11
8367,10,15,12
8368,10,15.6,12
8369,10,15,10.67
8370,10,14.7,7.33
8371,10,13.3,5.33
8372,10,11.7,2.67
8373,10,11.7,1
8374,10,11.1,2
8375,10,11.1,1.67
8376,10,11.1,0.33
8377,10,17.8,0
8378,10,14.4,0
8379,10,10.6,0
8380,10,10.6,0
8381,10,10.6,-0.67
8382,10,10.6,-0.33
8383,10,16.7,0.33
8384,10,11.7,0
8385,10,12.1,1
8386,10,12.2,4
8387,10,12.1,5.33
8388,10,12.15,8
8389,10,12.2,10.33
8390,10,13.9,11
8391,10,14.4,11
8392,10,12.4,11
8393,10,11.15,10.33
8394,10,10.6,10
8395,10,10,10
8396,10,10,10
8397,10,10,9
8398,10,10,8.67
8399,10,10,8
8400,10,9.7,8
8401,10,8.9,8
8402,10,8.9,7.33
8403,10,8.9,6.67
8404,10,8.3,6
8405,10,8.3,6.33
8406,10,8.3,7
8407,10,7.8,7
8408,10,7.8,6.7
8409,10,8.3,7.2
8410,10,9.4,7.33
8411,10,11.1,7.67
8412,10,11.4,8
8413,10,13.3,8
8414,10,13.9,8
8415,10,15,8
8416,10,14.4,8
8417,10,14.4,8
8418,10,13.85,8
8419,10,12.2,7
8420,10,11.7,7
8421,10,11.1,7
8422,10,11.1,7
8423,10,10,8.3
8424,10,9.45,7
8425,10,8.3,7
8426,10,8.3,7.8
8427,10,7.8,7.9
8428,10,7.8,7
8429,10,7.2,7.8
8430,10,7.2,7.8
8431,10,7.2,7
8432,10,7.8,7
8433,10,8.9,7.4
8434,10,10.6,8.3
8435,10,12.8,8.65
8436,10,13.35,9
8437,10,15,9
8438,10,15.6,10.15
8439,10,16.1,10
8440,10,16.7,10.6
8441,10,16.1,10
8442,10,15.85,10.6
8443,10,14.4,10.6
8444,10,13.3,11
8445,10,12.8,11.1
8446,10,11.7,11.05
8447,10,10,11
8448,10,9.7,11
8449,10,8.9,11.85
8450,10,8.9,10.9
8451,10,7.8,10
8452,10,8.3,9.4
8453,10,7.8,8.9
8454,10,7.5,8.9
8455,10,7.2,8.15
8456,10,8.3,7.33
8457,10,8.9,8.17
8458,10,10.6,9
8459,10,12.8,12.67
8460,10,13.35,14
8461,10,16.1,12.67
8462,10,16.1,12
8463,10,16.1,11.67
8464,10,16.1,11
8465,10,16.1,9.67
8466,10,15.85,8
8467,10,15,8
8468,10,14.4,7
8469,10,15,6.33
8470,10,13.9,6
8471,10,12.8,5.33
8472,10,12.8,4.33
8473,10,12.1,3.67
8474,10,11.05,2
8475,10,9.4,1.33
8476,10,8.3,0.33
8477,10,7.2,0.33
8478,10,6.95,-1.1
8479,10,6.1,1.67
8480,10,6.7,1
8481,10,7.2,3.33
8482,10,8.9,10
8483,10,10.6,10
8484,10,10.6,10
8485,10,11.7,11
8486,10,13.9,11
8487,10,13.3,11
8488,10,13.3,10.67
8489,10,13.3,10
8490,10,12.5,10
8491,10,10.6,8.33
8492,10,10,7.67
8493,10,9.4,7
8494,10,8.3,6
8495,10,7.2,4.67
8496,10,7.2,3.67
8497,10,6.7,1.67
8498,10,6.7,1.33
8499,10,5.6,2
8500,10,6.1,3
8501,10,6.1,2
8502,10,6.4,1.1
8503,10,5.6,0.6
8504,10,5,0.3
8505,10,8.3,2.33
8506,10,12.2,4.67
8507,10,13.3,6.33
8508,10,13.6,7.33
8509,10,15,8
8510,10,16.1,8
8511,10,16.7,7
8512,10,16.7,7
8513,10,16.1,7
8514,10,15.55,6.67
8515,10,13.9,6
8516,10,13.9,6
8517,10,13.3,6.05
8518,10,12.8,7.07
8519,10,12.8,7.33
8520,10,12.25,8.33
8521,10,11.7,12.27
8522,10,11.7,11.33
8523,10,10.6,9.47
8524,10,8.9,7.33
8525,10,8.3,6.67
8526,10,8.6,6
8527,10,8.9,5.33
8528,10,7.8,5
8529,10,11.7,5
8530,10,14.4,5
8531,10,16.7,5
8532,10,17.25,5
8533,10,19.4,5
8534,10,20,5
8535,10,20,4.33
8536,10,20.6,3.67
8537,10,20,3.67
8538,10,19.15,3
8539,10,16.7,3
8540,10,15.6,3
8541,10,14.4,3
8542,10,12.8,3
8543,10,13.9,3
8544,10,13.35,3
8545,10,12.8,2.67
8546,10,12.2,3
8547,10,12.2,2.67
8548,10,11.1,3
8549,10,12.2,3
8550,10,12.75,3
8551,10,11.7,3
8552,10,11.7,3
8553,10,12.8,2.67
8554,10,15.6,2.33
8555,10,17.8,3.33
8556,10,18.6,5
8557,10,20,6
8558,10,21.1,5.67
8559,10,20.6,5
8560,10,20.6,4.67
8561,10,20,3
8562,10,19.45,2.33
8563,10,16.1,1.67
8564,10,15.6,1
8565,10,15.6,1
8566,10,12.8,0.67
8567,10,11.7,0.33
8568,10,11.15,0
8569,10,9.4,0
8570,10,8.9,0
8571,10,10,0
8572,10,7.8,0
8573,10,7.8,-0.67
8574,10,7.5,-1.67
8575,10,7.2,-2.67
8576,10,6.1,-3
8577,10,8.9,-1.67
8578,10,12.2,1
8579,10,13.9,2.67
8580,10,14.75,4.67
8581,10,17.2,6.33
8582,10,18.3,7.33
8583,10,18.9,7.67
8584,10,19.4,8
8585,10,18.3,7
8586,10,17.2,5.33
8587,10,14.4,2
8588,10,13.3,0.67
8589,10,12.2,0
8590,10,13.3,-0.33
8591,10,13.3,-0.33
8592,10,12.2,-1
8593,10,10.6,-1.67
8594,10,10,-0.67
8595,10,8.9,-1
8596,10,8.9,-1
8597,10,8.3,-1.67
8598,10,8.3,-2
8599,10,8.3,-1
8600,10,8.3,-0.33
8601,10,9.4,-0.67
8602,10,11.1,0.33
8603,10,13.3,1.67
8604,10,14.15,2
8605,10,16.1,2.33
8606,10,16.1,1.82
8607,10,17.8,0.8
8608,10,17.8,1
8609,10,17.2,1.1
8610,10,16.95,1
8611,10,16.1,1.1
8612,10,14.4,1.05
8613,10,13.3,1.7
8614,10,12.2,1.55
8615,10,12.2,1.1
8616,10,11.65,1.1
8617,10,11.1,1.1
8618,10,11.1,1
8619,10,11.1,0.67
8620,10,10.6,0
8621,10,10.6,0
8622,10,10.3,0
8623,10,8.3,0
8624,10,7.2,0
8625,10,8.9,0.33
8626,10,10,0.67
8627,10,11.1,3.33
8628,10,11.95,4.67
8629,10,12.8,6
8630,10,13.3,7
8631,10,13.3,7
8632,10,13.9,6.33
8633,10,13.3,5
8634,10,13.05,3.33
8635,10,12.8,3.33
8636,10,11.1,2.33
8637,10,11.7,4.4
8638,10,9.4,3
8639,10,10,3
8640,10,10,2.33
8641,10,9.4,2
8642,10,8.3,2
8643,10,7.2,2
8644,10,7.2,1
8645,10,6.7,1
8646,10,6.7,1
8647,10,6.1,0.33
8648,10,6.7,-0.77
8649,10,8.9,-0.32
8650,10,10,-0.5
8651,10,11.1,0
8652,10,11.95,0.8
8653,10,14.4,0.67
8654,10,15,0.33
8655,10,16.7,1.7
8656,10,15.6,2.07
8657,10,15.6,1.67
8658,10,15,1.57
8659,10,13.9,1.03
8660,10,13.3,1.4
8661,10,11.1,1.67
8662,10,9.4,1.1
8663,10,9.4,1.67
8664,10,9.4,1.35
8665,10,8.3,1.33
8666,10,7.2,1.4
8667,10,6.1,2
8668,10,6.1,2
8669,10,6.1,2
8670,10,5.85,2.33
8671,10,6.1,3
8672,10,6.1,3
8673,10,6.7,2.67
8674,10,8.3,3
8675,10,9.4,3
8676,10,10,3.33
8677,10,12.2,3
8678,10,13.3,2.67
8679,10,13.9,2
8680,10,13.3,2
8681,10,13.3,2
8682,10,12.75,2
8683,10,11.7,2
8684,10,10,2
8685,10,8.9,2
8686,10,8.3,2
8687,10,7.8,2
8688,10,7.5,2
8689,10,6.7,2
8690,10,6.1,2
8691,10,5.6,2
8692,10,4.4,2
8693,10,4.4,1.67
8694,10,4.4,1
8695,10,3.9,1
8696,10,3.9,0.67
8697,10,6.1,1
8698,10,8.3,2
8699,10,10.6,3
8700,10,11.15,3
8701,10,12.8,3.33
8702,10,13.9,3.67
8703,10,13.9,4.33
8704,10,13.9,3.33
8705,10,13.9,3
8706,10,12.8,2.67
8707,10,10.6,1.67
8708,10,11.7,1
8709,10,9.4,0
8710,10,8.9,0.33
8711,10,7.8,0.33
8712,10,7.25,1.1
8713,10,7.2,0.67
8714,10,6.7,0.67
8715,10,6.7,0.67
8716,10,5.6,1
8717,10,4.4,1
8718,10,3.85,1
8719,10,3.9,2
8720,10,3.9,2
8721,10,6.7,2
8722,10,10.6,2
8723,10,13.3,0.9
8724,10,14.15,0.8
8725,10,16.1,1.33
8726,10,16.7,2.22
8727,10,17.8,3.67
8728,10,17.2,4.33
8729,10,17.2,5
8730,10,16.4,5
8731,10,13.3,5
8732,10,11.7,4.33
8733,10,11.7,3
8734,10,10.6,3
8735,10,10,3
8736,10,9.7,3
8737,10,10.6,3
8738,10,8.9,3
8739,10,9.4,3
8740,10,9.4,2.67
8741,10,9.4,2
8742,10,9.4,2
8743,10,7.8,2
8744,10,7.8,1.4
8745,10,8.3,2
8746,10,8.9,2
8747,10,10,2.67
8748,10,10.85,3
8749,10,12.2,3.67
8750,10,12.2,4
8751,10,12.2,4
8752,10,12.8,3.33
8753,10,11.1,2
8754,10,10.85,1.33
8755,10,8.9,1
8756,10,8.9,0.33
8757,10,8.3,0
8758,10,8.3,-0.67
8759,10,7.8,-0.67
8760,10,7.5,0