Voll,Demand_Segment,Cost_of_Computing_Demand_Curtailment_per_MW,Max_Computing_Demand_Curtailment,$/MWh,Rep_Periods,Timesteps_per_Rep_Period,Sub_Weights,Time_Index,Demand_MW_z1,Demand_MW_z2,Demand_MW_z3
50000,1,1,1,2000,1,8760,8760,1,100,100,100
,2,0.9,0.04,1800,,,,2,100,100,100
,3,0.55,0.024,1100,,,,3,100,100,100
,4,0.2,0.003,400,,,,4,100,100,100
,,,,,,,,5,100,100,100
,,,,,,,,6,100,100,100
,,,,,,,,7,100,100,100
,,,,,,,,8,100,100,100
,,,,,,,,9,100,100,100
,,,,,,,,10,100,100,100
,,,,,,,,11,100,100,100
,,,,,,,,12,100,100,100
,,,,,,,,13,100,100,100
,,,,,,,,14,100,100,100
,,,,,,,,15,100,100,100
,,,,,,,,16,100,100,100
,,,,,,,,17,100,100,100
,,,,,,,,18,100,100,100
,,,,,,,,19,100,100,100
,,,,,,,,20,100,100,100
,,,,,,,,21,100,100,100
,,,,,,,,22,100,100,100
,,,,,,,,23,100,100,100
,,,,,,,,24,100,100,100
,,,,,,,,25,100,100,100
,,,,,,,,26,100,100,100
,,,,,,,,27,100,100,100
,,,,,,,,28,100,100,100
,,,,,,,,29,100,100,100
,,,,,,,,30,100,100,100
,,,,,,,,31,100,100,100
,,,,,,,,32,100,100,100
,,,,,,,,33,100,100,100
,,,,,,,,34,100,100,100
,,,,,,,,35,100,100,100
,,,,,,,,36,100,100,100
,,,,,,,,37,100,100,100
,,,,,,,,38,100,100,100
,,,,,,,,39,100,100,100
,,,,,,,,40,100,100,100
,,,,,,,,41,100,100,100
,,,,,,,,42,100,100,100
,,,,,,,,43,100,100,100
,,,,,,,,44,100,100,100
,,,,,,,,45,100,100,100
,,,,,,,,46,100,100,100
,,,,,,,,47,100,100,100
,,,,,,,,48,100,100,100
,,,,,,,,49,100,100,100
,,,,,,,,50,100,100,100
,,,,,,,,51,100,100,100
,,,,,,,,52,100,100,100
,,,,,,,,53,100,100,100
,,,,,,,,54,100,100,100
,,,,,,,,55,100,100,100
,,,,,,,,56,100,100,100
,,,,,,,,57,100,100,100
,,,,,,,,58,100,100,100
,,,,,,,,59,100,100,100
,,,,,,,,60,100,100,100
,,,,,,,,61,100,100,100
,,,,,,,,62,100,100,100
,,,,,,,,63,100,100,100
,,,,,,,,64,100,100,100
,,,,,,,,65,100,100,100
,,,,,,,,66,100,100,100
,,,,,,,,67,100,100,100
,,,,,,,,68,100,100,100
,,,,,,,,69,100,100,100
,,,,,,,,70,100,100,100
,,,,,,,,71,100,100,100
,,,,,,,,72,100,100,100
,,,,,,,,73,100,100,100
,,,,,,,,74,100,100,100
,,,,,,,,75,100,100,100
,,,,,,,,76,100,100,100
,,,,,,,,77,100,100,100
,,,,,,,,78,100,100,100
,,,,,,,,79,100,100,100
,,,,,,,,80,100,100,100
,,,,,,,,81,100,100,100
,,,,,,,,82,100,100,100
,,,,,,,,83,100,100,100
,,,,,,,,84,100,100,100
,,,,,,,,85,100,100,100
,,,,,,,,86,100,100,100
,,,,,,,,87,100,100,100
,,,,,,,,88,100,100,100
,,,,,,,,89,100,100,100
,,,,,,,,90,100,100,100
,,,,,,,,91,100,100,100
,,,,,,,,92,100,100,100
,,,,,,,,93,100,100,100
,,,,,,,,94,100,100,100
,,,,,,,,95,100,100,100
,,,,,,,,96,100,100,100
,,,,,,,,97,100,100,100
,,,,,,,,98,100,100,100
,,,,,,,,99,100,100,100
,,,,,,,,100,100,100,100
,,,,,,,,101,100,100,100
,,,,,,,,102,100,100,100
,,,,,,,,103,100,100,100
,,,,,,,,104,100,100,100
,,,,,,,,105,100,100,100
,,,,,,,,106,100,100,100
,,,,,,,,107,100,100,100
,,,,,,,,108,100,100,100
,,,,,,,,109,100,100,100
,,,,,,,,110,100,100,100
,,,,,,,,111,100,100,100
,,,,,,,,112,100,100,100
,,,,,,,,113,100,100,100
,,,,,,,,114,100,100,100
,,,,,,,,115,100,100,100
,,,,,,,,116,100,100,100
,,,,,,,,117,100,100,100
,,,,,,,,118,100,100,100
,,,,,,,,119,100,100,100
,,,,,,,,120,100,100,100
,,,,,,,,121,100,100,100
,,,,,,,,122,100,100,100
,,,,,,,,123,100,100,100
,,,,,,,,124,100,100,100
,,,,,,,,125,100,100,100
,,,,,,,,126,100,100,100
,,,,,,,,127,100,100,100
,,,,,,,,128,100,100,100
,,,,,,,,129,100,100,100
,,,,,,,,130,100,100,100
,,,,,,,,131,100,100,100
,,,,,,,,132,100,100,100
,,,,,,,,133,100,100,100
,,,,,,,,134,100,100,100
,,,,,,,,135,100,100,100
,,,,,,,,136,100,100,100
,,,,,,,,137,100,100,100
,,,,,,,,138,100,100,100
,,,,,,,,139,100,100,100
,,,,,,,,140,100,100,100
,,,,,,,,141,100,100,100
,,,,,,,,142,100,100,100
,,,,,,,,143,100,100,100
,,,,,,,,144,100,100,100
,,,,,,,,145,100,100,100
,,,,,,,,146,100,100,100
,,,,,,,,147,100,100,100
,,,,,,,,148,100,100,100
,,,,,,,,149,100,100,100
,,,,,,,,150,100,100,100
,,,,,,,,151,100,100,100
,,,,,,,,152,100,100,100
,,,,,,,,153,100,100,100
,,,,,,,,154,100,100,100
,,,,,,,,155,100,100,100
,,,,,,,,156,100,100,100
,,,,,,,,157,100,100,100
,,,,,,,,158,100,100,100
,,,,,,,,159,100,100,100
,,,,,,,,160,100,100,100
,,,,,,,,161,100,100,100
,,,,,,,,162,100,100,100
,,,,,,,,163,100,100,100
,,,,,,,,164,100,100,100
,,,,,,,,165,100,100,100
,,,,,,,,166,100,100,100
,,,,,,,,167,100,100,100
,,,,,,,,168,100,100,100
,,,,,,,,169,100,100,100
,,,,,,,,170,100,100,100
,,,,,,,,171,100,100,100
,,,,,,,,172,100,100,100
,,,,,,,,173,100,100,100
,,,,,,,,174,100,100,100
,,,,,,,,175,100,100,100
,,,,,,,,176,100,100,100
,,,,,,,,177,100,100,100
,,,,,,,,178,100,100,100
,,,,,,,,179,100,100,100
,,,,,,,,180,100,100,100
,,,,,,,,181,100,100,100
,,,,,,,,182,100,100,100
,,,,,,,,183,100,100,100
,,,,,,,,184,100,100,100
,,,,,,,,185,100,100,100
,,,,,,,,186,100,100,100
,,,,,,,,187,100,100,100
,,,,,,,,188,100,100,100
,,,,,,,,189,100,100,100
,,,,,,,,190,100,100,100
,,,,,,,,191,100,100,100
,,,,,,,,192,100,100,100
,,,,,,,,193,100,100,100
,,,,,,,,194,100,100,100
,,,,,,,,195,100,100,100
,,,,,,,,196,100,100,100
,,,,,,,,197,100,100,100
,,,,,,,,198,100,100,100
,,,,,,,,199,100,100,100
,,,,,,,,200,100,100,100
,,,,,,,,201,100,100,100
,,,,,,,,202,100,100,100
,,,,,,,,203,100,100,100
,,,,,,,,204,100,100,100
,,,,,,,,205,100,100,100
,,,,,,,,206,100,100,100
,,,,,,,,207,100,100,100
,,,,,,,,208,100,100,100
,,,,,,,,209,100,100,100
,,,,,,,,210,100,100,100
,,,,,,,,211,100,100,100
,,,,,,,,212,100,100,100
,,,,,,,,213,100,100,100
,,,,,,,,214,100,100,100
,,,,,,,,215,100,100,100
,,,,,,,,216,100,100,100
,,,,,,,,217,100,100,100
,,,,,,,,218,100,100,100
,,,,,,,,219,100,100,100
,,,,,,,,220,100,100,100
,,,,,,,,221,100,100,100
,,,,,,,,222,100,100,100
,,,,,,,,223,100,100,100
,,,,,,,,224,100,100,100
,,,,,,,,225,100,100,100
,,,,,,,,226,100,100,100
,,,,,,,,227,100,100,100
,,,,,,,,228,100,100,100
,,,,,,,,229,100,100,100
,,,,,,,,230,100,100,100
,,,,,,,,231,100,100,100
,,,,,,,,232,100,100,100
,,,,,,,,233,100,100,100
,,,,,,,,234,100,100,100
,,,,,,,,235,100,100,100
,,,,,,,,236,100,100,100
,,,,,,,,237,100,100,100
,,,,,,,,238,100,100,100
,,,,,,,,239,100,100,100
,,,,,,,,240,100,100,100
,,,,,,,,241,100,100,100
,,,,,,,,242,100,100,100
,,,,,,,,243,100,100,100
,,,,,,,,244,100,100,100
,,,,,,,,245,100,100,100
,,,,,,,,246,100,100,100
,,,,,,,,247,100,100,100
,,,,,,,,248,100,100,100
,,,,,,,,249,100,100,100
,,,,,,,,250,100,100,100
,,,,,,,,251,100,100,100
,,,,,,,,252,100,100,100
,,,,,,,,253,100,100,100
,,,,,,,,254,100,100,100
,,,,,,,,255,100,100,100
,,,,,,,,256,100,100,100
,,,,,,,,257,100,100,100
,,,,,,,,258,100,100,100
,,,,,,,,259,100,100,100
,,,,,,,,260,100,100,100
,,,,,,,,261,100,100,100
,,,,,,,,262,100,100,100
,,,,,,,,263,100,100,100
,,,,,,,,264,100,100,100
,,,,,,,,265,100,100,100
,,,,,,,,266,100,100,100
,,,,,,,,267,100,100,100
,,,,,,,,268,100,100,100
,,,,,,,,269,100,100,100
,,,,,,,,270,100,100,100
,,,,,,,,271,100,100,100
,,,,,,,,272,100,100,100
,,,,,,,,273,100,100,100
,,,,,,,,274,100,100,100
,,,,,,,,275,100,100,100
,,,,,,,,276,100,100,100
,,,,,,,,277,100,100,100
,,,,,,,,278,100,100,100
,,,,,,,,279,100,100,100
,,,,,,,,280,100,100,100
,,,,,,,,281,100,100,100
,,,,,,,,282,100,100,100
,,,,,,,,283,100,100,100
,,,,,,,,284,100,100,100
,,,,,,,,285,100,100,100
,,,,,,,,286,100,100,100
,,,,,,,,287,100,100,100
,,,,,,,,288,100,100,100
,,,,,,,,289,100,100,100
,,,,,,,,290,100,100,100
,,,,,,,,291,100,100,100
,,,,,,,,292,100,100,100
,,,,,,,,293,100,100,100
,,,,,,,,294,100,100,100
,,,,,,,,295,100,100,100
,,,,,,,,296,100,100,100
,,,,,,,,297,100,100,100
,,,,,,,,298,100,100,100
,,,,,,,,299,100,100,100
,,,,,,,,300,100,100,100
,,,,,,,,301,100,100,100
,,,,,,,,302,100,100,100
,,,,,,,,303,100,100,100
,,,,,,,,304,100,100,100
,,,,,,,,305,100,100,100
,,,,,,,,306,100,100,100
,,,,,,,,307,100,100,100
,,,,,,,,308,100,100,100
,,,,,,,,309,100,100,100
,,,,,,,,310,100,100,100
,,,,,,,,311,100,100,100
,,,,,,,,312,100,100,100
,,,,,,,,313,100,100,100
,,,,,,,,314,100,100,100
,,,,,,,,315,100,100,100
,,,,,,,,316,100,100,100
,,,,,,,,317,100,100,100
,,,,,,,,318,100,100,100
,,,,,,,,319,100,100,100
,,,,,,,,320,100,100,100
,,,,,,,,321,100,100,100
,,,,,,,,322,100,100,100
,,,,,,,,323,100,100,100
,,,,,,,,324,100,100,100
,,,,,,,,325,100,100,100
,,,,,,,,326,100,100,100
,,,,,,,,327,100,100,100
,,,,,,,,328,100,100,100
,,,,,,,,329,100,100,100
,,,,,,,,330,100,100,100
,,,,,,,,331,100,100,100
,,,,,,,,332,100,100,100
,,,,,,,,333,100,100,100
,,,,,,,,334,100,100,100
,,,,,,,,335,100,100,100
,,,,,,,,336,100,100,100
,,,,,,,,337,100,100,100
,,,,,,,,338,100,100,100
,,,,,,,,339,100,100,100
,,,,,,,,340,100,100,100
,,,,,,,,341,100,100,100
,,,,,,,,342,100,100,100
,,,,,,,,343,100,100,100
,,,,,,,,344,100,100,100
,,,,,,,,345,100,100,100
,,,,,,,,346,100,100,100
,,,,,,,,347,100,100,100
,,,,,,,,348,100,100,100
,,,,,,,,349,100,100,100
,,,,,,,,350,100,100,100
,,,,,,,,351,100,100,100
,,,,,,,,352,100,100,100
,,,,,,,,353,100,100,100
,,,,,,,,354,100,100,100
,,,,,,,,355,100,100,100
,,,,,,,,356,100,100,100
,,,,,,,,357,100,100,100
,,,,,,,,358,100,100,100
,,,,,,,,359,100,100,100
,,,,,,,,360,100,100,100
,,,,,,,,361,100,100,100
,,,,,,,,362,100,100,100
,,,,,,,,363,100,100,100
,,,,,,,,364,100,100,100
,,,,,,,,365,100,100,100
,,,,,,,,366,100,100,100
,,,,,,,,367,100,100,100
,,,,,,,,368,100,100,100
,,,,,,,,369,100,100,100
,,,,,,,,370,100,100,100
,,,,,,,,371,100,100,100
,,,,,,,,372,100,100,100
,,,,,,,,373,100,100,100
,,,,,,,,374,100,100,100
,,,,,,,,375,100,100,100
,,,,,,,,376,100,100,100
,,,,,,,,377,100,100,100
,,,,,,,,378,100,100,100
,,,,,,,,379,100,100,100
,,,,,,,,380,100,100,100
,,,,,,,,381,100,100,100
,,,,,,,,382,100,100,100
,,,,,,,,383,100,100,100
,,,,,,,,384,100,100,100
,,,,,,,,385,100,100,100
,,,,,,,,386,100,100,100
,,,,,,,,387,100,100,100
,,,,,,,,388,100,100,100
,,,,,,,,389,100,100,100
,,,,,,,,390,100,100,100
,,,,,,,,391,100,100,100
,,,,,,,,392,100,100,100
,,,,,,,,393,100,100,100
,,,,,,,,394,100,100,100
,,,,,,,,395,100,100,100
,,,,,,,,396,100,100,100
,,,,,,,,397,100,100,100
,,,,,,,,398,100,100,100
,,,,,,,,399,100,100,100
,,,,,,,,400,100,100,100
,,,,,,,,401,100,100,100
,,,,,,,,402,100,100,100
,,,,,,,,403,100,100,100
,,,,,,,,404,100,100,100
,,,,,,,,405,100,100,100
,,,,,,,,406,100,100,100
,,,,,,,,407,100,100,100
,,,,,,,,408,100,100,100
,,,,,,,,409,100,100,100
,,,,,,,,410,100,100,100
,,,,,,,,411,100,100,100
,,,,,,,,412,100,100,100
,,,,,,,,413,100,100,100
,,,,,,,,414,100,100,100
,,,,,,,,415,100,100,100
,,,,,,,,416,100,100,100
,,,,,,,,417,100,100,100
,,,,,,,,418,100,100,100
,,,,,,,,419,100,100,100
,,,,,,,,420,100,100,100
,,,,,,,,421,100,100,100
,,,,,,,,422,100,100,100
,,,,,,,,423,100,100,100
,,,,,,,,424,100,100,100
,,,,,,,,425,100,100,100
,,,,,,,,426,100,100,100
,,,,,,,,427,100,100,100
,,,,,,,,428,100,100,100
,,,,,,,,429,100,100,100
,,,,,,,,430,100,100,100
,,,,,,,,431,100,100,100
,,,,,,,,432,100,100,100
,,,,,,,,433,100,100,100
,,,,,,,,434,100,100,100
,,,,,,,,435,100,100,100
,,,,,,,,436,100,100,100
,,,,,,,,437,100,100,100
,,,,,,,,438,100,100,100
,,,,,,,,439,100,100,100
,,,,,,,,440,100,100,100
,,,,,,,,441,100,100,100
,,,,,,,,442,100,100,100
,,,,,,,,443,100,100,100
,,,,,,,,444,100,100,100
,,,,,,,,445,100,100,100
,,,,,,,,446,100,100,100
,,,,,,,,447,100,100,100
,,,,,,,,448,100,100,100
,,,,,,,,449,100,100,100
,,,,,,,,450,100,100,100
,,,,,,,,451,100,100,100
,,,,,,,,452,100,100,100
,,,,,,,,453,100,100,100
,,,,,,,,454,100,100,100
,,,,,,,,455,100,100,100
,,,,,,,,456,100,100,100
,,,,,,,,457,100,100,100
,,,,,,,,458,100,100,100
,,,,,,,,459,100,100,100
,,,,,,,,460,100,100,100
,,,,,,,,461,100,100,100
,,,,,,,,462,100,100,100
,,,,,,,,463,100,100,100
,,,,,,,,464,100,100,100
,,,,,,,,465,100,100,100
,,,,,,,,466,100,100,100
,,,,,,,,467,100,100,100
,,,,,,,,468,100,100,100
,,,,,,,,469,100,100,100
,,,,,,,,470,100,100,100
,,,,,,,,471,100,100,100
,,,,,,,,472,100,100,100
,,,,,,,,473,100,100,100
,,,,,,,,474,100,100,100
,,,,,,,,475,100,100,100
,,,,,,,,476,100,100,100
,,,,,,,,477,100,100,100
,,,,,,,,478,100,100,100
,,,,,,,,479,100,100,100
,,,,,,,,480,100,100,100
,,,,,,,,481,100,100,100
,,,,,,,,482,100,100,100
,,,,,,,,483,100,100,100
,,,,,,,,484,100,100,100
,,,,,,,,485,100,100,100
,,,,,,,,486,100,100,100
,,,,,,,,487,100,100,100
,,,,,,,,488,100,100,100
,,,,,,,,489,100,100,100
,,,,,,,,490,100,100,100
,,,,,,,,491,100,100,100
,,,,,,,,492,100,100,100
,,,,,,,,493,100,100,100
,,,,,,,,494,100,100,100
,,,,,,,,495,100,100,100
,,,,,,,,496,100,100,100
,,,,,,,,497,100,100,100
,,,,,,,,498,100,100,100
,,,,,,,,499,100,100,100
,,,,,,,,500,100,100,100
,,,,,,,,501,100,100,100
,,,,,,,,502,100,100,100
,,,,,,,,503,100,100,100
,,,,,,,,504,100,100,100
,,,,,,,,505,100,100,100
,,,,,,,,506,100,100,100
,,,,,,,,507,100,100,100
,,,,,,,,508,100,100,100
,,,,,,,,509,100,100,100
,,,,,,,,510,100,100,100
,,,,,,,,511,100,100,100
,,,,,,,,512,100,100,100
,,,,,,,,513,100,100,100
,,,,,,,,514,100,100,100
,,,,,,,,515,100,100,100
,,,,,,,,516,100,100,100
,,,,,,,,517,100,100,100
,,,,,,,,518,100,100,100
,,,,,,,,519,100,100,100
,,,,,,,,520,100,100,100
,,,,,,,,521,100,100,100
,,,,,,,,522,100,100,100
,,,,,,,,523,100,100,100
,,,,,,,,524,100,100,100
,,,,,,,,525,100,100,100
,,,,,,,,526,100,100,100
,,,,,,,,527,100,100,100
,,,,,,,,528,100,100,100
,,,,,,,,529,100,100,100
,,,,,,,,530,100,100,100
,,,,,,,,531,100,100,100
,,,,,,,,532,100,100,100
,,,,,,,,533,100,100,100
,,,,,,,,534,100,100,100
,,,,,,,,535,100,100,100
,,,,,,,,536,100,100,100
,,,,,,,,537,100,100,100
,,,,,,,,538,100,100,100
,,,,,,,,539,100,100,100
,,,,,,,,540,100,100,100
,,,,,,,,541,100,100,100
,,,,,,,,542,100,100,100
,,,,,,,,543,100,100,100
,,,,,,,,544,100,100,100
,,,,,,,,545,100,100,100
,,,,,,,,546,100,100,100
,,,,,,,,547,100,100,100
,,,,,,,,548,100,100,100
,,,,,,,,549,100,100,100
,,,,,,,,550,100,100,100
,,,,,,,,551,100,100,100
,,,,,,,,552,100,100,100
,,,,,,,,553,100,100,100
,,,,,,,,554,100,100,100
,,,,,,,,555,100,100,100
,,,,,,,,556,100,100,100
,,,,,,,,557,100,100,100
,,,,,,,,558,100,100,100
,,,,,,,,559,100,100,100
,,,,,,,,560,100,100,100
,,,,,,,,561,100,100,100
,,,,,,,,562,100,100,100
,,,,,,,,563,100,100,100
,,,,,,,,564,100,100,100
,,,,,,,,565,100,100,100
,,,,,,,,566,100,100,100
,,,,,,,,567,100,100,100
,,,,,,,,568,100,100,100
,,,,,,,,569,100,100,100
,,,,,,,,570,100,100,100
,,,,,,,,571,100,100,100
,,,,,,,,572,100,100,100
,,,,,,,,573,100,100,100
,,,,,,,,574,100,100,100
,,,,,,,,575,100,100,100
,,,,,,,,576,100,100,100
,,,,,,,,577,100,100,100
,,,,,,,,578,100,100,100
,,,,,,,,579,100,100,100
,,,,,,,,580,100,100,100
,,,,,,,,581,100,100,100
,,,,,,,,582,100,100,100
,,,,,,,,583,100,100,100
,,,,,,,,584,100,100,100
,,,,,,,,585,100,100,100
,,,,,,,,586,100,100,100
,,,,,,,,587,100,100,100
,,,,,,,,588,100,100,100
,,,,,,,,589,100,100,100
,,,,,,,,590,100,100,100
,,,,,,,,591,100,100,100
,,,,,,,,592,100,100,100
,,,,,,,,593,100,100,100
,,,,,,,,594,100,100,100
,,,,,,,,595,100,100,100
,,,,,,,,596,100,100,100
,,,,,,,,597,100,100,100
,,,,,,,,598,100,100,100
,,,,,,,,599,100,100,100
,,,,,,,,600,100,100,100
,,,,,,,,601,100,100,100
,,,,,,,,602,100,100,100
,,,,,,,,603,100,100,100
,,,,,,,,604,100,100,100
,,,,,,,,605,100,100,100
,,,,,,,,606,100,100,100
,,,,,,,,607,100,100,100
,,,,,,,,608,100,100,100
,,,,,,,,609,100,100,100
,,,,,,,,610,100,100,100
,,,,,,,,611,100,100,100
,,,,,,,,612,100,100,100
,,,,,,,,613,100,100,100
,,,,,,,,614,100,100,100
,,,,,,,,615,100,100,100
,,,,,,,,616,100,100,100
,,,,,,,,617,100,100,100
,,,,,,,,618,100,100,100
,,,,,,,,619,100,100,100
,,,,,,,,620,100,100,100
,,,,,,,,621,100,100,100
,,,,,,,,622,100,100,100
,,,,,,,,623,100,100,100
,,,,,,,,624,100,100,100
,,,,,,,,625,100,100,100
,,,,,,,,626,100,100,100
,,,,,,,,627,100,100,100
,,,,,,,,628,100,100,100
,,,,,,,,629,100,100,100
,,,,,,,,630,100,100,100
,,,,,,,,631,100,100,100
,,,,,,,,632,100,100,100
,,,,,,,,633,100,100,100
,,,,,,,,634,100,100,100
,,,,,,,,635,100,100,100
,,,,,,,,636,100,100,100
,,,,,,,,637,100,100,100
,,,,,,,,638,100,100,100
,,,,,,,,639,100,100,100
,,,,,,,,640,100,100,100
,,,,,,,,641,100,100,100
,,,,,,,,642,100,100,100
,,,,,,,,643,100,100,100
,,,,,,,,644,100,100,100
,,,,,,,,645,100,100,100
,,,,,,,,646,100,100,100
,,,,,,,,647,100,100,100
,,,,,,,,648,100,100,100
,,,,,,,,649,100,100,100
,,,,,,,,650,100,100,100
,,,,,,,,651,100,100,100
,,,,,,,,652,100,100,100
,,,,,,,,653,100,100,100
,,,,,,,,654,100,100,100
,,,,,,,,655,100,100,100
,,,,,,,,656,100,100,100
,,,,,,,,657,100,100,100
,,,,,,,,658,100,100,100
,,,,,,,,659,100,100,100
,,,,,,,,660,100,100,100
,,,,,,,,661,100,100,100
,,,,,,,,662,100,100,100
,,,,,,,,663,100,100,100
,,,,,,,,664,100,100,100
,,,,,,,,665,100,100,100
,,,,,,,,666,100,100,100
,,,,,,,,667,100,100,100
,,,,,,,,668,100,100,100
,,,,,,,,669,100,100,100
,,,,,,,,670,100,100,100
,,,,,,,,671,100,100,100
,,,,,,,,672,100,100,100
,,,,,,,,673,100,100,100
,,,,,,,,674,100,100,100
,,,,,,,,675,100,100,100
,,,,,,,,676,100,100,100
,,,,,,,,677,100,100,100
,,,,,,,,678,100,100,100
,,,,,,,,679,100,100,100
,,,,,,,,680,100,100,100
,,,,,,,,681,100,100,100
,,,,,,,,682,100,100,100
,,,,,,,,683,100,100,100
,,,,,,,,684,100,100,100
,,,,,,,,685,100,100,100
,,,,,,,,686,100,100,100
,,,,,,,,687,100,100,100
,,,,,,,,688,100,100,100
,,,,,,,,689,100,100,100
,,,,,,,,690,100,100,100
,,,,,,,,691,100,100,100
,,,,,,,,692,100,100,100
,,,,,,,,693,100,100,100
,,,,,,,,694,100,100,100
,,,,,,,,695,100,100,100
,,,,,,,,696,100,100,100
,,,,,,,,697,100,100,100
,,,,,,,,698,100,100,100
,,,,,,,,699,100,100,100
,,,,,,,,700,100,100,100
,,,,,,,,701,100,100,100
,,,,,,,,702,100,100,100
,,,,,,,,703,100,100,100
,,,,,,,,704,100,100,100
,,,,,,,,705,100,100,100
,,,,,,,,706,100,100,100
,,,,,,,,707,100,100,100
,,,,,,,,708,100,100,100
,,,,,,,,709,100,100,100
,,,,,,,,710,100,100,100
,,,,,,,,711,100,100,100
,,,,,,,,712,100,100,100
,,,,,,,,713,100,100,100
,,,,,,,,714,100,100,100
,,,,,,,,715,100,100,100
,,,,,,,,716,100,100,100
,,,,,,,,717,100,100,100
,,,,,,,,718,100,100,100
,,,,,,,,719,100,100,100
,,,,,,,,720,100,100,100
,,,,,,,,721,100,100,100
,,,,,,,,722,100,100,100
,,,,,,,,723,100,100,100
,,,,,,,,724,100,100,100
,,,,,,,,725,100,100,100
,,,,,,,,726,100,100,100
,,,,,,,,727,100,100,100
,,,,,,,,728,100,100,100
,,,,,,,,729,100,100,100
,,,,,,,,730,100,100,100
,,,,,,,,731,100,100,100
,,,,,,,,732,100,100,100
,,,,,,,,733,100,100,100
,,,,,,,,734,100,100,100
,,,,,,,,735,100,100,100
,,,,,,,,736,100,100,100
,,,,,,,,737,100,100,100
,,,,,,,,738,100,100,100
,,,,,,,,739,100,100,100
,,,,,,,,740,100,100,100
,,,,,,,,741,100,100,100
,,,,,,,,742,100,100,100
,,,,,,,,743,100,100,100
,,,,,,,,744,100,100,100
,,,,,,,,745,100,100,100
,,,,,,,,746,100,100,100
,,,,,,,,747,100,100,100
,,,,,,,,748,100,100,100
,,,,,,,,749,100,100,100
,,,,,,,,750,100,100,100
,,,,,,,,751,100,100,100
,,,,,,,,752,100,100,100
,,,,,,,,753,100,100,100
,,,,,,,,754,100,100,100
,,,,,,,,755,100,100,100
,,,,,,,,756,100,100,100
,,,,,,,,757,100,100,100
,,,,,,,,758,100,100,100
,,,,,,,,759,100,100,100
,,,,,,,,760,100,100,100
,,,,,,,,761,100,100,100
,,,,,,,,762,100,100,100
,,,,,,,,763,100,100,100
,,,,,,,,764,100,100,100
,,,,,,,,765,100,100,100
,,,,,,,,766,100,100,100
,,,,,,,,767,100,100,100
,,,,,,,,768,100,100,100
,,,,,,,,769,100,100,100
,,,,,,,,770,100,100,100
,,,,,,,,771,100,100,100
,,,,,,,,772,100,100,100
,,,,,,,,773,100,100,100
,,,,,,,,774,100,100,100
,,,,,,,,775,100,100,100
,,,,,,,,776,100,100,100
,,,,,,,,777,100,100,100
,,,,,,,,778,100,100,100
,,,,,,,,779,100,100,100
,,,,,,,,780,100,100,100
,,,,,,,,781,100,100,100
,,,,,,,,782,100,100,100
,,,,,,,,783,100,100,100
,,,,,,,,784,100,100,100
,,,,,,,,785,100,100,100
,,,,,,,,786,100,100,100
,,,,,,,,787,100,100,100
,,,,,,,,788,100,100,100
,,,,,,,,789,100,100,100
,,,,,,,,790,100,100,100
,,,,,,,,791,100,100,100
,,,,,,,,792,100,100,100
,,,,,,,,793,100,100,100
,,,,,,,,794,100,100,100
,,,,,,,,795,100,100,100
,,,,,,,,796,100,100,100
,,,,,,,,797,100,100,100
,,,,,,,,798,100,100,100
,,,,,,,,799,100,100,100
,,,,,,,,800,100,100,100
,,,,,,,,801,100,100,100
,,,,,,,,802,100,100,100
,,,,,,,,803,100,100,100
,,,,,,,,804,100,100,100
,,,,,,,,805,100,100,100
,,,,,,,,806,100,100,100
,,,,,,,,807,100,100,100
,,,,,,,,808,100,100,100
,,,,,,,,809,100,100,100
,,,,,,,,810,100,100,100
,,,,,,,,811,100,100,100
,,,,,,,,812,100,100,100
,,,,,,,,813,100,100,100
,,,,,,,,814,100,100,100
,,,,,,,,815,100,100,100
,,,,,,,,816,100,100,100
,,,,,,,,817,100,100,100
,,,,,,,,818,100,100,100
,,,,,,,,819,100,100,100
,,,,,,,,820,100,100,100
,,,,,,,,821,100,100,100
,,,,,,,,822,100,100,100
,,,,,,,,823,100,100,100
,,,,,,,,824,100,100,100
,,,,,,,,825,100,100,100
,,,,,,,,826,100,100,100
,,,,,,,,827,100,100,100
,,,,,,,,828,100,100,100
,,,,,,,,829,100,100,100
,,,,,,,,830,100,100,100
,,,,,,,,831,100,100,100
,,,,,,,,832,100,100,100
,,,,,,,,833,100,100,100
,,,,,,,,834,100,100,100
,,,,,,,,835,100,100,100
,,,,,,,,836,100,100,100
,,,,,,,,837,100,100,100
,,,,,,,,838,100,100,100
,,,,,,,,839,100,100,100
,,,,,,,,840,100,100,100
,,,,,,,,841,100,100,100
,,,,,,,,842,100,100,100
,,,,,,,,843,100,100,100
,,,,,,,,844,100,100,100
,,,,,,,,845,100,100,100
,,,,,,,,846,100,100,100
,,,,,,,,847,100,100,100
,,,,,,,,848,100,100,100
,,,,,,,,849,100,100,100
,,,,,,,,850,100,100,100
,,,,,,,,851,100,100,100
,,,,,,,,852,100,100,100
,,,,,,,,853,100,100,100
,,,,,,,,854,100,100,100
,,,,,,,,855,100,100,100
,,,,,,,,856,100,100,100
,,,,,,,,857,100,100,100
,,,,,,,,858,100,100,100
,,,,,,,,859,100,100,100
,,,,,,,,860,100,100,100
,,,,,,,,861,100,100,100
,,,,,,,,862,100,100,100
,,,,,,,,863,100,100,100
,,,,,,,,864,100,100,100
,,,,,,,,865,100,100,100
,,,,,,,,866,100,100,100
,,,,,,,,867,100,100,100
,,,,,,,,868,100,100,100
,,,,,,,,869,100,100,100
,,,,,,,,870,100,100,100
,,,,,,,,871,100,100,100
,,,,,,,,872,100,100,100
,,,,,,,,873,100,100,100
,,,,,,,,874,100,100,100
,,,,,,,,875,100,100,100
,,,,,,,,876,100,100,100
,,,,,,,,877,100,100,100
,,,,,,,,878,100,100,100
,,,,,,,,879,100,100,100
,,,,,,,,880,100,100,100
,,,,,,,,881,100,100,100
,,,,,,,,882,100,100,100
,,,,,,,,883,100,100,100
,,,,,,,,884,100,100,100
,,,,,,,,885,100,100,100
,,,,,,,,886,100,100,100
,,,,,,,,887,100,100,100
,,,,,,,,888,100,100,100
,,,,,,,,889,100,100,100
,,,,,,,,890,100,100,100
,,,,,,,,891,100,100,100
,,,,,,,,892,100,100,100
,,,,,,,,893,100,100,100
,,,,,,,,894,100,100,100
,,,,,,,,895,100,100,100
,,,,,,,,896,100,100,100
,,,,,,,,897,100,100,100
,,,,,,,,898,100,100,100
,,,,,,,,899,100,100,100
,,,,,,,,900,100,100,100
,,,,,,,,901,100,100,100
,,,,,,,,902,100,100,100
,,,,,,,,903,100,100,100
,,,,,,,,904,100,100,100
,,,,,,,,905,100,100,100
,,,,,,,,906,100,100,100
,,,,,,,,907,100,100,100
,,,,,,,,908,100,100,100
,,,,,,,,909,100,100,100
,,,,,,,,910,100,100,100
,,,,,,,,911,100,100,100
,,,,,,,,912,100,100,100
,,,,,,,,913,100,100,100
,,,,,,,,914,100,100,100
,,,,,,,,915,100,100,100
,,,,,,,,916,100,100,100
,,,,,,,,917,100,100,100
,,,,,,,,918,100,100,100
,,,,,,,,919,100,100,100
,,,,,,,,920,100,100,100
,,,,,,,,921,100,100,100
,,,,,,,,922,100,100,100
,,,,,,,,923,100,100,100
,,,,,,,,924,100,100,100
,,,,,,,,925,100,100,100
,,,,,,,,926,100,100,100
,,,,,,,,927,100,100,100
,,,,,,,,928,100,100,100
,,,,,,,,929,100,100,100
,,,,,,,,930,100,100,100
,,,,,,,,931,100,100,100
,,,,,,,,932,100,100,100
,,,,,,,,933,100,100,100
,,,,,,,,934,100,100,100
,,,,,,,,935,100,100,100
,,,,,,,,936,100,100,100
,,,,,,,,937,100,100,100
,,,,,,,,938,100,100,100
,,,,,,,,939,100,100,100
,,,,,,,,940,100,100,100
,,,,,,,,941,100,100,100
,,,,,,,,942,100,100,100
,,,,,,,,943,100,100,100
,,,,,,,,944,100,100,100
,,,,,,,,945,100,100,100
,,,,,,,,946,100,100,100
,,,,,,,,947,100,100,100
,,,,,,,,948,100,100,100
,,,,,,,,949,100,100,100
,,,,,,,,950,100,100,100
,,,,,,,,951,100,100,100
,,,,,,,,952,100,100,100
,,,,,,,,953,100,100,100
,,,,,,,,954,100,100,100
,,,,,,,,955,100,100,100
,,,,,,,,956,100,100,100
,,,,,,,,957,100,100,100
,,,,,,,,958,100,100,100
,,,,,,,,959,100,100,100
,,,,,,,,960,100,100,100
,,,,,,,,961,100,100,100
,,,,,,,,962,100,100,100
,,,,,,,,963,100,100,100
,,,,,,,,964,100,100,100
,,,,,,,,965,100,100,100
,,,,,,,,966,100,100,100
,,,,,,,,967,100,100,100
,,,,,,,,968,100,100,100
,,,,,,,,969,100,100,100
,,,,,,,,970,100,100,100
,,,,,,,,971,100,100,100
,,,,,,,,972,100,100,100
,,,,,,,,973,100,100,100
,,,,,,,,974,100,100,100
,,,,,,,,975,100,100,100
,,,,,,,,976,100,100,100
,,,,,,,,977,100,100,100
,,,,,,,,978,100,100,100
,,,,,,,,979,100,100,100
,,,,,,,,980,100,100,100
,,,,,,,,981,100,100,100
,,,,,,,,982,100,100,100
,,,,,,,,983,100,100,100
,,,,,,,,984,100,100,100
,,,,,,,,985,100,100,100
,,,,,,,,986,100,100,100
,,,,,,,,987,100,100,100
,,,,,,,,988,100,100,100
,,,,,,,,989,100,100,100
,,,,,,,,990,100,100,100
,,,,,,,,991,100,100,100
,,,,,,,,992,100,100,100
,,,,,,,,993,100,100,100
,,,,,,,,994,100,100,100
,,,,,,,,995,100,100,100
,,,,,,,,996,100,100,100
,,,,,,,,997,100,100,100
,,,,,,,,998,100,100,100
,,,,,,,,999,100,100,100
,,,,,,,,1000,100,100,100
,,,,,,,,1001,100,100,100
,,,,,,,,1002,100,100,100
,,,,,,,,1003,100,100,100
,,,,,,,,1004,100,100,100
,,,,,,,,1005,100,100,100
,,,,,,,,1006,100,100,100
,,,,,,,,1007,100,100,100
,,,,,,,,1008,100,100,100
,,,,,,,,1009,100,100,100
,,,,,,,,1010,100,100,100
,,,,,,,,1011,100,100,100
,,,,,,,,1012,100,100,100
,,,,,,,,1013,100,100,100
,,,,,,,,1014,100,100,100
,,,,,,,,1015,100,100,100
,,,,,,,,1016,100,100,100
,,,,,,,,1017,100,100,100
,,,,,,,,1018,100,100,100
,,,,,,,,1019,100,100,100
,,,,,,,,1020,100,100,100
,,,,,,,,1021,100,100,100
,,,,,,,,1022,100,100,100
,,,,,,,,1023,100,100,100
,,,,,,,,1024,100,100,100
,,,,,,,,1025,100,100,100
,,,,,,,,1026,100,100,100
,,,,,,,,1027,100,100,100
,,,,,,,,1028,100,100,100
,,,,,,,,1029,100,100,100
,,,,,,,,1030,100,100,100
,,,,,,,,1031,100,100,100
,,,,,,,,1032,100,100,100
,,,,,,,,1033,100,100,100
,,,,,,,,1034,100,100,100
,,,,,,,,1035,100,100,100
,,,,,,,,1036,100,100,100
,,,,,,,,1037,100,100,100
,,,,,,,,1038,100,100,100
,,,,,,,,1039,100,100,100
,,,,,,,,1040,100,100,100
,,,,,,,,1041,100,100,100
,,,,,,,,1042,100,100,100
,,,,,,,,1043,100,100,100
,,,,,,,,1044,100,100,100
,,,,,,,,1045,100,100,100
,,,,,,,,1046,100,100,100
,,,,,,,,1047,100,100,100
,,,,,,,,1048,100,100,100
,,,,,,,,1049,100,100,100
,,,,,,,,1050,100,100,100
,,,,,,,,1051,100,100,100
,,,,,,,,1052,100,100,100
,,,,,,,,1053,100,100,100
,,,,,,,,1054,100,100,100
,,,,,,,,1055,100,100,100
,,,,,,,,1056,100,100,100
,,,,,,,,1057,100,100,100
,,,,,,,,1058,100,100,100
,,,,,,,,1059,100,100,100
,,,,,,,,1060,100,100,100
,,,,,,,,1061,100,100,100
,,,,,,,,1062,100,100,100
,,,,,,,,1063,100,100,100
,,,,,,,,1064,100,100,100
,,,,,,,,1065,100,100,100
,,,,,,,,1066,100,100,100
,,,,,,,,1067,100,100,100
,,,,,,,,1068,100,100,100
,,,,,,,,1069,100,100,100
,,,,,,,,1070,100,100,100
,,,,,,,,1071,100,100,100
,,,,,,,,1072,100,100,100
,,,,,,,,1073,100,100,100
,,,,,,,,1074,100,100,100
,,,,,,,,1075,100,100,100
,,,,,,,,1076,100,100,100
,,,,,,,,1077,100,100,100
,,,,,,,,1078,100,100,100
,,,,,,,,1079,100,100,100
,,,,,,,,1080,100,100,100
,,,,,,,,1081,100,100,100
,,,,,,,,1082,100,100,100
,,,,,,,,1083,100,100,100
,,,,,,,,1084,100,100,100
,,,,,,,,1085,100,100,100
,,,,,,,,1086,100,100,100
,,,,,,,,1087,100,100,100
,,,,,,,,1088,100,100,100
,,,,,,,,1089,100,100,100
,,,,,,,,1090,100,100,100
,,,,,,,,1091,100,100,100
,,,,,,,,1092,100,100,100
,,,,,,,,1093,100,100,100
,,,,,,,,1094,100,100,100
,,,,,,,,1095,100,100,100
,,,,,,,,1096,100,100,100
,,,,,,,,1097,100,100,100
,,,,,,,,1098,100,100,100
,,,,,,,,1099,100,100,100
,,,,,,,,1100,100,100,100
,,,,,,,,1101,100,100,100
,,,,,,,,1102,100,100,100
,,,,,,,,1103,100,100,100
,,,,,,,,1104,100,100,100
,,,,,,,,1105,100,100,100
,,,,,,,,1106,100,100,100
,,,,,,,,1107,100,100,100
,,,,,,,,1108,100,100,100
,,,,,,,,1109,100,100,100
,,,,,,,,1110,100,100,100
,,,,,,,,1111,100,100,100
,,,,,,,,1112,100,100,100
,,,,,,,,1113,100,100,100
,,,,,,,,1114,100,100,100
,,,,,,,,1115,100,100,100
,,,,,,,,1116,100,100,100
,,,,,,,,1117,100,100,100
,,,,,,,,1118,100,100,100
,,,,,,,,1119,100,100,100
,,,,,,,,1120,100,100,100
,,,,,,,,1121,100,100,100
,,,,,,,,1122,100,100,100
,,,,,,,,1123,100,100,100
,,,,,,,,1124,100,100,100
,,,,,,,,1125,100,100,100
,,,,,,,,1126,100,100,100
,,,,,,,,1127,100,100,100
,,,,,,,,1128,100,100,100
,,,,,,,,1129,100,100,100
,,,,,,,,1130,100,100,100
,,,,,,,,1131,100,100,100
,,,,,,,,1132,100,100,100
,,,,,,,,1133,100,100,100
,,,,,,,,1134,100,100,100
,,,,,,,,1135,100,100,100
,,,,,,,,1136,100,100,100
,,,,,,,,1137,100,100,100
,,,,,,,,1138,100,100,100
,,,,,,,,1139,100,100,100
,,,,,,,,1140,100,100,100
,,,,,,,,1141,100,100,100
,,,,,,,,1142,100,100,100
,,,,,,,,1143,100,100,100
,,,,,,,,1144,100,100,100
,,,,,,,,1145,100,100,100
,,,,,,,,1146,100,100,100
,,,,,,,,1147,100,100,100
,,,,,,,,1148,100,100,100
,,,,,,,,1149,100,100,100
,,,,,,,,1150,100,100,100
,,,,,,,,1151,100,100,100
,,,,,,,,1152,100,100,100
,,,,,,,,1153,100,100,100
,,,,,,,,1154,100,100,100
,,,,,,,,1155,100,100,100
,,,,,,,,1156,100,100,100
,,,,,,,,1157,100,100,100
,,,,,,,,1158,100,100,100
,,,,,,,,1159,100,100,100
,,,,,,,,1160,100,100,100
,,,,,,,,1161,100,100,100
,,,,,,,,1162,100,100,100
,,,,,,,,1163,100,100,100
,,,,,,,,1164,100,100,100
,,,,,,,,1165,100,100,100
,,,,,,,,1166,100,100,100
,,,,,,,,1167,100,100,100
,,,,,,,,1168,100,100,100
,,,,,,,,1169,100,100,100
,,,,,,,,1170,100,100,100
,,,,,,,,1171,100,100,100
,,,,,,,,1172,100,100,100
,,,,,,,,1173,100,100,100
,,,,,,,,1174,100,100,100
,,,,,,,,1175,100,100,100
,,,,,,,,1176,100,100,100
,,,,,,,,1177,100,100,100
,,,,,,,,1178,100,100,100
,,,,,,,,1179,100,100,100
,,,,,,,,1180,100,100,100
,,,,,,,,1181,100,100,100
,,,,,,,,1182,100,100,100
,,,,,,,,1183,100,100,100
,,,,,,,,1184,100,100,100
,,,,,,,,1185,100,100,100
,,,,,,,,1186,100,100,100
,,,,,,,,1187,100,100,100
,,,,,,,,1188,100,100,100
,,,,,,,,1189,100,100,100
,,,,,,,,1190,100,100,100
,,,,,,,,1191,100,100,100
,,,,,,,,1192,100,100,100
,,,,,,,,1193,100,100,100
,,,,,,,,1194,100,100,100
,,,,,,,,1195,100,100,100
,,,,,,,,1196,100,100,100
,,,,,,,,1197,100,100,100
,,,,,,,,1198,100,100,100
,,,,,,,,1199,100,100,100
,,,,,,,,1200,100,100,100
,,,,,,,,1201,100,100,100
,,,,,,,,1202,100,100,100
,,,,,,,,1203,100,100,100
,,,,,,,,1204,100,100,100
,,,,,,,,1205,100,100,100
,,,,,,,,1206,100,100,100
,,,,,,,,1207,100,100,100
,,,,,,,,1208,100,100,100
,,,,,,,,1209,100,100,100
,,,,,,,,1210,100,100,100
,,,,,,,,1211,100,100,100
,,,,,,,,1212,100,100,100
,,,,,,,,1213,100,100,100
,,,,,,,,1214,100,100,100
,,,,,,,,1215,100,100,100
,,,,,,,,1216,100,100,100
,,,,,,,,1217,100,100,100
,,,,,,,,1218,100,100,100
,,,,,,,,1219,100,100,100
,,,,,,,,1220,100,100,100
,,,,,,,,1221,100,100,100
,,,,,,,,1222,100,100,100
,,,,,,,,1223,100,100,100
,,,,,,,,1224,100,100,100
,,,,,,,,1225,100,100,100
,,,,,,,,1226,100,100,100
,,,,,,,,1227,100,100,100
,,,,,,,,1228,100,100,100
,,,,,,,,1229,100,100,100
,,,,,,,,1230,100,100,100
,,,,,,,,1231,100,100,100
,,,,,,,,1232,100,100,100
,,,,,,,,1233,100,100,100
,,,,,,,,1234,100,100,100
,,,,,,,,1235,100,100,100
,,,,,,,,1236,100,100,100
,,,,,,,,1237,100,100,100
,,,,,,,,1238,100,100,100
,,,,,,,,1239,100,100,100
,,,,,,,,1240,100,100,100
,,,,,,,,1241,100,100,100
,,,,,,,,1242,100,100,100
,,,,,,,,1243,100,100,100
,,,,,,,,1244,100,100,100
,,,,,,,,1245,100,100,100
,,,,,,,,1246,100,100,100
,,,,,,,,1247,100,100,100
,,,,,,,,1248,100,100,100
,,,,,,,,1249,100,100,100
,,,,,,,,1250,100,100,100
,,,,,,,,1251,100,100,100
,,,,,,,,1252,100,100,100
,,,,,,,,1253,100,100,100
,,,,,,,,1254,100,100,100
,,,,,,,,1255,100,100,100
,,,,,,,,1256,100,100,100
,,,,,,,,1257,100,100,100
,,,,,,,,1258,100,100,100
,,,,,,,,1259,100,100,100
,,,,,,,,1260,100,100,100
,,,,,,,,1261,100,100,100
,,,,,,,,1262,100,100,100
,,,,,,,,1263,100,100,100
,,,,,,,,1264,100,100,100
,,,,,,,,1265,100,100,100
,,,,,,,,1266,100,100,100
,,,,,,,,1267,100,100,100
,,,,,,,,1268,100,100,100
,,,,,,,,1269,100,100,100
,,,,,,,,1270,100,100,100
,,,,,,,,1271,100,100,100
,,,,,,,,1272,100,100,100
,,,,,,,,1273,100,100,100
,,,,,,,,1274,100,100,100
,,,,,,,,1275,100,100,100
,,,,,,,,1276,100,100,100
,,,,,,,,1277,100,100,100
,,,,,,,,1278,100,100,100
,,,,,,,,1279,100,100,100
,,,,,,,,1280,100,100,100
,,,,,,,,1281,100,100,100
,,,,,,,,1282,100,100,100
,,,,,,,,1283,100,100,100
,,,,,,,,1284,100,100,100
,,,,,,,,1285,100,100,100
,,,,,,,,1286,100,100,100
,,,,,,,,1287,100,100,100
,,,,,,,,1288,100,100,100
,,,,,,,,1289,100,100,100
,,,,,,,,1290,100,100,100
,,,,,,,,1291,100,100,100
,,,,,,,,1292,100,100,100
,,,,,,,,1293,100,100,100
,,,,,,,,1294,100,100,100
,,,,,,,,1295,100,100,100
,,,,,,,,1296,100,100,100
,,,,,,,,1297,100,100,100
,,,,,,,,1298,100,100,100
,,,,,,,,1299,100,100,100
,,,,,,,,1300,100,100,100
,,,,,,,,1301,100,100,100
,,,,,,,,1302,100,100,100
,,,,,,,,1303,100,100,100
,,,,,,,,1304,100,100,100
,,,,,,,,1305,100,100,100
,,,,,,,,1306,100,100,100
,,,,,,,,1307,100,100,100
,,,,,,,,1308,100,100,100
,,,,,,,,1309,100,100,100
,,,,,,,,1310,100,100,100
,,,,,,,,1311,100,100,100
,,,,,,,,1312,100,100,100
,,,,,,,,1313,100,100,100
,,,,,,,,1314,100,100,100
,,,,,,,,1315,100,100,100
,,,,,,,,1316,100,100,100
,,,,,,,,1317,100,100,100
,,,,,,,,1318,100,100,100
,,,,,,,,1319,100,100,100
,,,,,,,,1320,100,100,100
,,,,,,,,1321,100,100,100
,,,,,,,,1322,100,100,100
,,,,,,,,1323,100,100,100
,,,,,,,,1324,100,100,100
,,,,,,,,1325,100,100,100
,,,,,,,,1326,100,100,100
,,,,,,,,1327,100,100,100
,,,,,,,,1328,100,100,100
,,,,,,,,1329,100,100,100
,,,,,,,,1330,100,100,100
,,,,,,,,1331,100,100,100
,,,,,,,,1332,100,100,100
,,,,,,,,1333,100,100,100
,,,,,,,,1334,100,100,100
,,,,,,,,1335,100,100,100
,,,,,,,,1336,100,100,100
,,,,,,,,1337,100,100,100
,,,,,,,,1338,100,100,100
,,,,,,,,1339,100,100,100
,,,,,,,,1340,100,100,100
,,,,,,,,1341,100,100,100
,,,,,,,,1342,100,100,100
,,,,,,,,1343,100,100,100
,,,,,,,,1344,100,100,100
,,,,,,,,1345,100,100,100
,,,,,,,,1346,100,100,100
,,,,,,,,1347,100,100,100
,,,,,,,,1348,100,100,100
,,,,,,,,1349,100,100,100
,,,,,,,,1350,100,100,100
,,,,,,,,1351,100,100,100
,,,,,,,,1352,100,100,100
,,,,,,,,1353,100,100,100
,,,,,,,,1354,100,100,100
,,,,,,,,1355,100,100,100
,,,,,,,,1356,100,100,100
,,,,,,,,1357,100,100,100
,,,,,,,,1358,100,100,100
,,,,,,,,1359,100,100,100
,,,,,,,,1360,100,100,100
,,,,,,,,1361,100,100,100
,,,,,,,,1362,100,100,100
,,,,,,,,1363,100,100,100
,,,,,,,,1364,100,100,100
,,,,,,,,1365,100,100,100
,,,,,,,,1366,100,100,100
,,,,,,,,1367,100,100,100
,,,,,,,,1368,100,100,100
,,,,,,,,1369,100,100,100
,,,,,,,,1370,100,100,100
,,,,,,,,1371,100,100,100
,,,,,,,,1372,100,100,100
,,,,,,,,1373,100,100,100
,,,,,,,,1374,100,100,100
,,,,,,,,1375,100,100,100
,,,,,,,,1376,100,100,100
,,,,,,,,1377,100,100,100
,,,,,,,,1378,100,100,100
,,,,,,,,1379,100,100,100
,,,,,,,,1380,100,100,100
,,,,,,,,1381,100,100,100
,,,,,,,,1382,100,100,100
,,,,,,,,1383,100,100,100
,,,,,,,,1384,100,100,100
,,,,,,,,1385,100,100,100
,,,,,,,,1386,100,100,100
,,,,,,,,1387,100,100,100
,,,,,,,,1388,100,100,100
,,,,,,,,1389,100,100,100
,,,,,,,,1390,100,100,100
,,,,,,,,1391,100,100,100
,,,,,,,,1392,100,100,100
,,,,,,,,1393,100,100,100
,,,,,,,,1394,100,100,100
,,,,,,,,1395,100,100,100
,,,,,,,,1396,100,100,100
,,,,,,,,1397,100,100,100
,,,,,,,,1398,100,100,100
,,,,,,,,1399,100,100,100
,,,,,,,,1400,100,100,100
,,,,,,,,1401,100,100,100
,,,,,,,,1402,100,100,100
,,,,,,,,1403,100,100,100
,,,,,,,,1404,100,100,100
,,,,,,,,1405,100,100,100
,,,,,,,,1406,100,100,100
,,,,,,,,1407,100,100,100
,,,,,,,,1408,100,100,100
,,,,,,,,1409,100,100,100
,,,,,,,,1410,100,100,100
,,,,,,,,1411,100,100,100
,,,,,,,,1412,100,100,100
,,,,,,,,1413,100,100,100
,,,,,,,,1414,100,100,100
,,,,,,,,1415,100,100,100
,,,,,,,,1416,100,100,100
,,,,,,,,1417,100,100,100
,,,,,,,,1418,100,100,100
,,,,,,,,1419,100,100,100
,,,,,,,,1420,100,100,100
,,,,,,,,1421,100,100,100
,,,,,,,,1422,100,100,100
,,,,,,,,1423,100,100,100
,,,,,,,,1424,100,100,100
,,,,,,,,1425,100,100,100
,,,,,,,,1426,100,100,100
,,,,,,,,1427,100,100,100
,,,,,,,,1428,100,100,100
,,,,,,,,1429,100,100,100
,,,,,,,,1430,100,100,100
,,,,,,,,1431,100,100,100
,,,,,,,,1432,100,100,100
,,,,,,,,1433,100,100,100
,,,,,,,,1434,100,100,100
,,,,,,,,1435,100,100,100
,,,,,,,,1436,100,100,100
,,,,,,,,1437,100,100,100
,,,,,,,,1438,100,100,100
,,,,,,,,1439,100,100,100
,,,,,,,,1440,100,100,100
,,,,,,,,1441,100,100,100
,,,,,,,,1442,100,100,100
,,,,,,,,1443,100,100,100
,,,,,,,,1444,100,100,100
,,,,,,,,1445,100,100,100
,,,,,,,,1446,100,100,100
,,,,,,,,1447,100,100,100
,,,,,,,,1448,100,100,100
,,,,,,,,1449,100,100,100
,,,,,,,,1450,100,100,100
,,,,,,,,1451,100,100,100
,,,,,,,,1452,100,100,100
,,,,,,,,1453,100,100,100
,,,,,,,,1454,100,100,100
,,,,,,,,1455,100,100,100
,,,,,,,,1456,100,100,100
,,,,,,,,1457,100,100,100
,,,,,,,,1458,100,100,100
,,,,,,,,1459,100,100,100
,,,,,,,,1460,100,100,100
,,,,,,,,1461,100,100,100
,,,,,,,,1462,100,100,100
,,,,,,,,1463,100,100,100
,,,,,,,,1464,100,100,100
,,,,,,,,1465,100,100,100
,,,,,,,,1466,100,100,100
,,,,,,,,1467,100,100,100
,,,,,,,,1468,100,100,100
,,,,,,,,1469,100,100,100
,,,,,,,,1470,100,100,100
,,,,,,,,1471,100,100,100
,,,,,,,,1472,100,100,100
,,,,,,,,1473,100,100,100
,,,,,,,,1474,100,100,100
,,,,,,,,1475,100,100,100
,,,,,,,,1476,100,100,100
,,,,,,,,1477,100,100,100
,,,,,,,,1478,100,100,100
,,,,,,,,1479,100,100,100
,,,,,,,,1480,100,100,100
,,,,,,,,1481,100,100,100
,,,,,,,,1482,100,100,100
,,,,,,,,1483,100,100,100
,,,,,,,,1484,100,100,100
,,,,,,,,1485,100,100,100
,,,,,,,,1486,100,100,100
,,,,,,,,1487,100,100,100
,,,,,,,,1488,100,100,100
,,,,,,,,1489,100,100,100
,,,,,,,,1490,100,100,100
,,,,,,,,1491,100,100,100
,,,,,,,,1492,100,100,100
,,,,,,,,1493,100,100,100
,,,,,,,,1494,100,100,100
,,,,,,,,1495,100,100,100
,,,,,,,,1496,100,100,100
,,,,,,,,1497,100,100,100
,,,,,,,,1498,100,100,100
,,,,,,,,1499,100,100,100
,,,,,,,,1500,100,100,100
,,,,,,,,1501,100,100,100
,,,,,,,,1502,100,100,100
,,,,,,,,1503,100,100,100
,,,,,,,,1504,100,100,100
,,,,,,,,1505,100,100,100
,,,,,,,,1506,100,100,100
,,,,,,,,1507,100,100,100
,,,,,,,,1508,100,100,100
,,,,,,,,1509,100,100,100
,,,,,,,,1510,100,100,100
,,,,,,,,1511,100,100,100
,,,,,,,,1512,100,100,100
,,,,,,,,1513,100,100,100
,,,,,,,,1514,100,100,100
,,,,,,,,1515,100,100,100
,,,,,,,,1516,100,100,100
,,,,,,,,1517,100,100,100
,,,,,,,,1518,100,100,100
,,,,,,,,1519,100,100,100
,,,,,,,,1520,100,100,100
,,,,,,,,1521,100,100,100
,,,,,,,,1522,100,100,100
,,,,,,,,1523,100,100,100
,,,,,,,,1524,100,100,100
,,,,,,,,1525,100,100,100
,,,,,,,,1526,100,100,100
,,,,,,,,1527,100,100,100
,,,,,,,,1528,100,100,100
,,,,,,,,1529,100,100,100
,,,,,,,,1530,100,100,100
,,,,,,,,1531,100,100,100
,,,,,,,,1532,100,100,100
,,,,,,,,1533,100,100,100
,,,,,,,,1534,100,100,100
,,,,,,,,1535,100,100,100
,,,,,,,,1536,100,100,100
,,,,,,,,1537,100,100,100
,,,,,,,,1538,100,100,100
,,,,,,,,1539,100,100,100
,,,,,,,,1540,100,100,100
,,,,,,,,1541,100,100,100
,,,,,,,,1542,100,100,100
,,,,,,,,1543,100,100,100
,,,,,,,,1544,100,100,100
,,,,,,,,1545,100,100,100
,,,,,,,,1546,100,100,100
,,,,,,,,1547,100,100,100
,,,,,,,,1548,100,100,100
,,,,,,,,1549,100,100,100
,,,,,,,,1550,100,100,100
,,,,,,,,1551,100,100,100
,,,,,,,,1552,100,100,100
,,,,,,,,1553,100,100,100
,,,,,,,,1554,100,100,100
,,,,,,,,1555,100,100,100
,,,,,,,,1556,100,100,100
,,,,,,,,1557,100,100,100
,,,,,,,,1558,100,100,100
,,,,,,,,1559,100,100,100
,,,,,,,,1560,100,100,100
,,,,,,,,1561,100,100,100
,,,,,,,,1562,100,100,100
,,,,,,,,1563,100,100,100
,,,,,,,,1564,100,100,100
,,,,,,,,1565,100,100,100
,,,,,,,,1566,100,100,100
,,,,,,,,1567,100,100,100
,,,,,,,,1568,100,100,100
,,,,,,,,1569,100,100,100
,,,,,,,,1570,100,100,100
,,,,,,,,1571,100,100,100
,,,,,,,,1572,100,100,100
,,,,,,,,1573,100,100,100
,,,,,,,,1574,100,100,100
,,,,,,,,1575,100,100,100
,,,,,,,,1576,100,100,100
,,,,,,,,1577,100,100,100
,,,,,,,,1578,100,100,100
,,,,,,,,1579,100,100,100
,,,,,,,,1580,100,100,100
,,,,,,,,1581,100,100,100
,,,,,,,,1582,100,100,100
,,,,,,,,1583,100,100,100
,,,,,,,,1584,100,100,100
,,,,,,,,1585,100,100,100
,,,,,,,,1586,100,100,100
,,,,,,,,1587,100,100,100
,,,,,,,,1588,100,100,100
,,,,,,,,1589,100,100,100
,,,,,,,,1590,100,100,100
,,,,,,,,1591,100,100,100
,,,,,,,,1592,100,100,100
,,,,,,,,1593,100,100,100
,,,,,,,,1594,100,100,100
,,,,,,,,1595,100,100,100
,,,,,,,,1596,100,100,100
,,,,,,,,1597,100,100,100
,,,,,,,,1598,100,100,100
,,,,,,,,1599,100,100,100
,,,,,,,,1600,100,100,100
,,,,,,,,1601,100,100,100
,,,,,,,,1602,100,100,100
,,,,,,,,1603,100,100,100
,,,,,,,,1604,100,100,100
,,,,,,,,1605,100,100,100
,,,,,,,,1606,100,100,100
,,,,,,,,1607,100,100,100
,,,,,,,,1608,100,100,100
,,,,,,,,1609,100,100,100
,,,,,,,,1610,100,100,100
,,,,,,,,1611,100,100,100
,,,,,,,,1612,100,100,100
,,,,,,,,1613,100,100,100
,,,,,,,,1614,100,100,100
,,,,,,,,1615,100,100,100
,,,,,,,,1616,100,100,100
,,,,,,,,1617,100,100,100
,,,,,,,,1618,100,100,100
,,,,,,,,1619,100,100,100
,,,,,,,,1620,100,100,100
,,,,,,,,1621,100,100,100
,,,,,,,,1622,100,100,100
,,,,,,,,1623,100,100,100
,,,,,,,,1624,100,100,100
,,,,,,,,1625,100,100,100
,,,,,,,,1626,100,100,100
,,,,,,,,1627,100,100,100
,,,,,,,,1628,100,100,100
,,,,,,,,1629,100,100,100
,,,,,,,,1630,100,100,100
,,,,,,,,1631,100,100,100
,,,,,,,,1632,100,100,100
,,,,,,,,1633,100,100,100
,,,,,,,,1634,100,100,100
,,,,,,,,1635,100,100,100
,,,,,,,,1636,100,100,100
,,,,,,,,1637,100,100,100
,,,,,,,,1638,100,100,100
,,,,,,,,1639,100,100,100
,,,,,,,,1640,100,100,100
,,,,,,,,1641,100,100,100
,,,,,,,,1642,100,100,100
,,,,,,,,1643,100,100,100
,,,,,,,,1644,100,100,100
,,,,,,,,1645,100,100,100
,,,,,,,,1646,100,100,100
,,,,,,,,1647,100,100,100
,,,,,,,,1648,100,100,100
,,,,,,,,1649,100,100,100
,,,,,,,,1650,100,100,100
,,,,,,,,1651,100,100,100
,,,,,,,,1652,100,100,100
,,,,,,,,1653,100,100,100
,,,,,,,,1654,100,100,100
,,,,,,,,1655,100,100,100
,,,,,,,,1656,100,100,100
,,,,,,,,1657,100,100,100
,,,,,,,,1658,100,100,100
,,,,,,,,1659,100,100,100
,,,,,,,,1660,100,100,100
,,,,,,,,1661,100,100,100
,,,,,,,,1662,100,100,100
,,,,,,,,1663,100,100,100
,,,,,,,,1664,100,100,100
,,,,,,,,1665,100,100,100
,,,,,,,,1666,100,100,100
,,,,,,,,1667,100,100,100
,,,,,,,,1668,100,100,100
,,,,,,,,1669,100,100,100
,,,,,,,,1670,100,100,100
,,,,,,,,1671,100,100,100
,,,,,,,,1672,100,100,100
,,,,,,,,1673,100,100,100
,,,,,,,,1674,100,100,100
,,,,,,,,1675,100,100,100
,,,,,,,,1676,100,100,100
,,,,,,,,1677,100,100,100
,,,,,,,,1678,100,100,100
,,,,,,,,1679,100,100,100
,,,,,,,,1680,100,100,100
,,,,,,,,1681,100,100,100
,,,,,,,,1682,100,100,100
,,,,,,,,1683,100,100,100
,,,,,,,,1684,100,100,100
,,,,,,,,1685,100,100,100
,,,,,,,,1686,100,100,100
,,,,,,,,1687,100,100,100
,,,,,,,,1688,100,100,100
,,,,,,,,1689,100,100,100
,,,,,,,,1690,100,100,100
,,,,,,,,1691,100,100,100
,,,,,,,,1692,100,100,100
,,,,,,,,1693,100,100,100
,,,,,,,,1694,100,100,100
,,,,,,,,1695,100,100,100
,,,,,,,,1696,100,100,100
,,,,,,,,1697,100,100,100
,,,,,,,,1698,100,100,100
,,,,,,,,1699,100,100,100
,,,,,,,,1700,100,100,100
,,,,,,,,1701,100,100,100
,,,,,,,,1702,100,100,100
,,,,,,,,1703,100,100,100
,,,,,,,,1704,100,100,100
,,,,,,,,1705,100,100,100
,,,,,,,,1706,100,100,100
,,,,,,,,1707,100,100,100
,,,,,,,,1708,100,100,100
,,,,,,,,1709,100,100,100
,,,,,,,,1710,100,100,100
,,,,,,,,1711,100,100,100
,,,,,,,,1712,100,100,100
,,,,,,,,1713,100,100,100
,,,,,,,,1714,100,100,100
,,,,,,,,1715,100,100,100
,,,,,,,,1716,100,100,100
,,,,,,,,1717,100,100,100
,,,,,,,,1718,100,100,100
,,,,,,,,1719,100,100,100
,,,,,,,,1720,100,100,100
,,,,,,,,1721,100,100,100
,,,,,,,,1722,100,100,100
,,,,,,,,1723,100,100,100
,,,,,,,,1724,100,100,100
,,,,,,,,1725,100,100,100
,,,,,,,,1726,100,100,100
,,,,,,,,1727,100,100,100
,,,,,,,,1728,100,100,100
,,,,,,,,1729,100,100,100
,,,,,,,,1730,100,100,100
,,,,,,,,1731,100,100,100
,,,,,,,,1732,100,100,100
,,,,,,,,1733,100,100,100
,,,,,,,,1734,100,100,100
,,,,,,,,1735,100,100,100
,,,,,,,,1736,100,100,100
,,,,,,,,1737,100,100,100
,,,,,,,,1738,100,100,100
,,,,,,,,1739,100,100,100
,,,,,,,,1740,100,100,100
,,,,,,,,1741,100,100,100
,,,,,,,,1742,100,100,100
,,,,,,,,1743,100,100,100
,,,,,,,,1744,100,100,100
,,,,,,,,1745,100,100,100
,,,,,,,,1746,100,100,100
,,,,,,,,1747,100,100,100
,,,,,,,,1748,100,100,100
,,,,,,,,1749,100,100,100
,,,,,,,,1750,100,100,100
,,,,,,,,1751,100,100,100
,,,,,,,,1752,100,100,100
,,,,,,,,1753,100,100,100
,,,,,,,,1754,100,100,100
,,,,,,,,1755,100,100,100
,,,,,,,,1756,100,100,100
,,,,,,,,1757,100,100,100
,,,,,,,,1758,100,100,100
,,,,,,,,1759,100,100,100
,,,,,,,,1760,100,100,100
,,,,,,,,1761,100,100,100
,,,,,,,,1762,100,100,100
,,,,,,,,1763,100,100,100
,,,,,,,,1764,100,100,100
,,,,,,,,1765,100,100,100
,,,,,,,,1766,100,100,100
,,,,,,,,1767,100,100,100
,,,,,,,,1768,100,100,100
,,,,,,,,1769,100,100,100
,,,,,,,,1770,100,100,100
,,,,,,,,1771,100,100,100
,,,,,,,,1772,100,100,100
,,,,,,,,1773,100,100,100
,,,,,,,,1774,100,100,100
,,,,,,,,1775,100,100,100
,,,,,,,,1776,100,100,100
,,,,,,,,1777,100,100,100
,,,,,,,,1778,100,100,100
,,,,,,,,1779,100,100,100
,,,,,,,,1780,100,100,100
,,,,,,,,1781,100,100,100
,,,,,,,,1782,100,100,100
,,,,,,,,1783,100,100,100
,,,,,,,,1784,100,100,100
,,,,,,,,1785,100,100,100
,,,,,,,,1786,100,100,100
,,,,,,,,1787,100,100,100
,,,,,,,,1788,100,100,100
,,,,,,,,1789,100,100,100
,,,,,,,,1790,100,100,100
,,,,,,,,1791,100,100,100
,,,,,,,,1792,100,100,100
,,,,,,,,1793,100,100,100
,,,,,,,,1794,100,100,100
,,,,,,,,1795,100,100,100
,,,,,,,,1796,100,100,100
,,,,,,,,1797,100,100,100
,,,,,,,,1798,100,100,100
,,,,,,,,1799,100,100,100
,,,,,,,,1800,100,100,100
,,,,,,,,1801,100,100,100
,,,,,,,,1802,100,100,100
,,,,,,,,1803,100,100,100
,,,,,,,,1804,100,100,100
,,,,,,,,1805,100,100,100
,,,,,,,,1806,100,100,100
,,,,,,,,1807,100,100,100
,,,,,,,,1808,100,100,100
,,,,,,,,1809,100,100,100
,,,,,,,,1810,100,100,100
,,,,,,,,1811,100,100,100
,,,,,,,,1812,100,100,100
,,,,,,,,1813,100,100,100
,,,,,,,,1814,100,100,100
,,,,,,,,1815,100,100,100
,,,,,,,,1816,100,100,100
,,,,,,,,1817,100,100,100
,,,,,,,,1818,100,100,100
,,,,,,,,1819,100,100,100
,,,,,,,,1820,100,100,100
,,,,,,,,1821,100,100,100
,,,,,,,,1822,100,100,100
,,,,,,,,1823,100,100,100
,,,,,,,,1824,100,100,100
,,,,,,,,1825,100,100,100
,,,,,,,,1826,100,100,100
,,,,,,,,1827,100,100,100
,,,,,,,,1828,100,100,100
,,,,,,,,1829,100,100,100
,,,,,,,,1830,100,100,100
,,,,,,,,1831,100,100,100
,,,,,,,,1832,100,100,100
,,,,,,,,1833,100,100,100
,,,,,,,,1834,100,100,100
,,,,,,,,1835,100,100,100
,,,,,,,,1836,100,100,100
,,,,,,,,1837,100,100,100
,,,,,,,,1838,100,100,100
,,,,,,,,1839,100,100,100
,,,,,,,,1840,100,100,100
,,,,,,,,1841,100,100,100
,,,,,,,,1842,100,100,100
,,,,,,,,1843,100,100,100
,,,,,,,,1844,100,100,100
,,,,,,,,1845,100,100,100
,,,,,,,,1846,100,100,100
,,,,,,,,1847,100,100,100
,,,,,,,,1848,100,100,100
,,,,,,,,1849,100,100,100
,,,,,,,,1850,100,100,100
,,,,,,,,1851,100,100,100
,,,,,,,,1852,100,100,100
,,,,,,,,1853,100,100,100
,,,,,,,,1854,100,100,100
,,,,,,,,1855,100,100,100
,,,,,,,,1856,100,100,100
,,,,,,,,1857,100,100,100
,,,,,,,,1858,100,100,100
,,,,,,,,1859,100,100,100
,,,,,,,,1860,100,100,100
,,,,,,,,1861,100,100,100
,,,,,,,,1862,100,100,100
,,,,,,,,1863,100,100,100
,,,,,,,,1864,100,100,100
,,,,,,,,1865,100,100,100
,,,,,,,,1866,100,100,100
,,,,,,,,1867,100,100,100
,,,,,,,,1868,100,100,100
,,,,,,,,1869,100,100,100
,,,,,,,,1870,100,100,100
,,,,,,,,1871,100,100,100
,,,,,,,,1872,100,100,100
,,,,,,,,1873,100,100,100
,,,,,,,,1874,100,100,100
,,,,,,,,1875,100,100,100
,,,,,,,,1876,100,100,100
,,,,,,,,1877,100,100,100
,,,,,,,,1878,100,100,100
,,,,,,,,1879,100,100,100
,,,,,,,,1880,100,100,100
,,,,,,,,1881,100,100,100
,,,,,,,,1882,100,100,100
,,,,,,,,1883,100,100,100
,,,,,,,,1884,100,100,100
,,,,,,,,1885,100,100,100
,,,,,,,,1886,100,100,100
,,,,,,,,1887,100,100,100
,,,,,,,,1888,100,100,100
,,,,,,,,1889,100,100,100
,,,,,,,,1890,100,100,100
,,,,,,,,1891,100,100,100
,,,,,,,,1892,100,100,100
,,,,,,,,1893,100,100,100
,,,,,,,,1894,100,100,100
,,,,,,,,1895,100,100,100
,,,,,,,,1896,100,100,100
,,,,,,,,1897,100,100,100
,,,,,,,,1898,100,100,100
,,,,,,,,1899,100,100,100
,,,,,,,,1900,100,100,100
,,,,,,,,1901,100,100,100
,,,,,,,,1902,100,100,100
,,,,,,,,1903,100,100,100
,,,,,,,,1904,100,100,100
,,,,,,,,1905,100,100,100
,,,,,,,,1906,100,100,100
,,,,,,,,1907,100,100,100
,,,,,,,,1908,100,100,100
,,,,,,,,1909,100,100,100
,,,,,,,,1910,100,100,100
,,,,,,,,1911,100,100,100
,,,,,,,,1912,100,100,100
,,,,,,,,1913,100,100,100
,,,,,,,,1914,100,100,100
,,,,,,,,1915,100,100,100
,,,,,,,,1916,100,100,100
,,,,,,,,1917,100,100,100
,,,,,,,,1918,100,100,100
,,,,,,,,1919,100,100,100
,,,,,,,,1920,100,100,100
,,,,,,,,1921,100,100,100
,,,,,,,,1922,100,100,100
,,,,,,,,1923,100,100,100
,,,,,,,,1924,100,100,100
,,,,,,,,1925,100,100,100
,,,,,,,,1926,100,100,100
,,,,,,,,1927,100,100,100
,,,,,,,,1928,100,100,100
,,,,,,,,1929,100,100,100
,,,,,,,,1930,100,100,100
,,,,,,,,1931,100,100,100
,,,,,,,,1932,100,100,100
,,,,,,,,1933,100,100,100
,,,,,,,,1934,100,100,100
,,,,,,,,1935,100,100,100
,,,,,,,,1936,100,100,100
,,,,,,,,1937,100,100,100
,,,,,,,,1938,100,100,100
,,,,,,,,1939,100,100,100
,,,,,,,,1940,100,100,100
,,,,,,,,1941,100,100,100
,,,,,,,,1942,100,100,100
,,,,,,,,1943,100,100,100
,,,,,,,,1944,100,100,100
,,,,,,,,1945,100,100,100
,,,,,,,,1946,100,100,100
,,,,,,,,1947,100,100,100
,,,,,,,,1948,100,100,100
,,,,,,,,1949,100,100,100
,,,,,,,,1950,100,100,100
,,,,,,,,1951,100,100,100
,,,,,,,,1952,100,100,100
,,,,,,,,1953,100,100,100
,,,,,,,,1954,100,100,100
,,,,,,,,1955,100,100,100
,,,,,,,,1956,100,100,100
,,,,,,,,1957,100,100,100
,,,,,,,,1958,100,100,100
,,,,,,,,1959,100,100,100
,,,,,,,,1960,100,100,100
,,,,,,,,1961,100,100,100
,,,,,,,,1962,100,100,100
,,,,,,,,1963,100,100,100
,,,,,,,,1964,100,100,100
,,,,,,,,1965,100,100,100
,,,,,,,,1966,100,100,100
,,,,,,,,1967,100,100,100
,,,,,,,,1968,100,100,100
,,,,,,,,1969,100,100,100
,,,,,,,,1970,100,100,100
,,,,,,,,1971,100,100,100
,,,,,,,,1972,100,100,100
,,,,,,,,1973,100,100,100
,,,,,,,,1974,100,100,100
,,,,,,,,1975,100,100,100
,,,,,,,,1976,100,100,100
,,,,,,,,1977,100,100,100
,,,,,,,,1978,100,100,100
,,,,,,,,1979,100,100,100
,,,,,,,,1980,100,100,100
,,,,,,,,1981,100,100,100
,,,,,,,,1982,100,100,100
,,,,,,,,1983,100,100,100
,,,,,,,,1984,100,100,100
,,,,,,,,1985,100,100,100
,,,,,,,,1986,100,100,100
,,,,,,,,1987,100,100,100
,,,,,,,,1988,100,100,100
,,,,,,,,1989,100,100,100
,,,,,,,,1990,100,100,100
,,,,,,,,1991,100,100,100
,,,,,,,,1992,100,100,100
,,,,,,,,1993,100,100,100
,,,,,,,,1994,100,100,100
,,,,,,,,1995,100,100,100
,,,,,,,,1996,100,100,100
,,,,,,,,1997,100,100,100
,,,,,,,,1998,100,100,100
,,,,,,,,1999,100,100,100
,,,,,,,,2000,100,100,100
,,,,,,,,2001,100,100,100
,,,,,,,,2002,100,100,100
,,,,,,,,2003,100,100,100
,,,,,,,,2004,100,100,100
,,,,,,,,2005,100,100,100
,,,,,,,,2006,100,100,100
,,,,,,,,2007,100,100,100
,,,,,,,,2008,100,100,100
,,,,,,,,2009,100,100,100
,,,,,,,,2010,100,100,100
,,,,,,,,2011,100,100,100
,,,,,,,,2012,100,100,100
,,,,,,,,2013,100,100,100
,,,,,,,,2014,100,100,100
,,,,,,,,2015,100,100,100
,,,,,,,,2016,100,100,100
,,,,,,,,2017,100,100,100
,,,,,,,,2018,100,100,100
,,,,,,,,2019,100,100,100
,,,,,,,,2020,100,100,100
,,,,,,,,2021,100,100,100
,,,,,,,,2022,100,100,100
,,,,,,,,2023,100,100,100
,,,,,,,,2024,100,100,100
,,,,,,,,2025,100,100,100
,,,,,,,,2026,100,100,100
,,,,,,,,2027,100,100,100
,,,,,,,,2028,100,100,100
,,,,,,,,2029,100,100,100
,,,,,,,,2030,100,100,100
,,,,,,,,2031,100,100,100
,,,,,,,,2032,100,100,100
,,,,,,,,2033,100,100,100
,,,,,,,,2034,100,100,100
,,,,,,,,2035,100,100,100
,,,,,,,,2036,100,100,100
,,,,,,,,2037,100,100,100
,,,,,,,,2038,100,100,100
,,,,,,,,2039,100,100,100
,,,,,,,,2040,100,100,100
,,,,,,,,2041,100,100,100
,,,,,,,,2042,100,100,100
,,,,,,,,2043,100,100,100
,,,,,,,,2044,100,100,100
,,,,,,,,2045,100,100,100
,,,,,,,,2046,100,100,100
,,,,,,,,2047,100,100,100
,,,,,,,,2048,100,100,100
,,,,,,,,2049,100,100,100
,,,,,,,,2050,100,100,100
,,,,,,,,2051,100,100,100
,,,,,,,,2052,100,100,100
,,,,,,,,2053,100,100,100
,,,,,,,,2054,100,100,100
,,,,,,,,2055,100,100,100
,,,,,,,,2056,100,100,100
,,,,,,,,2057,100,100,100
,,,,,,,,2058,100,100,100
,,,,,,,,2059,100,100,100
,,,,,,,,2060,100,100,100
,,,,,,,,2061,100,100,100
,,,,,,,,2062,100,100,100
,,,,,,,,2063,100,100,100
,,,,,,,,2064,100,100,100
,,,,,,,,2065,100,100,100
,,,,,,,,2066,100,100,100
,,,,,,,,2067,100,100,100
,,,,,,,,2068,100,100,100
,,,,,,,,2069,100,100,100
,,,,,,,,2070,100,100,100
,,,,,,,,2071,100,100,100
,,,,,,,,2072,100,100,100
,,,,,,,,2073,100,100,100
,,,,,,,,2074,100,100,100
,,,,,,,,2075,100,100,100
,,,,,,,,2076,100,100,100
,,,,,,,,2077,100,100,100
,,,,,,,,2078,100,100,100
,,,,,,,,2079,100,100,100
,,,,,,,,2080,100,100,100
,,,,,,,,2081,100,100,100
,,,,,,,,2082,100,100,100
,,,,,,,,2083,100,100,100
,,,,,,,,2084,100,100,100
,,,,,,,,2085,100,100,100
,,,,,,,,2086,100,100,100
,,,,,,,,2087,100,100,100
,,,,,,,,2088,100,100,100
,,,,,,,,2089,100,100,100
,,,,,,,,2090,100,100,100
,,,,,,,,2091,100,100,100
,,,,,,,,2092,100,100,100
,,,,,,,,2093,100,100,100
,,,,,,,,2094,100,100,100
,,,,,,,,2095,100,100,100
,,,,,,,,2096,100,100,100
,,,,,,,,2097,100,100,100
,,,,,,,,2098,100,100,100
,,,,,,,,2099,100,100,100
,,,,,,,,2100,100,100,100
,,,,,,,,2101,100,100,100
,,,,,,,,2102,100,100,100
,,,,,,,,2103,100,100,100
,,,,,,,,2104,100,100,100
,,,,,,,,2105,100,100,100
,,,,,,,,2106,100,100,100
,,,,,,,,2107,100,100,100
,,,,,,,,2108,100,100,100
,,,,,,,,2109,100,100,100
,,,,,,,,2110,100,100,100
,,,,,,,,2111,100,100,100
,,,,,,,,2112,100,100,100
,,,,,,,,2113,100,100,100
,,,,,,,,2114,100,100,100
,,,,,,,,2115,100,100,100
,,,,,,,,2116,100,100,100
,,,,,,,,2117,100,100,100
,,,,,,,,2118,100,100,100
,,,,,,,,2119,100,100,100
,,,,,,,,2120,100,100,100
,,,,,,,,2121,100,100,100
,,,,,,,,2122,100,100,100
,,,,,,,,2123,100,100,100
,,,,,,,,2124,100,100,100
,,,,,,,,2125,100,100,100
,,,,,,,,2126,100,100,100
,,,,,,,,2127,100,100,100
,,,,,,,,2128,100,100,100
,,,,,,,,2129,100,100,100
,,,,,,,,2130,100,100,100
,,,,,,,,2131,100,100,100
,,,,,,,,2132,100,100,100
,,,,,,,,2133,100,100,100
,,,,,,,,2134,100,100,100
,,,,,,,,2135,100,100,100
,,,,,,,,2136,100,100,100
,,,,,,,,2137,100,100,100
,,,,,,,,2138,100,100,100
,,,,,,,,2139,100,100,100
,,,,,,,,2140,100,100,100
,,,,,,,,2141,100,100,100
,,,,,,,,2142,100,100,100
,,,,,,,,2143,100,100,100
,,,,,,,,2144,100,100,100
,,,,,,,,2145,100,100,100
,,,,,,,,2146,100,100,100
,,,,,,,,2147,100,100,100
,,,,,,,,2148,100,100,100
,,,,,,,,2149,100,100,100
,,,,,,,,2150,100,100,100
,,,,,,,,2151,100,100,100
,,,,,,,,2152,100,100,100
,,,,,,,,2153,100,100,100
,,,,,,,,2154,100,100,100
,,,,,,,,2155,100,100,100
,,,,,,,,2156,100,100,100
,,,,,,,,2157,100,100,100
,,,,,,,,2158,100,100,100
,,,,,,,,2159,100,100,100
,,,,,,,,2160,100,100,100
,,,,,,,,2161,100,100,100
,,,,,,,,2162,100,100,100
,,,,,,,,2163,100,100,100
,,,,,,,,2164,100,100,100
,,,,,,,,2165,100,100,100
,,,,,,,,2166,100,100,100
,,,,,,,,2167,100,100,100
,,,,,,,,2168,100,100,100
,,,,,,,,2169,100,100,100
,,,,,,,,2170,100,100,100
,,,,,,,,2171,100,100,100
,,,,,,,,2172,100,100,100
,,,,,,,,2173,100,100,100
,,,,,,,,2174,100,100,100
,,,,,,,,2175,100,100,100
,,,,,,,,2176,100,100,100
,,,,,,,,2177,100,100,100
,,,,,,,,2178,100,100,100
,,,,,,,,2179,100,100,100
,,,,,,,,2180,100,100,100
,,,,,,,,2181,100,100,100
,,,,,,,,2182,100,100,100
,,,,,,,,2183,100,100,100
,,,,,,,,2184,100,100,100
,,,,,,,,2185,100,100,100
,,,,,,,,2186,100,100,100
,,,,,,,,2187,100,100,100
,,,,,,,,2188,100,100,100
,,,,,,,,2189,100,100,100
,,,,,,,,2190,100,100,100
,,,,,,,,2191,100,100,100
,,,,,,,,2192,100,100,100
,,,,,,,,2193,100,100,100
,,,,,,,,2194,100,100,100
,,,,,,,,2195,100,100,100
,,,,,,,,2196,100,100,100
,,,,,,,,2197,100,100,100
,,,,,,,,2198,100,100,100
,,,,,,,,2199,100,100,100
,,,,,,,,2200,100,100,100
,,,,,,,,2201,100,100,100
,,,,,,,,2202,100,100,100
,,,,,,,,2203,100,100,100
,,,,,,,,2204,100,100,100
,,,,,,,,2205,100,100,100
,,,,,,,,2206,100,100,100
,,,,,,,,2207,100,100,100
,,,,,,,,2208,100,100,100
,,,,,,,,2209,100,100,100
,,,,,,,,2210,100,100,100
,,,,,,,,2211,100,100,100
,,,,,,,,2212,100,100,100
,,,,,,,,2213,100,100,100
,,,,,,,,2214,100,100,100
,,,,,,,,2215,100,100,100
,,,,,,,,2216,100,100,100
,,,,,,,,2217,100,100,100
,,,,,,,,2218,100,100,100
,,,,,,,,2219,100,100,100
,,,,,,,,2220,100,100,100
,,,,,,,,2221,100,100,100
,,,,,,,,2222,100,100,100
,,,,,,,,2223,100,100,100
,,,,,,,,2224,100,100,100
,,,,,,,,2225,100,100,100
,,,,,,,,2226,100,100,100
,,,,,,,,2227,100,100,100
,,,,,,,,2228,100,100,100
,,,,,,,,2229,100,100,100
,,,,,,,,2230,100,100,100
,,,,,,,,2231,100,100,100
,,,,,,,,2232,100,100,100
,,,,,,,,2233,100,100,100
,,,,,,,,2234,100,100,100
,,,,,,,,2235,100,100,100
,,,,,,,,2236,100,100,100
,,,,,,,,2237,100,100,100
,,,,,,,,2238,100,100,100
,,,,,,,,2239,100,100,100
,,,,,,,,2240,100,100,100
,,,,,,,,2241,100,100,100
,,,,,,,,2242,100,100,100
,,,,,,,,2243,100,100,100
,,,,,,,,2244,100,100,100
,,,,,,,,2245,100,100,100
,,,,,,,,2246,100,100,100
,,,,,,,,2247,100,100,100
,,,,,,,,2248,100,100,100
,,,,,,,,2249,100,100,100
,,,,,,,,2250,100,100,100
,,,,,,,,2251,100,100,100
,,,,,,,,2252,100,100,100
,,,,,,,,2253,100,100,100
,,,,,,,,2254,100,100,100
,,,,,,,,2255,100,100,100
,,,,,,,,2256,100,100,100
,,,,,,,,2257,100,100,100
,,,,,,,,2258,100,100,100
,,,,,,,,2259,100,100,100
,,,,,,,,2260,100,100,100
,,,,,,,,2261,100,100,100
,,,,,,,,2262,100,100,100
,,,,,,,,2263,100,100,100
,,,,,,,,2264,100,100,100
,,,,,,,,2265,100,100,100
,,,,,,,,2266,100,100,100
,,,,,,,,2267,100,100,100
,,,,,,,,2268,100,100,100
,,,,,,,,2269,100,100,100
,,,,,,,,2270,100,100,100
,,,,,,,,2271,100,100,100
,,,,,,,,2272,100,100,100
,,,,,,,,2273,100,100,100
,,,,,,,,2274,100,100,100
,,,,,,,,2275,100,100,100
,,,,,,,,2276,100,100,100
,,,,,,,,2277,100,100,100
,,,,,,,,2278,100,100,100
,,,,,,,,2279,100,100,100
,,,,,,,,2280,100,100,100
,,,,,,,,2281,100,100,100
,,,,,,,,2282,100,100,100
,,,,,,,,2283,100,100,100
,,,,,,,,2284,100,100,100
,,,,,,,,2285,100,100,100
,,,,,,,,2286,100,100,100
,,,,,,,,2287,100,100,100
,,,,,,,,2288,100,100,100
,,,,,,,,2289,100,100,100
,,,,,,,,2290,100,100,100
,,,,,,,,2291,100,100,100
,,,,,,,,2292,100,100,100
,,,,,,,,2293,100,100,100
,,,,,,,,2294,100,100,100
,,,,,,,,2295,100,100,100
,,,,,,,,2296,100,100,100
,,,,,,,,2297,100,100,100
,,,,,,,,2298,100,100,100
,,,,,,,,2299,100,100,100
,,,,,,,,2300,100,100,100
,,,,,,,,2301,100,100,100
,,,,,,,,2302,100,100,100
,,,,,,,,2303,100,100,100
,,,,,,,,2304,100,100,100
,,,,,,,,2305,100,100,100
,,,,,,,,2306,100,100,100
,,,,,,,,2307,100,100,100
,,,,,,,,2308,100,100,100
,,,,,,,,2309,100,100,100
,,,,,,,,2310,100,100,100
,,,,,,,,2311,100,100,100
,,,,,,,,2312,100,100,100
,,,,,,,,2313,100,100,100
,,,,,,,,2314,100,100,100
,,,,,,,,2315,100,100,100
,,,,,,,,2316,100,100,100
,,,,,,,,2317,100,100,100
,,,,,,,,2318,100,100,100
,,,,,,,,2319,100,100,100
,,,,,,,,2320,100,100,100
,,,,,,,,2321,100,100,100
,,,,,,,,2322,100,100,100
,,,,,,,,2323,100,100,100
,,,,,,,,2324,100,100,100
,,,,,,,,2325,100,100,100
,,,,,,,,2326,100,100,100
,,,,,,,,2327,100,100,100
,,,,,,,,2328,100,100,100
,,,,,,,,2329,100,100,100
,,,,,,,,2330,100,100,100
,,,,,,,,2331,100,100,100
,,,,,,,,2332,100,100,100
,,,,,,,,2333,100,100,100
,,,,,,,,2334,100,100,100
,,,,,,,,2335,100,100,100
,,,,,,,,2336,100,100,100
,,,,,,,,2337,100,100,100
,,,,,,,,2338,100,100,100
,,,,,,,,2339,100,100,100
,,,,,,,,2340,100,100,100
,,,,,,,,2341,100,100,100
,,,,,,,,2342,100,100,100
,,,,,,,,2343,100,100,100
,,,,,,,,2344,100,100,100
,,,,,,,,2345,100,100,100
,,,,,,,,2346,100,100,100
,,,,,,,,2347,100,100,100
,,,,,,,,2348,100,100,100
,,,,,,,,2349,100,100,100
,,,,,,,,2350,100,100,100
,,,,,,,,2351,100,100,100
,,,,,,,,2352,100,100,100
,,,,,,,,2353,100,100,100
,,,,,,,,2354,100,100,100
,,,,,,,,2355,100,100,100
,,,,,,,,2356,100,100,100
,,,,,,,,2357,100,100,100
,,,,,,,,2358,100,100,100
,,,,,,,,2359,100,100,100
,,,,,,,,2360,100,100,100
,,,,,,,,2361,100,100,100
,,,,,,,,2362,100,100,100
,,,,,,,,2363,100,100,100
,,,,,,,,2364,100,100,100
,,,,,,,,2365,100,100,100
,,,,,,,,2366,100,100,100
,,,,,,,,2367,100,100,100
,,,,,,,,2368,100,100,100
,,,,,,,,2369,100,100,100
,,,,,,,,2370,100,100,100
,,,,,,,,2371,100,100,100
,,,,,,,,2372,100,100,100
,,,,,,,,2373,100,100,100
,,,,,,,,2374,100,100,100
,,,,,,,,2375,100,100,100
,,,,,,,,2376,100,100,100
,,,,,,,,2377,100,100,100
,,,,,,,,2378,100,100,100
,,,,,,,,2379,100,100,100
,,,,,,,,2380,100,100,100
,,,,,,,,2381,100,100,100
,,,,,,,,2382,100,100,100
,,,,,,,,2383,100,100,100
,,,,,,,,2384,100,100,100
,,,,,,,,2385,100,100,100
,,,,,,,,2386,100,100,100
,,,,,,,,2387,100,100,100
,,,,,,,,2388,100,100,100
,,,,,,,,2389,100,100,100
,,,,,,,,2390,100,100,100
,,,,,,,,2391,100,100,100
,,,,,,,,2392,100,100,100
,,,,,,,,2393,100,100,100
,,,,,,,,2394,100,100,100
,,,,,,,,2395,100,100,100
,,,,,,,,2396,100,100,100
,,,,,,,,2397,100,100,100
,,,,,,,,2398,100,100,100
,,,,,,,,2399,100,100,100
,,,,,,,,2400,100,100,100
,,,,,,,,2401,100,100,100
,,,,,,,,2402,100,100,100
,,,,,,,,2403,100,100,100
,,,,,,,,2404,100,100,100
,,,,,,,,2405,100,100,100
,,,,,,,,2406,100,100,100
,,,,,,,,2407,100,100,100
,,,,,,,,2408,100,100,100
,,,,,,,,2409,100,100,100
,,,,,,,,2410,100,100,100
,,,,,,,,2411,100,100,100
,,,,,,,,2412,100,100,100
,,,,,,,,2413,100,100,100
,,,,,,,,2414,100,100,100
,,,,,,,,2415,100,100,100
,,,,,,,,2416,100,100,100
,,,,,,,,2417,100,100,100
,,,,,,,,2418,100,100,100
,,,,,,,,2419,100,100,100
,,,,,,,,2420,100,100,100
,,,,,,,,2421,100,100,100
,,,,,,,,2422,100,100,100
,,,,,,,,2423,100,100,100
,,,,,,,,2424,100,100,100
,,,,,,,,2425,100,100,100
,,,,,,,,2426,100,100,100
,,,,,,,,2427,100,100,100
,,,,,,,,2428,100,100,100
,,,,,,,,2429,100,100,100
,,,,,,,,2430,100,100,100
,,,,,,,,2431,100,100,100
,,,,,,,,2432,100,100,100
,,,,,,,,2433,100,100,100
,,,,,,,,2434,100,100,100
,,,,,,,,2435,100,100,100
,,,,,,,,2436,100,100,100
,,,,,,,,2437,100,100,100
,,,,,,,,2438,100,100,100
,,,,,,,,2439,100,100,100
,,,,,,,,2440,100,100,100
,,,,,,,,2441,100,100,100
,,,,,,,,2442,100,100,100
,,,,,,,,2443,100,100,100
,,,,,,,,2444,100,100,100
,,,,,,,,2445,100,100,100
,,,,,,,,2446,100,100,100
,,,,,,,,2447,100,100,100
,,,,,,,,2448,100,100,100
,,,,,,,,2449,100,100,100
,,,,,,,,2450,100,100,100
,,,,,,,,2451,100,100,100
,,,,,,,,2452,100,100,100
,,,,,,,,2453,100,100,100
,,,,,,,,2454,100,100,100
,,,,,,,,2455,100,100,100
,,,,,,,,2456,100,100,100
,,,,,,,,2457,100,100,100
,,,,,,,,2458,100,100,100
,,,,,,,,2459,100,100,100
,,,,,,,,2460,100,100,100
,,,,,,,,2461,100,100,100
,,,,,,,,2462,100,100,100
,,,,,,,,2463,100,100,100
,,,,,,,,2464,100,100,100
,,,,,,,,2465,100,100,100
,,,,,,,,2466,100,100,100
,,,,,,,,2467,100,100,100
,,,,,,,,2468,100,100,100
,,,,,,,,2469,100,100,100
,,,,,,,,2470,100,100,100
,,,,,,,,2471,100,100,100
,,,,,,,,2472,100,100,100
,,,,,,,,2473,100,100,100
,,,,,,,,2474,100,100,100
,,,,,,,,2475,100,100,100
,,,,,,,,2476,100,100,100
,,,,,,,,2477,100,100,100
,,,,,,,,2478,100,100,100
,,,,,,,,2479,100,100,100
,,,,,,,,2480,100,100,100
,,,,,,,,2481,100,100,100
,,,,,,,,2482,100,100,100
,,,,,,,,2483,100,100,100
,,,,,,,,2484,100,100,100
,,,,,,,,2485,100,100,100
,,,,,,,,2486,100,100,100
,,,,,,,,2487,100,100,100
,,,,,,,,2488,100,100,100
,,,,,,,,2489,100,100,100
,,,,,,,,2490,100,100,100
,,,,,,,,2491,100,100,100
,,,,,,,,2492,100,100,100
,,,,,,,,2493,100,100,100
,,,,,,,,2494,100,100,100
,,,,,,,,2495,100,100,100
,,,,,,,,2496,100,100,100
,,,,,,,,2497,100,100,100
,,,,,,,,2498,100,100,100
,,,,,,,,2499,100,100,100
,,,,,,,,2500,100,100,100
,,,,,,,,2501,100,100,100
,,,,,,,,2502,100,100,100
,,,,,,,,2503,100,100,100
,,,,,,,,2504,100,100,100
,,,,,,,,2505,100,100,100
,,,,,,,,2506,100,100,100
,,,,,,,,2507,100,100,100
,,,,,,,,2508,100,100,100
,,,,,,,,2509,100,100,100
,,,,,,,,2510,100,100,100
,,,,,,,,2511,100,100,100
,,,,,,,,2512,100,100,100
,,,,,,,,2513,100,100,100
,,,,,,,,2514,100,100,100
,,,,,,,,2515,100,100,100
,,,,,,,,2516,100,100,100
,,,,,,,,2517,100,100,100
,,,,,,,,2518,100,100,100
,,,,,,,,2519,100,100,100
,,,,,,,,2520,100,100,100
,,,,,,,,2521,100,100,100
,,,,,,,,2522,100,100,100
,,,,,,,,2523,100,100,100
,,,,,,,,2524,100,100,100
,,,,,,,,2525,100,100,100
,,,,,,,,2526,100,100,100
,,,,,,,,2527,100,100,100
,,,,,,,,2528,100,100,100
,,,,,,,,2529,100,100,100
,,,,,,,,2530,100,100,100
,,,,,,,,2531,100,100,100
,,,,,,,,2532,100,100,100
,,,,,,,,2533,100,100,100
,,,,,,,,2534,100,100,100
,,,,,,,,2535,100,100,100
,,,,,,,,2536,100,100,100
,,,,,,,,2537,100,100,100
,,,,,,,,2538,100,100,100
,,,,,,,,2539,100,100,100
,,,,,,,,2540,100,100,100
,,,,,,,,2541,100,100,100
,,,,,,,,2542,100,100,100
,,,,,,,,2543,100,100,100
,,,,,,,,2544,100,100,100
,,,,,,,,2545,100,100,100
,,,,,,,,2546,100,100,100
,,,,,,,,2547,100,100,100
,,,,,,,,2548,100,100,100
,,,,,,,,2549,100,100,100
,,,,,,,,2550,100,100,100
,,,,,,,,2551,100,100,100
,,,,,,,,2552,100,100,100
,,,,,,,,2553,100,100,100
,,,,,,,,2554,100,100,100
,,,,,,,,2555,100,100,100
,,,,,,,,2556,100,100,100
,,,,,,,,2557,100,100,100
,,,,,,,,2558,100,100,100
,,,,,,,,2559,100,100,100
,,,,,,,,2560,100,100,100
,,,,,,,,2561,100,100,100
,,,,,,,,2562,100,100,100
,,,,,,,,2563,100,100,100
,,,,,,,,2564,100,100,100
,,,,,,,,2565,100,100,100
,,,,,,,,2566,100,100,100
,,,,,,,,2567,100,100,100
,,,,,,,,2568,100,100,100
,,,,,,,,2569,100,100,100
,,,,,,,,2570,100,100,100
,,,,,,,,2571,100,100,100
,,,,,,,,2572,100,100,100
,,,,,,,,2573,100,100,100
,,,,,,,,2574,100,100,100
,,,,,,,,2575,100,100,100
,,,,,,,,2576,100,100,100
,,,,,,,,2577,100,100,100
,,,,,,,,2578,100,100,100
,,,,,,,,2579,100,100,100
,,,,,,,,2580,100,100,100
,,,,,,,,2581,100,100,100
,,,,,,,,2582,100,100,100
,,,,,,,,2583,100,100,100
,,,,,,,,2584,100,100,100
,,,,,,,,2585,100,100,100
,,,,,,,,2586,100,100,100
,,,,,,,,2587,100,100,100
,,,,,,,,2588,100,100,100
,,,,,,,,2589,100,100,100
,,,,,,,,2590,100,100,100
,,,,,,,,2591,100,100,100
,,,,,,,,2592,100,100,100
,,,,,,,,2593,100,100,100
,,,,,,,,2594,100,100,100
,,,,,,,,2595,100,100,100
,,,,,,,,2596,100,100,100
,,,,,,,,2597,100,100,100
,,,,,,,,2598,100,100,100
,,,,,,,,2599,100,100,100
,,,,,,,,2600,100,100,100
,,,,,,,,2601,100,100,100
,,,,,,,,2602,100,100,100
,,,,,,,,2603,100,100,100
,,,,,,,,2604,100,100,100
,,,,,,,,2605,100,100,100
,,,,,,,,2606,100,100,100
,,,,,,,,2607,100,100,100
,,,,,,,,2608,100,100,100
,,,,,,,,2609,100,100,100
,,,,,,,,2610,100,100,100
,,,,,,,,2611,100,100,100
,,,,,,,,2612,100,100,100
,,,,,,,,2613,100,100,100
,,,,,,,,2614,100,100,100
,,,,,,,,2615,100,100,100
,,,,,,,,2616,100,100,100
,,,,,,,,2617,100,100,100
,,,,,,,,2618,100,100,100
,,,,,,,,2619,100,100,100
,,,,,,,,2620,100,100,100
,,,,,,,,2621,100,100,100
,,,,,,,,2622,100,100,100
,,,,,,,,2623,100,100,100
,,,,,,,,2624,100,100,100
,,,,,,,,2625,100,100,100
,,,,,,,,2626,100,100,100
,,,,,,,,2627,100,100,100
,,,,,,,,2628,100,100,100
,,,,,,,,2629,100,100,100
,,,,,,,,2630,100,100,100
,,,,,,,,2631,100,100,100
,,,,,,,,2632,100,100,100
,,,,,,,,2633,100,100,100
,,,,,,,,2634,100,100,100
,,,,,,,,2635,100,100,100
,,,,,,,,2636,100,100,100
,,,,,,,,2637,100,100,100
,,,,,,,,2638,100,100,100
,,,,,,,,2639,100,100,100
,,,,,,,,2640,100,100,100
,,,,,,,,2641,100,100,100
,,,,,,,,2642,100,100,100
,,,,,,,,2643,100,100,100
,,,,,,,,2644,100,100,100
,,,,,,,,2645,100,100,100
,,,,,,,,2646,100,100,100
,,,,,,,,2647,100,100,100
,,,,,,,,2648,100,100,100
,,,,,,,,2649,100,100,100
,,,,,,,,2650,100,100,100
,,,,,,,,2651,100,100,100
,,,,,,,,2652,100,100,100
,,,,,,,,2653,100,100,100
,,,,,,,,2654,100,100,100
,,,,,,,,2655,100,100,100
,,,,,,,,2656,100,100,100
,,,,,,,,2657,100,100,100
,,,,,,,,2658,100,100,100
,,,,,,,,2659,100,100,100
,,,,,,,,2660,100,100,100
,,,,,,,,2661,100,100,100
,,,,,,,,2662,100,100,100
,,,,,,,,2663,100,100,100
,,,,,,,,2664,100,100,100
,,,,,,,,2665,100,100,100
,,,,,,,,2666,100,100,100
,,,,,,,,2667,100,100,100
,,,,,,,,2668,100,100,100
,,,,,,,,2669,100,100,100
,,,,,,,,2670,100,100,100
,,,,,,,,2671,100,100,100
,,,,,,,,2672,100,100,100
,,,,,,,,2673,100,100,100
,,,,,,,,2674,100,100,100
,,,,,,,,2675,100,100,100
,,,,,,,,2676,100,100,100
,,,,,,,,2677,100,100,100
,,,,,,,,2678,100,100,100
,,,,,,,,2679,100,100,100
,,,,,,,,2680,100,100,100
,,,,,,,,2681,100,100,100
,,,,,,,,2682,100,100,100
,,,,,,,,2683,100,100,100
,,,,,,,,2684,100,100,100
,,,,,,,,2685,100,100,100
,,,,,,,,2686,100,100,100
,,,,,,,,2687,100,100,100
,,,,,,,,2688,100,100,100
,,,,,,,,2689,100,100,100
,,,,,,,,2690,100,100,100
,,,,,,,,2691,100,100,100
,,,,,,,,2692,100,100,100
,,,,,,,,2693,100,100,100
,,,,,,,,2694,100,100,100
,,,,,,,,2695,100,100,100
,,,,,,,,2696,100,100,100
,,,,,,,,2697,100,100,100
,,,,,,,,2698,100,100,100
,,,,,,,,2699,100,100,100
,,,,,,,,2700,100,100,100
,,,,,,,,2701,100,100,100
,,,,,,,,2702,100,100,100
,,,,,,,,2703,100,100,100
,,,,,,,,2704,100,100,100
,,,,,,,,2705,100,100,100
,,,,,,,,2706,100,100,100
,,,,,,,,2707,100,100,100
,,,,,,,,2708,100,100,100
,,,,,,,,2709,100,100,100
,,,,,,,,2710,100,100,100
,,,,,,,,2711,100,100,100
,,,,,,,,2712,100,100,100
,,,,,,,,2713,100,100,100
,,,,,,,,2714,100,100,100
,,,,,,,,2715,100,100,100
,,,,,,,,2716,100,100,100
,,,,,,,,2717,100,100,100
,,,,,,,,2718,100,100,100
,,,,,,,,2719,100,100,100
,,,,,,,,2720,100,100,100
,,,,,,,,2721,100,100,100
,,,,,,,,2722,100,100,100
,,,,,,,,2723,100,100,100
,,,,,,,,2724,100,100,100
,,,,,,,,2725,100,100,100
,,,,,,,,2726,100,100,100
,,,,,,,,2727,100,100,100
,,,,,,,,2728,100,100,100
,,,,,,,,2729,100,100,100
,,,,,,,,2730,100,100,100
,,,,,,,,2731,100,100,100
,,,,,,,,2732,100,100,100
,,,,,,,,2733,100,100,100
,,,,,,,,2734,100,100,100
,,,,,,,,2735,100,100,100
,,,,,,,,2736,100,100,100
,,,,,,,,2737,100,100,100
,,,,,,,,2738,100,100,100
,,,,,,,,2739,100,100,100
,,,,,,,,2740,100,100,100
,,,,,,,,2741,100,100,100
,,,,,,,,2742,100,100,100
,,,,,,,,2743,100,100,100
,,,,,,,,2744,100,100,100
,,,,,,,,2745,100,100,100
,,,,,,,,2746,100,100,100
,,,,,,,,2747,100,100,100
,,,,,,,,2748,100,100,100
,,,,,,,,2749,100,100,100
,,,,,,,,2750,100,100,100
,,,,,,,,2751,100,100,100
,,,,,,,,2752,100,100,100
,,,,,,,,2753,100,100,100
,,,,,,,,2754,100,100,100
,,,,,,,,2755,100,100,100
,,,,,,,,2756,100,100,100
,,,,,,,,2757,100,100,100
,,,,,,,,2758,100,100,100
,,,,,,,,2759,100,100,100
,,,,,,,,2760,100,100,100
,,,,,,,,2761,100,100,100
,,,,,,,,2762,100,100,100
,,,,,,,,2763,100,100,100
,,,,,,,,2764,100,100,100
,,,,,,,,2765,100,100,100
,,,,,,,,2766,100,100,100
,,,,,,,,2767,100,100,100
,,,,,,,,2768,100,100,100
,,,,,,,,2769,100,100,100
,,,,,,,,2770,100,100,100
,,,,,,,,2771,100,100,100
,,,,,,,,2772,100,100,100
,,,,,,,,2773,100,100,100
,,,,,,,,2774,100,100,100
,,,,,,,,2775,100,100,100
,,,,,,,,2776,100,100,100
,,,,,,,,2777,100,100,100
,,,,,,,,2778,100,100,100
,,,,,,,,2779,100,100,100
,,,,,,,,2780,100,100,100
,,,,,,,,2781,100,100,100
,,,,,,,,2782,100,100,100
,,,,,,,,2783,100,100,100
,,,,,,,,2784,100,100,100
,,,,,,,,2785,100,100,100
,,,,,,,,2786,100,100,100
,,,,,,,,2787,100,100,100
,,,,,,,,2788,100,100,100
,,,,,,,,2789,100,100,100
,,,,,,,,2790,100,100,100
,,,,,,,,2791,100,100,100
,,,,,,,,2792,100,100,100
,,,,,,,,2793,100,100,100
,,,,,,,,2794,100,100,100
,,,,,,,,2795,100,100,100
,,,,,,,,2796,100,100,100
,,,,,,,,2797,100,100,100
,,,,,,,,2798,100,100,100
,,,,,,,,2799,100,100,100
,,,,,,,,2800,100,100,100
,,,,,,,,2801,100,100,100
,,,,,,,,2802,100,100,100
,,,,,,,,2803,100,100,100
,,,,,,,,2804,100,100,100
,,,,,,,,2805,100,100,100
,,,,,,,,2806,100,100,100
,,,,,,,,2807,100,100,100
,,,,,,,,2808,100,100,100
,,,,,,,,2809,100,100,100
,,,,,,,,2810,100,100,100
,,,,,,,,2811,100,100,100
,,,,,,,,2812,100,100,100
,,,,,,,,2813,100,100,100
,,,,,,,,2814,100,100,100
,,,,,,,,2815,100,100,100
,,,,,,,,2816,100,100,100
,,,,,,,,2817,100,100,100
,,,,,,,,2818,100,100,100
,,,,,,,,2819,100,100,100
,,,,,,,,2820,100,100,100
,,,,,,,,2821,100,100,100
,,,,,,,,2822,100,100,100
,,,,,,,,2823,100,100,100
,,,,,,,,2824,100,100,100
,,,,,,,,2825,100,100,100
,,,,,,,,2826,100,100,100
,,,,,,,,2827,100,100,100
,,,,,,,,2828,100,100,100
,,,,,,,,2829,100,100,100
,,,,,,,,2830,100,100,100
,,,,,,,,2831,100,100,100
,,,,,,,,2832,100,100,100
,,,,,,,,2833,100,100,100
,,,,,,,,2834,100,100,100
,,,,,,,,2835,100,100,100
,,,,,,,,2836,100,100,100
,,,,,,,,2837,100,100,100
,,,,,,,,2838,100,100,100
,,,,,,,,2839,100,100,100
,,,,,,,,2840,100,100,100
,,,,,,,,2841,100,100,100
,,,,,,,,2842,100,100,100
,,,,,,,,2843,100,100,100
,,,,,,,,2844,100,100,100
,,,,,,,,2845,100,100,100
,,,,,,,,2846,100,100,100
,,,,,,,,2847,100,100,100
,,,,,,,,2848,100,100,100
,,,,,,,,2849,100,100,100
,,,,,,,,2850,100,100,100
,,,,,,,,2851,100,100,100
,,,,,,,,2852,100,100,100
,,,,,,,,2853,100,100,100
,,,,,,,,2854,100,100,100
,,,,,,,,2855,100,100,100
,,,,,,,,2856,100,100,100
,,,,,,,,2857,100,100,100
,,,,,,,,2858,100,100,100
,,,,,,,,2859,100,100,100
,,,,,,,,2860,100,100,100
,,,,,,,,2861,100,100,100
,,,,,,,,2862,100,100,100
,,,,,,,,2863,100,100,100
,,,,,,,,2864,100,100,100
,,,,,,,,2865,100,100,100
,,,,,,,,2866,100,100,100
,,,,,,,,2867,100,100,100
,,,,,,,,2868,100,100,100
,,,,,,,,2869,100,100,100
,,,,,,,,2870,100,100,100
,,,,,,,,2871,100,100,100
,,,,,,,,2872,100,100,100
,,,,,,,,2873,100,100,100
,,,,,,,,2874,100,100,100
,,,,,,,,2875,100,100,100
,,,,,,,,2876,100,100,100
,,,,,,,,2877,100,100,100
,,,,,,,,2878,100,100,100
,,,,,,,,2879,100,100,100
,,,,,,,,2880,100,100,100
,,,,,,,,2881,100,100,100
,,,,,,,,2882,100,100,100
,,,,,,,,2883,100,100,100
,,,,,,,,2884,100,100,100
,,,,,,,,2885,100,100,100
,,,,,,,,2886,100,100,100
,,,,,,,,2887,100,100,100
,,,,,,,,2888,100,100,100
,,,,,,,,2889,100,100,100
,,,,,,,,2890,100,100,100
,,,,,,,,2891,100,100,100
,,,,,,,,2892,100,100,100
,,,,,,,,2893,100,100,100
,,,,,,,,2894,100,100,100
,,,,,,,,2895,100,100,100
,,,,,,,,2896,100,100,100
,,,,,,,,2897,100,100,100
,,,,,,,,2898,100,100,100
,,,,,,,,2899,100,100,100
,,,,,,,,2900,100,100,100
,,,,,,,,2901,100,100,100
,,,,,,,,2902,100,100,100
,,,,,,,,2903,100,100,100
,,,,,,,,2904,100,100,100
,,,,,,,,2905,100,100,100
,,,,,,,,2906,100,100,100
,,,,,,,,2907,100,100,100
,,,,,,,,2908,100,100,100
,,,,,,,,2909,100,100,100
,,,,,,,,2910,100,100,100
,,,,,,,,2911,100,100,100
,,,,,,,,2912,100,100,100
,,,,,,,,2913,100,100,100
,,,,,,,,2914,100,100,100
,,,,,,,,2915,100,100,100
,,,,,,,,2916,100,100,100
,,,,,,,,2917,100,100,100
,,,,,,,,2918,100,100,100
,,,,,,,,2919,100,100,100
,,,,,,,,2920,100,100,100
,,,,,,,,2921,100,100,100
,,,,,,,,2922,100,100,100
,,,,,,,,2923,100,100,100
,,,,,,,,2924,100,100,100
,,,,,,,,2925,100,100,100
,,,,,,,,2926,100,100,100
,,,,,,,,2927,100,100,100
,,,,,,,,2928,100,100,100
,,,,,,,,2929,100,100,100
,,,,,,,,2930,100,100,100
,,,,,,,,2931,100,100,100
,,,,,,,,2932,100,100,100
,,,,,,,,2933,100,100,100
,,,,,,,,2934,100,100,100
,,,,,,,,2935,100,100,100
,,,,,,,,2936,100,100,100
,,,,,,,,2937,100,100,100
,,,,,,,,2938,100,100,100
,,,,,,,,2939,100,100,100
,,,,,,,,2940,100,100,100
,,,,,,,,2941,100,100,100
,,,,,,,,2942,100,100,100
,,,,,,,,2943,100,100,100
,,,,,,,,2944,100,100,100
,,,,,,,,2945,100,100,100
,,,,,,,,2946,100,100,100
,,,,,,,,2947,100,100,100
,,,,,,,,2948,100,100,100
,,,,,,,,2949,100,100,100
,,,,,,,,2950,100,100,100
,,,,,,,,2951,100,100,100
,,,,,,,,2952,100,100,100
,,,,,,,,2953,100,100,100
,,,,,,,,2954,100,100,100
,,,,,,,,2955,100,100,100
,,,,,,,,2956,100,100,100
,,,,,,,,2957,100,100,100
,,,,,,,,2958,100,100,100
,,,,,,,,2959,100,100,100
,,,,,,,,2960,100,100,100
,,,,,,,,2961,100,100,100
,,,,,,,,2962,100,100,100
,,,,,,,,2963,100,100,100
,,,,,,,,2964,100,100,100
,,,,,,,,2965,100,100,100
,,,,,,,,2966,100,100,100
,,,,,,,,2967,100,100,100
,,,,,,,,2968,100,100,100
,,,,,,,,2969,100,100,100
,,,,,,,,2970,100,100,100
,,,,,,,,2971,100,100,100
,,,,,,,,2972,100,100,100
,,,,,,,,2973,100,100,100
,,,,,,,,2974,100,100,100
,,,,,,,,2975,100,100,100
,,,,,,,,2976,100,100,100
,,,,,,,,2977,100,100,100
,,,,,,,,2978,100,100,100
,,,,,,,,2979,100,100,100
,,,,,,,,2980,100,100,100
,,,,,,,,2981,100,100,100
,,,,,,,,2982,100,100,100
,,,,,,,,2983,100,100,100
,,,,,,,,2984,100,100,100
,,,,,,,,2985,100,100,100
,,,,,,,,2986,100,100,100
,,,,,,,,2987,100,100,100
,,,,,,,,2988,100,100,100
,,,,,,,,2989,100,100,100
,,,,,,,,2990,100,100,100
,,,,,,,,2991,100,100,100
,,,,,,,,2992,100,100,100
,,,,,,,,2993,100,100,100
,,,,,,,,2994,100,100,100
,,,,,,,,2995,100,100,100
,,,,,,,,2996,100,100,100
,,,,,,,,2997,100,100,100
,,,,,,,,2998,100,100,100
,,,,,,,,2999,100,100,100
,,,,,,,,3000,100,100,100
,,,,,,,,3001,100,100,100
,,,,,,,,3002,100,100,100
,,,,,,,,3003,100,100,100
,,,,,,,,3004,100,100,100
,,,,,,,,3005,100,100,100
,,,,,,,,3006,100,100,100
,,,,,,,,3007,100,100,100
,,,,,,,,3008,100,100,100
,,,,,,,,3009,100,100,100
,,,,,,,,3010,100,100,100
,,,,,,,,3011,100,100,100
,,,,,,,,3012,100,100,100
,,,,,,,,3013,100,100,100
,,,,,,,,3014,100,100,100
,,,,,,,,3015,100,100,100
,,,,,,,,3016,100,100,100
,,,,,,,,3017,100,100,100
,,,,,,,,3018,100,100,100
,,,,,,,,3019,100,100,100
,,,,,,,,3020,100,100,100
,,,,,,,,3021,100,100,100
,,,,,,,,3022,100,100,100
,,,,,,,,3023,100,100,100
,,,,,,,,3024,100,100,100
,,,,,,,,3025,100,100,100
,,,,,,,,3026,100,100,100
,,,,,,,,3027,100,100,100
,,,,,,,,3028,100,100,100
,,,,,,,,3029,100,100,100
,,,,,,,,3030,100,100,100
,,,,,,,,3031,100,100,100
,,,,,,,,3032,100,100,100
,,,,,,,,3033,100,100,100
,,,,,,,,3034,100,100,100
,,,,,,,,3035,100,100,100
,,,,,,,,3036,100,100,100
,,,,,,,,3037,100,100,100
,,,,,,,,3038,100,100,100
,,,,,,,,3039,100,100,100
,,,,,,,,3040,100,100,100
,,,,,,,,3041,100,100,100
,,,,,,,,3042,100,100,100
,,,,,,,,3043,100,100,100
,,,,,,,,3044,100,100,100
,,,,,,,,3045,100,100,100
,,,,,,,,3046,100,100,100
,,,,,,,,3047,100,100,100
,,,,,,,,3048,100,100,100
,,,,,,,,3049,100,100,100
,,,,,,,,3050,100,100,100
,,,,,,,,3051,100,100,100
,,,,,,,,3052,100,100,100
,,,,,,,,3053,100,100,100
,,,,,,,,3054,100,100,100
,,,,,,,,3055,100,100,100
,,,,,,,,3056,100,100,100
,,,,,,,,3057,100,100,100
,,,,,,,,3058,100,100,100
,,,,,,,,3059,100,100,100
,,,,,,,,3060,100,100,100
,,,,,,,,3061,100,100,100
,,,,,,,,3062,100,100,100
,,,,,,,,3063,100,100,100
,,,,,,,,3064,100,100,100
,,,,,,,,3065,100,100,100
,,,,,,,,3066,100,100,100
,,,,,,,,3067,100,100,100
,,,,,,,,3068,100,100,100
,,,,,,,,3069,100,100,100
,,,,,,,,3070,100,100,100
,,,,,,,,3071,100,100,100
,,,,,,,,3072,100,100,100
,,,,,,,,3073,100,100,100
,,,,,,,,3074,100,100,100
,,,,,,,,3075,100,100,100
,,,,,,,,3076,100,100,100
,,,,,,,,3077,100,100,100
,,,,,,,,3078,100,100,100
,,,,,,,,3079,100,100,100
,,,,,,,,3080,100,100,100
,,,,,,,,3081,100,100,100
,,,,,,,,3082,100,100,100
,,,,,,,,3083,100,100,100
,,,,,,,,3084,100,100,100
,,,,,,,,3085,100,100,100
,,,,,,,,3086,100,100,100
,,,,,,,,3087,100,100,100
,,,,,,,,3088,100,100,100
,,,,,,,,3089,100,100,100
,,,,,,,,3090,100,100,100
,,,,,,,,3091,100,100,100
,,,,,,,,3092,100,100,100
,,,,,,,,3093,100,100,100
,,,,,,,,3094,100,100,100
,,,,,,,,3095,100,100,100
,,,,,,,,3096,100,100,100
,,,,,,,,3097,100,100,100
,,,,,,,,3098,100,100,100
,,,,,,,,3099,100,100,100
,,,,,,,,3100,100,100,100
,,,,,,,,3101,100,100,100
,,,,,,,,3102,100,100,100
,,,,,,,,3103,100,100,100
,,,,,,,,3104,100,100,100
,,,,,,,,3105,100,100,100
,,,,,,,,3106,100,100,100
,,,,,,,,3107,100,100,100
,,,,,,,,3108,100,100,100
,,,,,,,,3109,100,100,100
,,,,,,,,3110,100,100,100
,,,,,,,,3111,100,100,100
,,,,,,,,3112,100,100,100
,,,,,,,,3113,100,100,100
,,,,,,,,3114,100,100,100
,,,,,,,,3115,100,100,100
,,,,,,,,3116,100,100,100
,,,,,,,,3117,100,100,100
,,,,,,,,3118,100,100,100
,,,,,,,,3119,100,100,100
,,,,,,,,3120,100,100,100
,,,,,,,,3121,100,100,100
,,,,,,,,3122,100,100,100
,,,,,,,,3123,100,100,100
,,,,,,,,3124,100,100,100
,,,,,,,,3125,100,100,100
,,,,,,,,3126,100,100,100
,,,,,,,,3127,100,100,100
,,,,,,,,3128,100,100,100
,,,,,,,,3129,100,100,100
,,,,,,,,3130,100,100,100
,,,,,,,,3131,100,100,100
,,,,,,,,3132,100,100,100
,,,,,,,,3133,100,100,100
,,,,,,,,3134,100,100,100
,,,,,,,,3135,100,100,100
,,,,,,,,3136,100,100,100
,,,,,,,,3137,100,100,100
,,,,,,,,3138,100,100,100
,,,,,,,,3139,100,100,100
,,,,,,,,3140,100,100,100
,,,,,,,,3141,100,100,100
,,,,,,,,3142,100,100,100
,,,,,,,,3143,100,100,100
,,,,,,,,3144,100,100,100
,,,,,,,,3145,100,100,100
,,,,,,,,3146,100,100,100
,,,,,,,,3147,100,100,100
,,,,,,,,3148,100,100,100
,,,,,,,,3149,100,100,100
,,,,,,,,3150,100,100,100
,,,,,,,,3151,100,100,100
,,,,,,,,3152,100,100,100
,,,,,,,,3153,100,100,100
,,,,,,,,3154,100,100,100
,,,,,,,,3155,100,100,100
,,,,,,,,3156,100,100,100
,,,,,,,,3157,100,100,100
,,,,,,,,3158,100,100,100
,,,,,,,,3159,100,100,100
,,,,,,,,3160,100,100,100
,,,,,,,,3161,100,100,100
,,,,,,,,3162,100,100,100
,,,,,,,,3163,100,100,100
,,,,,,,,3164,100,100,100
,,,,,,,,3165,100,100,100
,,,,,,,,3166,100,100,100
,,,,,,,,3167,100,100,100
,,,,,,,,3168,100,100,100
,,,,,,,,3169,100,100,100
,,,,,,,,3170,100,100,100
,,,,,,,,3171,100,100,100
,,,,,,,,3172,100,100,100
,,,,,,,,3173,100,100,100
,,,,,,,,3174,100,100,100
,,,,,,,,3175,100,100,100
,,,,,,,,3176,100,100,100
,,,,,,,,3177,100,100,100
,,,,,,,,3178,100,100,100
,,,,,,,,3179,100,100,100
,,,,,,,,3180,100,100,100
,,,,,,,,3181,100,100,100
,,,,,,,,3182,100,100,100
,,,,,,,,3183,100,100,100
,,,,,,,,3184,100,100,100
,,,,,,,,3185,100,100,100
,,,,,,,,3186,100,100,100
,,,,,,,,3187,100,100,100
,,,,,,,,3188,100,100,100
,,,,,,,,3189,100,100,100
,,,,,,,,3190,100,100,100
,,,,,,,,3191,100,100,100
,,,,,,,,3192,100,100,100
,,,,,,,,3193,100,100,100
,,,,,,,,3194,100,100,100
,,,,,,,,3195,100,100,100
,,,,,,,,3196,100,100,100
,,,,,,,,3197,100,100,100
,,,,,,,,3198,100,100,100
,,,,,,,,3199,100,100,100
,,,,,,,,3200,100,100,100
,,,,,,,,3201,100,100,100
,,,,,,,,3202,100,100,100
,,,,,,,,3203,100,100,100
,,,,,,,,3204,100,100,100
,,,,,,,,3205,100,100,100
,,,,,,,,3206,100,100,100
,,,,,,,,3207,100,100,100
,,,,,,,,3208,100,100,100
,,,,,,,,3209,100,100,100
,,,,,,,,3210,100,100,100
,,,,,,,,3211,100,100,100
,,,,,,,,3212,100,100,100
,,,,,,,,3213,100,100,100
,,,,,,,,3214,100,100,100
,,,,,,,,3215,100,100,100
,,,,,,,,3216,100,100,100
,,,,,,,,3217,100,100,100
,,,,,,,,3218,100,100,100
,,,,,,,,3219,100,100,100
,,,,,,,,3220,100,100,100
,,,,,,,,3221,100,100,100
,,,,,,,,3222,100,100,100
,,,,,,,,3223,100,100,100
,,,,,,,,3224,100,100,100
,,,,,,,,3225,100,100,100
,,,,,,,,3226,100,100,100
,,,,,,,,3227,100,100,100
,,,,,,,,3228,100,100,100
,,,,,,,,3229,100,100,100
,,,,,,,,3230,100,100,100
,,,,,,,,3231,100,100,100
,,,,,,,,3232,100,100,100
,,,,,,,,3233,100,100,100
,,,,,,,,3234,100,100,100
,,,,,,,,3235,100,100,100
,,,,,,,,3236,100,100,100
,,,,,,,,3237,100,100,100
,,,,,,,,3238,100,100,100
,,,,,,,,3239,100,100,100
,,,,,,,,3240,100,100,100
,,,,,,,,3241,100,100,100
,,,,,,,,3242,100,100,100
,,,,,,,,3243,100,100,100
,,,,,,,,3244,100,100,100
,,,,,,,,3245,100,100,100
,,,,,,,,3246,100,100,100
,,,,,,,,3247,100,100,100
,,,,,,,,3248,100,100,100
,,,,,,,,3249,100,100,100
,,,,,,,,3250,100,100,100
,,,,,,,,3251,100,100,100
,,,,,,,,3252,100,100,100
,,,,,,,,3253,100,100,100
,,,,,,,,3254,100,100,100
,,,,,,,,3255,100,100,100
,,,,,,,,3256,100,100,100
,,,,,,,,3257,100,100,100
,,,,,,,,3258,100,100,100
,,,,,,,,3259,100,100,100
,,,,,,,,3260,100,100,100
,,,,,,,,3261,100,100,100
,,,,,,,,3262,100,100,100
,,,,,,,,3263,100,100,100
,,,,,,,,3264,100,100,100
,,,,,,,,3265,100,100,100
,,,,,,,,3266,100,100,100
,,,,,,,,3267,100,100,100
,,,,,,,,3268,100,100,100
,,,,,,,,3269,100,100,100
,,,,,,,,3270,100,100,100
,,,,,,,,3271,100,100,100
,,,,,,,,3272,100,100,100
,,,,,,,,3273,100,100,100
,,,,,,,,3274,100,100,100
,,,,,,,,3275,100,100,100
,,,,,,,,3276,100,100,100
,,,,,,,,3277,100,100,100
,,,,,,,,3278,100,100,100
,,,,,,,,3279,100,100,100
,,,,,,,,3280,100,100,100
,,,,,,,,3281,100,100,100
,,,,,,,,3282,100,100,100
,,,,,,,,3283,100,100,100
,,,,,,,,3284,100,100,100
,,,,,,,,3285,100,100,100
,,,,,,,,3286,100,100,100
,,,,,,,,3287,100,100,100
,,,,,,,,3288,100,100,100
,,,,,,,,3289,100,100,100
,,,,,,,,3290,100,100,100
,,,,,,,,3291,100,100,100
,,,,,,,,3292,100,100,100
,,,,,,,,3293,100,100,100
,,,,,,,,3294,100,100,100
,,,,,,,,3295,100,100,100
,,,,,,,,3296,100,100,100
,,,,,,,,3297,100,100,100
,,,,,,,,3298,100,100,100
,,,,,,,,3299,100,100,100
,,,,,,,,3300,100,100,100
,,,,,,,,3301,100,100,100
,,,,,,,,3302,100,100,100
,,,,,,,,3303,100,100,100
,,,,,,,,3304,100,100,100
,,,,,,,,3305,100,100,100
,,,,,,,,3306,100,100,100
,,,,,,,,3307,100,100,100
,,,,,,,,3308,100,100,100
,,,,,,,,3309,100,100,100
,,,,,,,,3310,100,100,100
,,,,,,,,3311,100,100,100
,,,,,,,,3312,100,100,100
,,,,,,,,3313,100,100,100
,,,,,,,,3314,100,100,100
,,,,,,,,3315,100,100,100
,,,,,,,,3316,100,100,100
,,,,,,,,3317,100,100,100
,,,,,,,,3318,100,100,100
,,,,,,,,3319,100,100,100
,,,,,,,,3320,100,100,100
,,,,,,,,3321,100,100,100
,,,,,,,,3322,100,100,100
,,,,,,,,3323,100,100,100
,,,,,,,,3324,100,100,100
,,,,,,,,3325,100,100,100
,,,,,,,,3326,100,100,100
,,,,,,,,3327,100,100,100
,,,,,,,,3328,100,100,100
,,,,,,,,3329,100,100,100
,,,,,,,,3330,100,100,100
,,,,,,,,3331,100,100,100
,,,,,,,,3332,100,100,100
,,,,,,,,3333,100,100,100
,,,,,,,,3334,100,100,100
,,,,,,,,3335,100,100,100
,,,,,,,,3336,100,100,100
,,,,,,,,3337,100,100,100
,,,,,,,,3338,100,100,100
,,,,,,,,3339,100,100,100
,,,,,,,,3340,100,100,100
,,,,,,,,3341,100,100,100
,,,,,,,,3342,100,100,100
,,,,,,,,3343,100,100,100
,,,,,,,,3344,100,100,100
,,,,,,,,3345,100,100,100
,,,,,,,,3346,100,100,100
,,,,,,,,3347,100,100,100
,,,,,,,,3348,100,100,100
,,,,,,,,3349,100,100,100
,,,,,,,,3350,100,100,100
,,,,,,,,3351,100,100,100
,,,,,,,,3352,100,100,100
,,,,,,,,3353,100,100,100
,,,,,,,,3354,100,100,100
,,,,,,,,3355,100,100,100
,,,,,,,,3356,100,100,100
,,,,,,,,3357,100,100,100
,,,,,,,,3358,100,100,100
,,,,,,,,3359,100,100,100
,,,,,,,,3360,100,100,100
,,,,,,,,3361,100,100,100
,,,,,,,,3362,100,100,100
,,,,,,,,3363,100,100,100
,,,,,,,,3364,100,100,100
,,,,,,,,3365,100,100,100
,,,,,,,,3366,100,100,100
,,,,,,,,3367,100,100,100
,,,,,,,,3368,100,100,100
,,,,,,,,3369,100,100,100
,,,,,,,,3370,100,100,100
,,,,,,,,3371,100,100,100
,,,,,,,,3372,100,100,100
,,,,,,,,3373,100,100,100
,,,,,,,,3374,100,100,100
,,,,,,,,3375,100,100,100
,,,,,,,,3376,100,100,100
,,,,,,,,3377,100,100,100
,,,,,,,,3378,100,100,100
,,,,,,,,3379,100,100,100
,,,,,,,,3380,100,100,100
,,,,,,,,3381,100,100,100
,,,,,,,,3382,100,100,100
,,,,,,,,3383,100,100,100
,,,,,,,,3384,100,100,100
,,,,,,,,3385,100,100,100
,,,,,,,,3386,100,100,100
,,,,,,,,3387,100,100,100
,,,,,,,,3388,100,100,100
,,,,,,,,3389,100,100,100
,,,,,,,,3390,100,100,100
,,,,,,,,3391,100,100,100
,,,,,,,,3392,100,100,100
,,,,,,,,3393,100,100,100
,,,,,,,,3394,100,100,100
,,,,,,,,3395,100,100,100
,,,,,,,,3396,100,100,100
,,,,,,,,3397,100,100,100
,,,,,,,,3398,100,100,100
,,,,,,,,3399,100,100,100
,,,,,,,,3400,100,100,100
,,,,,,,,3401,100,100,100
,,,,,,,,3402,100,100,100
,,,,,,,,3403,100,100,100
,,,,,,,,3404,100,100,100
,,,,,,,,3405,100,100,100
,,,,,,,,3406,100,100,100
,,,,,,,,3407,100,100,100
,,,,,,,,3408,100,100,100
,,,,,,,,3409,100,100,100
,,,,,,,,3410,100,100,100
,,,,,,,,3411,100,100,100
,,,,,,,,3412,100,100,100
,,,,,,,,3413,100,100,100
,,,,,,,,3414,100,100,100
,,,,,,,,3415,100,100,100
,,,,,,,,3416,100,100,100
,,,,,,,,3417,100,100,100
,,,,,,,,3418,100,100,100
,,,,,,,,3419,100,100,100
,,,,,,,,3420,100,100,100
,,,,,,,,3421,100,100,100
,,,,,,,,3422,100,100,100
,,,,,,,,3423,100,100,100
,,,,,,,,3424,100,100,100
,,,,,,,,3425,100,100,100
,,,,,,,,3426,100,100,100
,,,,,,,,3427,100,100,100
,,,,,,,,3428,100,100,100
,,,,,,,,3429,100,100,100
,,,,,,,,3430,100,100,100
,,,,,,,,3431,100,100,100
,,,,,,,,3432,100,100,100
,,,,,,,,3433,100,100,100
,,,,,,,,3434,100,100,100
,,,,,,,,3435,100,100,100
,,,,,,,,3436,100,100,100
,,,,,,,,3437,100,100,100
,,,,,,,,3438,100,100,100
,,,,,,,,3439,100,100,100
,,,,,,,,3440,100,100,100
,,,,,,,,3441,100,100,100
,,,,,,,,3442,100,100,100
,,,,,,,,3443,100,100,100
,,,,,,,,3444,100,100,100
,,,,,,,,3445,100,100,100
,,,,,,,,3446,100,100,100
,,,,,,,,3447,100,100,100
,,,,,,,,3448,100,100,100
,,,,,,,,3449,100,100,100
,,,,,,,,3450,100,100,100
,,,,,,,,3451,100,100,100
,,,,,,,,3452,100,100,100
,,,,,,,,3453,100,100,100
,,,,,,,,3454,100,100,100
,,,,,,,,3455,100,100,100
,,,,,,,,3456,100,100,100
,,,,,,,,3457,100,100,100
,,,,,,,,3458,100,100,100
,,,,,,,,3459,100,100,100
,,,,,,,,3460,100,100,100
,,,,,,,,3461,100,100,100
,,,,,,,,3462,100,100,100
,,,,,,,,3463,100,100,100
,,,,,,,,3464,100,100,100
,,,,,,,,3465,100,100,100
,,,,,,,,3466,100,100,100
,,,,,,,,3467,100,100,100
,,,,,,,,3468,100,100,100
,,,,,,,,3469,100,100,100
,,,,,,,,3470,100,100,100
,,,,,,,,3471,100,100,100
,,,,,,,,3472,100,100,100
,,,,,,,,3473,100,100,100
,,,,,,,,3474,100,100,100
,,,,,,,,3475,100,100,100
,,,,,,,,3476,100,100,100
,,,,,,,,3477,100,100,100
,,,,,,,,3478,100,100,100
,,,,,,,,3479,100,100,100
,,,,,,,,3480,100,100,100
,,,,,,,,3481,100,100,100
,,,,,,,,3482,100,100,100
,,,,,,,,3483,100,100,100
,,,,,,,,3484,100,100,100
,,,,,,,,3485,100,100,100
,,,,,,,,3486,100,100,100
,,,,,,,,3487,100,100,100
,,,,,,,,3488,100,100,100
,,,,,,,,3489,100,100,100
,,,,,,,,3490,100,100,100
,,,,,,,,3491,100,100,100
,,,,,,,,3492,100,100,100
,,,,,,,,3493,100,100,100
,,,,,,,,3494,100,100,100
,,,,,,,,3495,100,100,100
,,,,,,,,3496,100,100,100
,,,,,,,,3497,100,100,100
,,,,,,,,3498,100,100,100
,,,,,,,,3499,100,100,100
,,,,,,,,3500,100,100,100
,,,,,,,,3501,100,100,100
,,,,,,,,3502,100,100,100
,,,,,,,,3503,100,100,100
,,,,,,,,3504,100,100,100
,,,,,,,,3505,100,100,100
,,,,,,,,3506,100,100,100
,,,,,,,,3507,100,100,100
,,,,,,,,3508,100,100,100
,,,,,,,,3509,100,100,100
,,,,,,,,3510,100,100,100
,,,,,,,,3511,100,100,100
,,,,,,,,3512,100,100,100
,,,,,,,,3513,100,100,100
,,,,,,,,3514,100,100,100
,,,,,,,,3515,100,100,100
,,,,,,,,3516,100,100,100
,,,,,,,,3517,100,100,100
,,,,,,,,3518,100,100,100
,,,,,,,,3519,100,100,100
,,,,,,,,3520,100,100,100
,,,,,,,,3521,100,100,100
,,,,,,,,3522,100,100,100
,,,,,,,,3523,100,100,100
,,,,,,,,3524,100,100,100
,,,,,,,,3525,100,100,100
,,,,,,,,3526,100,100,100
,,,,,,,,3527,100,100,100
,,,,,,,,3528,100,100,100
,,,,,,,,3529,100,100,100
,,,,,,,,3530,100,100,100
,,,,,,,,3531,100,100,100
,,,,,,,,3532,100,100,100
,,,,,,,,3533,100,100,100
,,,,,,,,3534,100,100,100
,,,,,,,,3535,100,100,100
,,,,,,,,3536,100,100,100
,,,,,,,,3537,100,100,100
,,,,,,,,3538,100,100,100
,,,,,,,,3539,100,100,100
,,,,,,,,3540,100,100,100
,,,,,,,,3541,100,100,100
,,,,,,,,3542,100,100,100
,,,,,,,,3543,100,100,100
,,,,,,,,3544,100,100,100
,,,,,,,,3545,100,100,100
,,,,,,,,3546,100,100,100
,,,,,,,,3547,100,100,100
,,,,,,,,3548,100,100,100
,,,,,,,,3549,100,100,100
,,,,,,,,3550,100,100,100
,,,,,,,,3551,100,100,100
,,,,,,,,3552,100,100,100
,,,,,,,,3553,100,100,100
,,,,,,,,3554,100,100,100
,,,,,,,,3555,100,100,100
,,,,,,,,3556,100,100,100
,,,,,,,,3557,100,100,100
,,,,,,,,3558,100,100,100
,,,,,,,,3559,100,100,100
,,,,,,,,3560,100,100,100
,,,,,,,,3561,100,100,100
,,,,,,,,3562,100,100,100
,,,,,,,,3563,100,100,100
,,,,,,,,3564,100,100,100
,,,,,,,,3565,100,100,100
,,,,,,,,3566,100,100,100
,,,,,,,,3567,100,100,100
,,,,,,,,3568,100,100,100
,,,,,,,,3569,100,100,100
,,,,,,,,3570,100,100,100
,,,,,,,,3571,100,100,100
,,,,,,,,3572,100,100,100
,,,,,,,,3573,100,100,100
,,,,,,,,3574,100,100,100
,,,,,,,,3575,100,100,100
,,,,,,,,3576,100,100,100
,,,,,,,,3577,100,100,100
,,,,,,,,3578,100,100,100
,,,,,,,,3579,100,100,100
,,,,,,,,3580,100,100,100
,,,,,,,,3581,100,100,100
,,,,,,,,3582,100,100,100
,,,,,,,,3583,100,100,100
,,,,,,,,3584,100,100,100
,,,,,,,,3585,100,100,100
,,,,,,,,3586,100,100,100
,,,,,,,,3587,100,100,100
,,,,,,,,3588,100,100,100
,,,,,,,,3589,100,100,100
,,,,,,,,3590,100,100,100
,,,,,,,,3591,100,100,100
,,,,,,,,3592,100,100,100
,,,,,,,,3593,100,100,100
,,,,,,,,3594,100,100,100
,,,,,,,,3595,100,100,100
,,,,,,,,3596,100,100,100
,,,,,,,,3597,100,100,100
,,,,,,,,3598,100,100,100
,,,,,,,,3599,100,100,100
,,,,,,,,3600,100,100,100
,,,,,,,,3601,100,100,100
,,,,,,,,3602,100,100,100
,,,,,,,,3603,100,100,100
,,,,,,,,3604,100,100,100
,,,,,,,,3605,100,100,100
,,,,,,,,3606,100,100,100
,,,,,,,,3607,100,100,100
,,,,,,,,3608,100,100,100
,,,,,,,,3609,100,100,100
,,,,,,,,3610,100,100,100
,,,,,,,,3611,100,100,100
,,,,,,,,3612,100,100,100
,,,,,,,,3613,100,100,100
,,,,,,,,3614,100,100,100
,,,,,,,,3615,100,100,100
,,,,,,,,3616,100,100,100
,,,,,,,,3617,100,100,100
,,,,,,,,3618,100,100,100
,,,,,,,,3619,100,100,100
,,,,,,,,3620,100,100,100
,,,,,,,,3621,100,100,100
,,,,,,,,3622,100,100,100
,,,,,,,,3623,100,100,100
,,,,,,,,3624,100,100,100
,,,,,,,,3625,100,100,100
,,,,,,,,3626,100,100,100
,,,,,,,,3627,100,100,100
,,,,,,,,3628,100,100,100
,,,,,,,,3629,100,100,100
,,,,,,,,3630,100,100,100
,,,,,,,,3631,100,100,100
,,,,,,,,3632,100,100,100
,,,,,,,,3633,100,100,100
,,,,,,,,3634,100,100,100
,,,,,,,,3635,100,100,100
,,,,,,,,3636,100,100,100
,,,,,,,,3637,100,100,100
,,,,,,,,3638,100,100,100
,,,,,,,,3639,100,100,100
,,,,,,,,3640,100,100,100
,,,,,,,,3641,100,100,100
,,,,,,,,3642,100,100,100
,,,,,,,,3643,100,100,100
,,,,,,,,3644,100,100,100
,,,,,,,,3645,100,100,100
,,,,,,,,3646,100,100,100
,,,,,,,,3647,100,100,100
,,,,,,,,3648,100,100,100
,,,,,,,,3649,100,100,100
,,,,,,,,3650,100,100,100
,,,,,,,,3651,100,100,100
,,,,,,,,3652,100,100,100
,,,,,,,,3653,100,100,100
,,,,,,,,3654,100,100,100
,,,,,,,,3655,100,100,100
,,,,,,,,3656,100,100,100
,,,,,,,,3657,100,100,100
,,,,,,,,3658,100,100,100
,,,,,,,,3659,100,100,100
,,,,,,,,3660,100,100,100
,,,,,,,,3661,100,100,100
,,,,,,,,3662,100,100,100
,,,,,,,,3663,100,100,100
,,,,,,,,3664,100,100,100
,,,,,,,,3665,100,100,100
,,,,,,,,3666,100,100,100
,,,,,,,,3667,100,100,100
,,,,,,,,3668,100,100,100
,,,,,,,,3669,100,100,100
,,,,,,,,3670,100,100,100
,,,,,,,,3671,100,100,100
,,,,,,,,3672,100,100,100
,,,,,,,,3673,100,100,100
,,,,,,,,3674,100,100,100
,,,,,,,,3675,100,100,100
,,,,,,,,3676,100,100,100
,,,,,,,,3677,100,100,100
,,,,,,,,3678,100,100,100
,,,,,,,,3679,100,100,100
,,,,,,,,3680,100,100,100
,,,,,,,,3681,100,100,100
,,,,,,,,3682,100,100,100
,,,,,,,,3683,100,100,100
,,,,,,,,3684,100,100,100
,,,,,,,,3685,100,100,100
,,,,,,,,3686,100,100,100
,,,,,,,,3687,100,100,100
,,,,,,,,3688,100,100,100
,,,,,,,,3689,100,100,100
,,,,,,,,3690,100,100,100
,,,,,,,,3691,100,100,100
,,,,,,,,3692,100,100,100
,,,,,,,,3693,100,100,100
,,,,,,,,3694,100,100,100
,,,,,,,,3695,100,100,100
,,,,,,,,3696,100,100,100
,,,,,,,,3697,100,100,100
,,,,,,,,3698,100,100,100
,,,,,,,,3699,100,100,100
,,,,,,,,3700,100,100,100
,,,,,,,,3701,100,100,100
,,,,,,,,3702,100,100,100
,,,,,,,,3703,100,100,100
,,,,,,,,3704,100,100,100
,,,,,,,,3705,100,100,100
,,,,,,,,3706,100,100,100
,,,,,,,,3707,100,100,100
,,,,,,,,3708,100,100,100
,,,,,,,,3709,100,100,100
,,,,,,,,3710,100,100,100
,,,,,,,,3711,100,100,100
,,,,,,,,3712,100,100,100
,,,,,,,,3713,100,100,100
,,,,,,,,3714,100,100,100
,,,,,,,,3715,100,100,100
,,,,,,,,3716,100,100,100
,,,,,,,,3717,100,100,100
,,,,,,,,3718,100,100,100
,,,,,,,,3719,100,100,100
,,,,,,,,3720,100,100,100
,,,,,,,,3721,100,100,100
,,,,,,,,3722,100,100,100
,,,,,,,,3723,100,100,100
,,,,,,,,3724,100,100,100
,,,,,,,,3725,100,100,100
,,,,,,,,3726,100,100,100
,,,,,,,,3727,100,100,100
,,,,,,,,3728,100,100,100
,,,,,,,,3729,100,100,100
,,,,,,,,3730,100,100,100
,,,,,,,,3731,100,100,100
,,,,,,,,3732,100,100,100
,,,,,,,,3733,100,100,100
,,,,,,,,3734,100,100,100
,,,,,,,,3735,100,100,100
,,,,,,,,3736,100,100,100
,,,,,,,,3737,100,100,100
,,,,,,,,3738,100,100,100
,,,,,,,,3739,100,100,100
,,,,,,,,3740,100,100,100
,,,,,,,,3741,100,100,100
,,,,,,,,3742,100,100,100
,,,,,,,,3743,100,100,100
,,,,,,,,3744,100,100,100
,,,,,,,,3745,100,100,100
,,,,,,,,3746,100,100,100
,,,,,,,,3747,100,100,100
,,,,,,,,3748,100,100,100
,,,,,,,,3749,100,100,100
,,,,,,,,3750,100,100,100
,,,,,,,,3751,100,100,100
,,,,,,,,3752,100,100,100
,,,,,,,,3753,100,100,100
,,,,,,,,3754,100,100,100
,,,,,,,,3755,100,100,100
,,,,,,,,3756,100,100,100
,,,,,,,,3757,100,100,100
,,,,,,,,3758,100,100,100
,,,,,,,,3759,100,100,100
,,,,,,,,3760,100,100,100
,,,,,,,,3761,100,100,100
,,,,,,,,3762,100,100,100
,,,,,,,,3763,100,100,100
,,,,,,,,3764,100,100,100
,,,,,,,,3765,100,100,100
,,,,,,,,3766,100,100,100
,,,,,,,,3767,100,100,100
,,,,,,,,3768,100,100,100
,,,,,,,,3769,100,100,100
,,,,,,,,3770,100,100,100
,,,,,,,,3771,100,100,100
,,,,,,,,3772,100,100,100
,,,,,,,,3773,100,100,100
,,,,,,,,3774,100,100,100
,,,,,,,,3775,100,100,100
,,,,,,,,3776,100,100,100
,,,,,,,,3777,100,100,100
,,,,,,,,3778,100,100,100
,,,,,,,,3779,100,100,100
,,,,,,,,3780,100,100,100
,,,,,,,,3781,100,100,100
,,,,,,,,3782,100,100,100
,,,,,,,,3783,100,100,100
,,,,,,,,3784,100,100,100
,,,,,,,,3785,100,100,100
,,,,,,,,3786,100,100,100
,,,,,,,,3787,100,100,100
,,,,,,,,3788,100,100,100
,,,,,,,,3789,100,100,100
,,,,,,,,3790,100,100,100
,,,,,,,,3791,100,100,100
,,,,,,,,3792,100,100,100
,,,,,,,,3793,100,100,100
,,,,,,,,3794,100,100,100
,,,,,,,,3795,100,100,100
,,,,,,,,3796,100,100,100
,,,,,,,,3797,100,100,100
,,,,,,,,3798,100,100,100
,,,,,,,,3799,100,100,100
,,,,,,,,3800,100,100,100
,,,,,,,,3801,100,100,100
,,,,,,,,3802,100,100,100
,,,,,,,,3803,100,100,100
,,,,,,,,3804,100,100,100
,,,,,,,,3805,100,100,100
,,,,,,,,3806,100,100,100
,,,,,,,,3807,100,100,100
,,,,,,,,3808,100,100,100
,,,,,,,,3809,100,100,100
,,,,,,,,3810,100,100,100
,,,,,,,,3811,100,100,100
,,,,,,,,3812,100,100,100
,,,,,,,,3813,100,100,100
,,,,,,,,3814,100,100,100
,,,,,,,,3815,100,100,100
,,,,,,,,3816,100,100,100
,,,,,,,,3817,100,100,100
,,,,,,,,3818,100,100,100
,,,,,,,,3819,100,100,100
,,,,,,,,3820,100,100,100
,,,,,,,,3821,100,100,100
,,,,,,,,3822,100,100,100
,,,,,,,,3823,100,100,100
,,,,,,,,3824,100,100,100
,,,,,,,,3825,100,100,100
,,,,,,,,3826,100,100,100
,,,,,,,,3827,100,100,100
,,,,,,,,3828,100,100,100
,,,,,,,,3829,100,100,100
,,,,,,,,3830,100,100,100
,,,,,,,,3831,100,100,100
,,,,,,,,3832,100,100,100
,,,,,,,,3833,100,100,100
,,,,,,,,3834,100,100,100
,,,,,,,,3835,100,100,100
,,,,,,,,3836,100,100,100
,,,,,,,,3837,100,100,100
,,,,,,,,3838,100,100,100
,,,,,,,,3839,100,100,100
,,,,,,,,3840,100,100,100
,,,,,,,,3841,100,100,100
,,,,,,,,3842,100,100,100
,,,,,,,,3843,100,100,100
,,,,,,,,3844,100,100,100
,,,,,,,,3845,100,100,100
,,,,,,,,3846,100,100,100
,,,,,,,,3847,100,100,100
,,,,,,,,3848,100,100,100
,,,,,,,,3849,100,100,100
,,,,,,,,3850,100,100,100
,,,,,,,,3851,100,100,100
,,,,,,,,3852,100,100,100
,,,,,,,,3853,100,100,100
,,,,,,,,3854,100,100,100
,,,,,,,,3855,100,100,100
,,,,,,,,3856,100,100,100
,,,,,,,,3857,100,100,100
,,,,,,,,3858,100,100,100
,,,,,,,,3859,100,100,100
,,,,,,,,3860,100,100,100
,,,,,,,,3861,100,100,100
,,,,,,,,3862,100,100,100
,,,,,,,,3863,100,100,100
,,,,,,,,3864,100,100,100
,,,,,,,,3865,100,100,100
,,,,,,,,3866,100,100,100
,,,,,,,,3867,100,100,100
,,,,,,,,3868,100,100,100
,,,,,,,,3869,100,100,100
,,,,,,,,3870,100,100,100
,,,,,,,,3871,100,100,100
,,,,,,,,3872,100,100,100
,,,,,,,,3873,100,100,100
,,,,,,,,3874,100,100,100
,,,,,,,,3875,100,100,100
,,,,,,,,3876,100,100,100
,,,,,,,,3877,100,100,100
,,,,,,,,3878,100,100,100
,,,,,,,,3879,100,100,100
,,,,,,,,3880,100,100,100
,,,,,,,,3881,100,100,100
,,,,,,,,3882,100,100,100
,,,,,,,,3883,100,100,100
,,,,,,,,3884,100,100,100
,,,,,,,,3885,100,100,100
,,,,,,,,3886,100,100,100
,,,,,,,,3887,100,100,100
,,,,,,,,3888,100,100,100
,,,,,,,,3889,100,100,100
,,,,,,,,3890,100,100,100
,,,,,,,,3891,100,100,100
,,,,,,,,3892,100,100,100
,,,,,,,,3893,100,100,100
,,,,,,,,3894,100,100,100
,,,,,,,,3895,100,100,100
,,,,,,,,3896,100,100,100
,,,,,,,,3897,100,100,100
,,,,,,,,3898,100,100,100
,,,,,,,,3899,100,100,100
,,,,,,,,3900,100,100,100
,,,,,,,,3901,100,100,100
,,,,,,,,3902,100,100,100
,,,,,,,,3903,100,100,100
,,,,,,,,3904,100,100,100
,,,,,,,,3905,100,100,100
,,,,,,,,3906,100,100,100
,,,,,,,,3907,100,100,100
,,,,,,,,3908,100,100,100
,,,,,,,,3909,100,100,100
,,,,,,,,3910,100,100,100
,,,,,,,,3911,100,100,100
,,,,,,,,3912,100,100,100
,,,,,,,,3913,100,100,100
,,,,,,,,3914,100,100,100
,,,,,,,,3915,100,100,100
,,,,,,,,3916,100,100,100
,,,,,,,,3917,100,100,100
,,,,,,,,3918,100,100,100
,,,,,,,,3919,100,100,100
,,,,,,,,3920,100,100,100
,,,,,,,,3921,100,100,100
,,,,,,,,3922,100,100,100
,,,,,,,,3923,100,100,100
,,,,,,,,3924,100,100,100
,,,,,,,,3925,100,100,100
,,,,,,,,3926,100,100,100
,,,,,,,,3927,100,100,100
,,,,,,,,3928,100,100,100
,,,,,,,,3929,100,100,100
,,,,,,,,3930,100,100,100
,,,,,,,,3931,100,100,100
,,,,,,,,3932,100,100,100
,,,,,,,,3933,100,100,100
,,,,,,,,3934,100,100,100
,,,,,,,,3935,100,100,100
,,,,,,,,3936,100,100,100
,,,,,,,,3937,100,100,100
,,,,,,,,3938,100,100,100
,,,,,,,,3939,100,100,100
,,,,,,,,3940,100,100,100
,,,,,,,,3941,100,100,100
,,,,,,,,3942,100,100,100
,,,,,,,,3943,100,100,100
,,,,,,,,3944,100,100,100
,,,,,,,,3945,100,100,100
,,,,,,,,3946,100,100,100
,,,,,,,,3947,100,100,100
,,,,,,,,3948,100,100,100
,,,,,,,,3949,100,100,100
,,,,,,,,3950,100,100,100
,,,,,,,,3951,100,100,100
,,,,,,,,3952,100,100,100
,,,,,,,,3953,100,100,100
,,,,,,,,3954,100,100,100
,,,,,,,,3955,100,100,100
,,,,,,,,3956,100,100,100
,,,,,,,,3957,100,100,100
,,,,,,,,3958,100,100,100
,,,,,,,,3959,100,100,100
,,,,,,,,3960,100,100,100
,,,,,,,,3961,100,100,100
,,,,,,,,3962,100,100,100
,,,,,,,,3963,100,100,100
,,,,,,,,3964,100,100,100
,,,,,,,,3965,100,100,100
,,,,,,,,3966,100,100,100
,,,,,,,,3967,100,100,100
,,,,,,,,3968,100,100,100
,,,,,,,,3969,100,100,100
,,,,,,,,3970,100,100,100
,,,,,,,,3971,100,100,100
,,,,,,,,3972,100,100,100
,,,,,,,,3973,100,100,100
,,,,,,,,3974,100,100,100
,,,,,,,,3975,100,100,100
,,,,,,,,3976,100,100,100
,,,,,,,,3977,100,100,100
,,,,,,,,3978,100,100,100
,,,,,,,,3979,100,100,100
,,,,,,,,3980,100,100,100
,,,,,,,,3981,100,100,100
,,,,,,,,3982,100,100,100
,,,,,,,,3983,100,100,100
,,,,,,,,3984,100,100,100
,,,,,,,,3985,100,100,100
,,,,,,,,3986,100,100,100
,,,,,,,,3987,100,100,100
,,,,,,,,3988,100,100,100
,,,,,,,,3989,100,100,100
,,,,,,,,3990,100,100,100
,,,,,,,,3991,100,100,100
,,,,,,,,3992,100,100,100
,,,,,,,,3993,100,100,100
,,,,,,,,3994,100,100,100
,,,,,,,,3995,100,100,100
,,,,,,,,3996,100,100,100
,,,,,,,,3997,100,100,100
,,,,,,,,3998,100,100,100
,,,,,,,,3999,100,100,100
,,,,,,,,4000,100,100,100
,,,,,,,,4001,100,100,100
,,,,,,,,4002,100,100,100
,,,,,,,,4003,100,100,100
,,,,,,,,4004,100,100,100
,,,,,,,,4005,100,100,100
,,,,,,,,4006,100,100,100
,,,,,,,,4007,100,100,100
,,,,,,,,4008,100,100,100
,,,,,,,,4009,100,100,100
,,,,,,,,4010,100,100,100
,,,,,,,,4011,100,100,100
,,,,,,,,4012,100,100,100
,,,,,,,,4013,100,100,100
,,,,,,,,4014,100,100,100
,,,,,,,,4015,100,100,100
,,,,,,,,4016,100,100,100
,,,,,,,,4017,100,100,100
,,,,,,,,4018,100,100,100
,,,,,,,,4019,100,100,100
,,,,,,,,4020,100,100,100
,,,,,,,,4021,100,100,100
,,,,,,,,4022,100,100,100
,,,,,,,,4023,100,100,100
,,,,,,,,4024,100,100,100
,,,,,,,,4025,100,100,100
,,,,,,,,4026,100,100,100
,,,,,,,,4027,100,100,100
,,,,,,,,4028,100,100,100
,,,,,,,,4029,100,100,100
,,,,,,,,4030,100,100,100
,,,,,,,,4031,100,100,100
,,,,,,,,4032,100,100,100
,,,,,,,,4033,100,100,100
,,,,,,,,4034,100,100,100
,,,,,,,,4035,100,100,100
,,,,,,,,4036,100,100,100
,,,,,,,,4037,100,100,100
,,,,,,,,4038,100,100,100
,,,,,,,,4039,100,100,100
,,,,,,,,4040,100,100,100
,,,,,,,,4041,100,100,100
,,,,,,,,4042,100,100,100
,,,,,,,,4043,100,100,100
,,,,,,,,4044,100,100,100
,,,,,,,,4045,100,100,100
,,,,,,,,4046,100,100,100
,,,,,,,,4047,100,100,100
,,,,,,,,4048,100,100,100
,,,,,,,,4049,100,100,100
,,,,,,,,4050,100,100,100
,,,,,,,,4051,100,100,100
,,,,,,,,4052,100,100,100
,,,,,,,,4053,100,100,100
,,,,,,,,4054,100,100,100
,,,,,,,,4055,100,100,100
,,,,,,,,4056,100,100,100
,,,,,,,,4057,100,100,100
,,,,,,,,4058,100,100,100
,,,,,,,,4059,100,100,100
,,,,,,,,4060,100,100,100
,,,,,,,,4061,100,100,100
,,,,,,,,4062,100,100,100
,,,,,,,,4063,100,100,100
,,,,,,,,4064,100,100,100
,,,,,,,,4065,100,100,100
,,,,,,,,4066,100,100,100
,,,,,,,,4067,100,100,100
,,,,,,,,4068,100,100,100
,,,,,,,,4069,100,100,100
,,,,,,,,4070,100,100,100
,,,,,,,,4071,100,100,100
,,,,,,,,4072,100,100,100
,,,,,,,,4073,100,100,100
,,,,,,,,4074,100,100,100
,,,,,,,,4075,100,100,100
,,,,,,,,4076,100,100,100
,,,,,,,,4077,100,100,100
,,,,,,,,4078,100,100,100
,,,,,,,,4079,100,100,100
,,,,,,,,4080,100,100,100
,,,,,,,,4081,100,100,100
,,,,,,,,4082,100,100,100
,,,,,,,,4083,100,100,100
,,,,,,,,4084,100,100,100
,,,,,,,,4085,100,100,100
,,,,,,,,4086,100,100,100
,,,,,,,,4087,100,100,100
,,,,,,,,4088,100,100,100
,,,,,,,,4089,100,100,100
,,,,,,,,4090,100,100,100
,,,,,,,,4091,100,100,100
,,,,,,,,4092,100,100,100
,,,,,,,,4093,100,100,100
,,,,,,,,4094,100,100,100
,,,,,,,,4095,100,100,100
,,,,,,,,4096,100,100,100
,,,,,,,,4097,100,100,100
,,,,,,,,4098,100,100,100
,,,,,,,,4099,100,100,100
,,,,,,,,4100,100,100,100
,,,,,,,,4101,100,100,100
,,,,,,,,4102,100,100,100
,,,,,,,,4103,100,100,100
,,,,,,,,4104,100,100,100
,,,,,,,,4105,100,100,100
,,,,,,,,4106,100,100,100
,,,,,,,,4107,100,100,100
,,,,,,,,4108,100,100,100
,,,,,,,,4109,100,100,100
,,,,,,,,4110,100,100,100
,,,,,,,,4111,100,100,100
,,,,,,,,4112,100,100,100
,,,,,,,,4113,100,100,100
,,,,,,,,4114,100,100,100
,,,,,,,,4115,100,100,100
,,,,,,,,4116,100,100,100
,,,,,,,,4117,100,100,100
,,,,,,,,4118,100,100,100
,,,,,,,,4119,100,100,100
,,,,,,,,4120,100,100,100
,,,,,,,,4121,100,100,100
,,,,,,,,4122,100,100,100
,,,,,,,,4123,100,100,100
,,,,,,,,4124,100,100,100
,,,,,,,,4125,100,100,100
,,,,,,,,4126,100,100,100
,,,,,,,,4127,100,100,100
,,,,,,,,4128,100,100,100
,,,,,,,,4129,100,100,100
,,,,,,,,4130,100,100,100
,,,,,,,,4131,100,100,100
,,,,,,,,4132,100,100,100
,,,,,,,,4133,100,100,100
,,,,,,,,4134,100,100,100
,,,,,,,,4135,100,100,100
,,,,,,,,4136,100,100,100
,,,,,,,,4137,100,100,100
,,,,,,,,4138,100,100,100
,,,,,,,,4139,100,100,100
,,,,,,,,4140,100,100,100
,,,,,,,,4141,100,100,100
,,,,,,,,4142,100,100,100
,,,,,,,,4143,100,100,100
,,,,,,,,4144,100,100,100
,,,,,,,,4145,100,100,100
,,,,,,,,4146,100,100,100
,,,,,,,,4147,100,100,100
,,,,,,,,4148,100,100,100
,,,,,,,,4149,100,100,100
,,,,,,,,4150,100,100,100
,,,,,,,,4151,100,100,100
,,,,,,,,4152,100,100,100
,,,,,,,,4153,100,100,100
,,,,,,,,4154,100,100,100
,,,,,,,,4155,100,100,100
,,,,,,,,4156,100,100,100
,,,,,,,,4157,100,100,100
,,,,,,,,4158,100,100,100
,,,,,,,,4159,100,100,100
,,,,,,,,4160,100,100,100
,,,,,,,,4161,100,100,100
,,,,,,,,4162,100,100,100
,,,,,,,,4163,100,100,100
,,,,,,,,4164,100,100,100
,,,,,,,,4165,100,100,100
,,,,,,,,4166,100,100,100
,,,,,,,,4167,100,100,100
,,,,,,,,4168,100,100,100
,,,,,,,,4169,100,100,100
,,,,,,,,4170,100,100,100
,,,,,,,,4171,100,100,100
,,,,,,,,4172,100,100,100
,,,,,,,,4173,100,100,100
,,,,,,,,4174,100,100,100
,,,,,,,,4175,100,100,100
,,,,,,,,4176,100,100,100
,,,,,,,,4177,100,100,100
,,,,,,,,4178,100,100,100
,,,,,,,,4179,100,100,100
,,,,,,,,4180,100,100,100
,,,,,,,,4181,100,100,100
,,,,,,,,4182,100,100,100
,,,,,,,,4183,100,100,100
,,,,,,,,4184,100,100,100
,,,,,,,,4185,100,100,100
,,,,,,,,4186,100,100,100
,,,,,,,,4187,100,100,100
,,,,,,,,4188,100,100,100
,,,,,,,,4189,100,100,100
,,,,,,,,4190,100,100,100
,,,,,,,,4191,100,100,100
,,,,,,,,4192,100,100,100
,,,,,,,,4193,100,100,100
,,,,,,,,4194,100,100,100
,,,,,,,,4195,100,100,100
,,,,,,,,4196,100,100,100
,,,,,,,,4197,100,100,100
,,,,,,,,4198,100,100,100
,,,,,,,,4199,100,100,100
,,,,,,,,4200,100,100,100
,,,,,,,,4201,100,100,100
,,,,,,,,4202,100,100,100
,,,,,,,,4203,100,100,100
,,,,,,,,4204,100,100,100
,,,,,,,,4205,100,100,100
,,,,,,,,4206,100,100,100
,,,,,,,,4207,100,100,100
,,,,,,,,4208,100,100,100
,,,,,,,,4209,100,100,100
,,,,,,,,4210,100,100,100
,,,,,,,,4211,100,100,100
,,,,,,,,4212,100,100,100
,,,,,,,,4213,100,100,100
,,,,,,,,4214,100,100,100
,,,,,,,,4215,100,100,100
,,,,,,,,4216,100,100,100
,,,,,,,,4217,100,100,100
,,,,,,,,4218,100,100,100
,,,,,,,,4219,100,100,100
,,,,,,,,4220,100,100,100
,,,,,,,,4221,100,100,100
,,,,,,,,4222,100,100,100
,,,,,,,,4223,100,100,100
,,,,,,,,4224,100,100,100
,,,,,,,,4225,100,100,100
,,,,,,,,4226,100,100,100
,,,,,,,,4227,100,100,100
,,,,,,,,4228,100,100,100
,,,,,,,,4229,100,100,100
,,,,,,,,4230,100,100,100
,,,,,,,,4231,100,100,100
,,,,,,,,4232,100,100,100
,,,,,,,,4233,100,100,100
,,,,,,,,4234,100,100,100
,,,,,,,,4235,100,100,100
,,,,,,,,4236,100,100,100
,,,,,,,,4237,100,100,100
,,,,,,,,4238,100,100,100
,,,,,,,,4239,100,100,100
,,,,,,,,4240,100,100,100
,,,,,,,,4241,100,100,100
,,,,,,,,4242,100,100,100
,,,,,,,,4243,100,100,100
,,,,,,,,4244,100,100,100
,,,,,,,,4245,100,100,100
,,,,,,,,4246,100,100,100
,,,,,,,,4247,100,100,100
,,,,,,,,4248,100,100,100
,,,,,,,,4249,100,100,100
,,,,,,,,4250,100,100,100
,,,,,,,,4251,100,100,100
,,,,,,,,4252,100,100,100
,,,,,,,,4253,100,100,100
,,,,,,,,4254,100,100,100
,,,,,,,,4255,100,100,100
,,,,,,,,4256,100,100,100
,,,,,,,,4257,100,100,100
,,,,,,,,4258,100,100,100
,,,,,,,,4259,100,100,100
,,,,,,,,4260,100,100,100
,,,,,,,,4261,100,100,100
,,,,,,,,4262,100,100,100
,,,,,,,,4263,100,100,100
,,,,,,,,4264,100,100,100
,,,,,,,,4265,100,100,100
,,,,,,,,4266,100,100,100
,,,,,,,,4267,100,100,100
,,,,,,,,4268,100,100,100
,,,,,,,,4269,100,100,100
,,,,,,,,4270,100,100,100
,,,,,,,,4271,100,100,100
,,,,,,,,4272,100,100,100
,,,,,,,,4273,100,100,100
,,,,,,,,4274,100,100,100
,,,,,,,,4275,100,100,100
,,,,,,,,4276,100,100,100
,,,,,,,,4277,100,100,100
,,,,,,,,4278,100,100,100
,,,,,,,,4279,100,100,100
,,,,,,,,4280,100,100,100
,,,,,,,,4281,100,100,100
,,,,,,,,4282,100,100,100
,,,,,,,,4283,100,100,100
,,,,,,,,4284,100,100,100
,,,,,,,,4285,100,100,100
,,,,,,,,4286,100,100,100
,,,,,,,,4287,100,100,100
,,,,,,,,4288,100,100,100
,,,,,,,,4289,100,100,100
,,,,,,,,4290,100,100,100
,,,,,,,,4291,100,100,100
,,,,,,,,4292,100,100,100
,,,,,,,,4293,100,100,100
,,,,,,,,4294,100,100,100
,,,,,,,,4295,100,100,100
,,,,,,,,4296,100,100,100
,,,,,,,,4297,100,100,100
,,,,,,,,4298,100,100,100
,,,,,,,,4299,100,100,100
,,,,,,,,4300,100,100,100
,,,,,,,,4301,100,100,100
,,,,,,,,4302,100,100,100
,,,,,,,,4303,100,100,100
,,,,,,,,4304,100,100,100
,,,,,,,,4305,100,100,100
,,,,,,,,4306,100,100,100
,,,,,,,,4307,100,100,100
,,,,,,,,4308,100,100,100
,,,,,,,,4309,100,100,100
,,,,,,,,4310,100,100,100
,,,,,,,,4311,100,100,100
,,,,,,,,4312,100,100,100
,,,,,,,,4313,100,100,100
,,,,,,,,4314,100,100,100
,,,,,,,,4315,100,100,100
,,,,,,,,4316,100,100,100
,,,,,,,,4317,100,100,100
,,,,,,,,4318,100,100,100
,,,,,,,,4319,100,100,100
,,,,,,,,4320,100,100,100
,,,,,,,,4321,100,100,100
,,,,,,,,4322,100,100,100
,,,,,,,,4323,100,100,100
,,,,,,,,4324,100,100,100
,,,,,,,,4325,100,100,100
,,,,,,,,4326,100,100,100
,,,,,,,,4327,100,100,100
,,,,,,,,4328,100,100,100
,,,,,,,,4329,100,100,100
,,,,,,,,4330,100,100,100
,,,,,,,,4331,100,100,100
,,,,,,,,4332,100,100,100
,,,,,,,,4333,100,100,100
,,,,,,,,4334,100,100,100
,,,,,,,,4335,100,100,100
,,,,,,,,4336,100,100,100
,,,,,,,,4337,100,100,100
,,,,,,,,4338,100,100,100
,,,,,,,,4339,100,100,100
,,,,,,,,4340,100,100,100
,,,,,,,,4341,100,100,100
,,,,,,,,4342,100,100,100
,,,,,,,,4343,100,100,100
,,,,,,,,4344,100,100,100
,,,,,,,,4345,100,100,100
,,,,,,,,4346,100,100,100
,,,,,,,,4347,100,100,100
,,,,,,,,4348,100,100,100
,,,,,,,,4349,100,100,100
,,,,,,,,4350,100,100,100
,,,,,,,,4351,100,100,100
,,,,,,,,4352,100,100,100
,,,,,,,,4353,100,100,100
,,,,,,,,4354,100,100,100
,,,,,,,,4355,100,100,100
,,,,,,,,4356,100,100,100
,,,,,,,,4357,100,100,100
,,,,,,,,4358,100,100,100
,,,,,,,,4359,100,100,100
,,,,,,,,4360,100,100,100
,,,,,,,,4361,100,100,100
,,,,,,,,4362,100,100,100
,,,,,,,,4363,100,100,100
,,,,,,,,4364,100,100,100
,,,,,,,,4365,100,100,100
,,,,,,,,4366,100,100,100
,,,,,,,,4367,100,100,100
,,,,,,,,4368,100,100,100
,,,,,,,,4369,100,100,100
,,,,,,,,4370,100,100,100
,,,,,,,,4371,100,100,100
,,,,,,,,4372,100,100,100
,,,,,,,,4373,100,100,100
,,,,,,,,4374,100,100,100
,,,,,,,,4375,100,100,100
,,,,,,,,4376,100,100,100
,,,,,,,,4377,100,100,100
,,,,,,,,4378,100,100,100
,,,,,,,,4379,100,100,100
,,,,,,,,4380,100,100,100
,,,,,,,,4381,100,100,100
,,,,,,,,4382,100,100,100
,,,,,,,,4383,100,100,100
,,,,,,,,4384,100,100,100
,,,,,,,,4385,100,100,100
,,,,,,,,4386,100,100,100
,,,,,,,,4387,100,100,100
,,,,,,,,4388,100,100,100
,,,,,,,,4389,100,100,100
,,,,,,,,4390,100,100,100
,,,,,,,,4391,100,100,100
,,,,,,,,4392,100,100,100
,,,,,,,,4393,100,100,100
,,,,,,,,4394,100,100,100
,,,,,,,,4395,100,100,100
,,,,,,,,4396,100,100,100
,,,,,,,,4397,100,100,100
,,,,,,,,4398,100,100,100
,,,,,,,,4399,100,100,100
,,,,,,,,4400,100,100,100
,,,,,,,,4401,100,100,100
,,,,,,,,4402,100,100,100
,,,,,,,,4403,100,100,100
,,,,,,,,4404,100,100,100
,,,,,,,,4405,100,100,100
,,,,,,,,4406,100,100,100
,,,,,,,,4407,100,100,100
,,,,,,,,4408,100,100,100
,,,,,,,,4409,100,100,100
,,,,,,,,4410,100,100,100
,,,,,,,,4411,100,100,100
,,,,,,,,4412,100,100,100
,,,,,,,,4413,100,100,100
,,,,,,,,4414,100,100,100
,,,,,,,,4415,100,100,100
,,,,,,,,4416,100,100,100
,,,,,,,,4417,100,100,100
,,,,,,,,4418,100,100,100
,,,,,,,,4419,100,100,100
,,,,,,,,4420,100,100,100
,,,,,,,,4421,100,100,100
,,,,,,,,4422,100,100,100
,,,,,,,,4423,100,100,100
,,,,,,,,4424,100,100,100
,,,,,,,,4425,100,100,100
,,,,,,,,4426,100,100,100
,,,,,,,,4427,100,100,100
,,,,,,,,4428,100,100,100
,,,,,,,,4429,100,100,100
,,,,,,,,4430,100,100,100
,,,,,,,,4431,100,100,100
,,,,,,,,4432,100,100,100
,,,,,,,,4433,100,100,100
,,,,,,,,4434,100,100,100
,,,,,,,,4435,100,100,100
,,,,,,,,4436,100,100,100
,,,,,,,,4437,100,100,100
,,,,,,,,4438,100,100,100
,,,,,,,,4439,100,100,100
,,,,,,,,4440,100,100,100
,,,,,,,,4441,100,100,100
,,,,,,,,4442,100,100,100
,,,,,,,,4443,100,100,100
,,,,,,,,4444,100,100,100
,,,,,,,,4445,100,100,100
,,,,,,,,4446,100,100,100
,,,,,,,,4447,100,100,100
,,,,,,,,4448,100,100,100
,,,,,,,,4449,100,100,100
,,,,,,,,4450,100,100,100
,,,,,,,,4451,100,100,100
,,,,,,,,4452,100,100,100
,,,,,,,,4453,100,100,100
,,,,,,,,4454,100,100,100
,,,,,,,,4455,100,100,100
,,,,,,,,4456,100,100,100
,,,,,,,,4457,100,100,100
,,,,,,,,4458,100,100,100
,,,,,,,,4459,100,100,100
,,,,,,,,4460,100,100,100
,,,,,,,,4461,100,100,100
,,,,,,,,4462,100,100,100
,,,,,,,,4463,100,100,100
,,,,,,,,4464,100,100,100
,,,,,,,,4465,100,100,100
,,,,,,,,4466,100,100,100
,,,,,,,,4467,100,100,100
,,,,,,,,4468,100,100,100
,,,,,,,,4469,100,100,100
,,,,,,,,4470,100,100,100
,,,,,,,,4471,100,100,100
,,,,,,,,4472,100,100,100
,,,,,,,,4473,100,100,100
,,,,,,,,4474,100,100,100
,,,,,,,,4475,100,100,100
,,,,,,,,4476,100,100,100
,,,,,,,,4477,100,100,100
,,,,,,,,4478,100,100,100
,,,,,,,,4479,100,100,100
,,,,,,,,4480,100,100,100
,,,,,,,,4481,100,100,100
,,,,,,,,4482,100,100,100
,,,,,,,,4483,100,100,100
,,,,,,,,4484,100,100,100
,,,,,,,,4485,100,100,100
,,,,,,,,4486,100,100,100
,,,,,,,,4487,100,100,100
,,,,,,,,4488,100,100,100
,,,,,,,,4489,100,100,100
,,,,,,,,4490,100,100,100
,,,,,,,,4491,100,100,100
,,,,,,,,4492,100,100,100
,,,,,,,,4493,100,100,100
,,,,,,,,4494,100,100,100
,,,,,,,,4495,100,100,100
,,,,,,,,4496,100,100,100
,,,,,,,,4497,100,100,100
,,,,,,,,4498,100,100,100
,,,,,,,,4499,100,100,100
,,,,,,,,4500,100,100,100
,,,,,,,,4501,100,100,100
,,,,,,,,4502,100,100,100
,,,,,,,,4503,100,100,100
,,,,,,,,4504,100,100,100
,,,,,,,,4505,100,100,100
,,,,,,,,4506,100,100,100
,,,,,,,,4507,100,100,100
,,,,,,,,4508,100,100,100
,,,,,,,,4509,100,100,100
,,,,,,,,4510,100,100,100
,,,,,,,,4511,100,100,100
,,,,,,,,4512,100,100,100
,,,,,,,,4513,100,100,100
,,,,,,,,4514,100,100,100
,,,,,,,,4515,100,100,100
,,,,,,,,4516,100,100,100
,,,,,,,,4517,100,100,100
,,,,,,,,4518,100,100,100
,,,,,,,,4519,100,100,100
,,,,,,,,4520,100,100,100
,,,,,,,,4521,100,100,100
,,,,,,,,4522,100,100,100
,,,,,,,,4523,100,100,100
,,,,,,,,4524,100,100,100
,,,,,,,,4525,100,100,100
,,,,,,,,4526,100,100,100
,,,,,,,,4527,100,100,100
,,,,,,,,4528,100,100,100
,,,,,,,,4529,100,100,100
,,,,,,,,4530,100,100,100
,,,,,,,,4531,100,100,100
,,,,,,,,4532,100,100,100
,,,,,,,,4533,100,100,100
,,,,,,,,4534,100,100,100
,,,,,,,,4535,100,100,100
,,,,,,,,4536,100,100,100
,,,,,,,,4537,100,100,100
,,,,,,,,4538,100,100,100
,,,,,,,,4539,100,100,100
,,,,,,,,4540,100,100,100
,,,,,,,,4541,100,100,100
,,,,,,,,4542,100,100,100
,,,,,,,,4543,100,100,100
,,,,,,,,4544,100,100,100
,,,,,,,,4545,100,100,100
,,,,,,,,4546,100,100,100
,,,,,,,,4547,100,100,100
,,,,,,,,4548,100,100,100
,,,,,,,,4549,100,100,100
,,,,,,,,4550,100,100,100
,,,,,,,,4551,100,100,100
,,,,,,,,4552,100,100,100
,,,,,,,,4553,100,100,100
,,,,,,,,4554,100,100,100
,,,,,,,,4555,100,100,100
,,,,,,,,4556,100,100,100
,,,,,,,,4557,100,100,100
,,,,,,,,4558,100,100,100
,,,,,,,,4559,100,100,100
,,,,,,,,4560,100,100,100
,,,,,,,,4561,100,100,100
,,,,,,,,4562,100,100,100
,,,,,,,,4563,100,100,100
,,,,,,,,4564,100,100,100
,,,,,,,,4565,100,100,100
,,,,,,,,4566,100,100,100
,,,,,,,,4567,100,100,100
,,,,,,,,4568,100,100,100
,,,,,,,,4569,100,100,100
,,,,,,,,4570,100,100,100
,,,,,,,,4571,100,100,100
,,,,,,,,4572,100,100,100
,,,,,,,,4573,100,100,100
,,,,,,,,4574,100,100,100
,,,,,,,,4575,100,100,100
,,,,,,,,4576,100,100,100
,,,,,,,,4577,100,100,100
,,,,,,,,4578,100,100,100
,,,,,,,,4579,100,100,100
,,,,,,,,4580,100,100,100
,,,,,,,,4581,100,100,100
,,,,,,,,4582,100,100,100
,,,,,,,,4583,100,100,100
,,,,,,,,4584,100,100,100
,,,,,,,,4585,100,100,100
,,,,,,,,4586,100,100,100
,,,,,,,,4587,100,100,100
,,,,,,,,4588,100,100,100
,,,,,,,,4589,100,100,100
,,,,,,,,4590,100,100,100
,,,,,,,,4591,100,100,100
,,,,,,,,4592,100,100,100
,,,,,,,,4593,100,100,100
,,,,,,,,4594,100,100,100
,,,,,,,,4595,100,100,100
,,,,,,,,4596,100,100,100
,,,,,,,,4597,100,100,100
,,,,,,,,4598,100,100,100
,,,,,,,,4599,100,100,100
,,,,,,,,4600,100,100,100
,,,,,,,,4601,100,100,100
,,,,,,,,4602,100,100,100
,,,,,,,,4603,100,100,100
,,,,,,,,4604,100,100,100
,,,,,,,,4605,100,100,100
,,,,,,,,4606,100,100,100
,,,,,,,,4607,100,100,100
,,,,,,,,4608,100,100,100
,,,,,,,,4609,100,100,100
,,,,,,,,4610,100,100,100
,,,,,,,,4611,100,100,100
,,,,,,,,4612,100,100,100
,,,,,,,,4613,100,100,100
,,,,,,,,4614,100,100,100
,,,,,,,,4615,100,100,100
,,,,,,,,4616,100,100,100
,,,,,,,,4617,100,100,100
,,,,,,,,4618,100,100,100
,,,,,,,,4619,100,100,100
,,,,,,,,4620,100,100,100
,,,,,,,,4621,100,100,100
,,,,,,,,4622,100,100,100
,,,,,,,,4623,100,100,100
,,,,,,,,4624,100,100,100
,,,,,,,,4625,100,100,100
,,,,,,,,4626,100,100,100
,,,,,,,,4627,100,100,100
,,,,,,,,4628,100,100,100
,,,,,,,,4629,100,100,100
,,,,,,,,4630,100,100,100
,,,,,,,,4631,100,100,100
,,,,,,,,4632,100,100,100
,,,,,,,,4633,100,100,100
,,,,,,,,4634,100,100,100
,,,,,,,,4635,100,100,100
,,,,,,,,4636,100,100,100
,,,,,,,,4637,100,100,100
,,,,,,,,4638,100,100,100
,,,,,,,,4639,100,100,100
,,,,,,,,4640,100,100,100
,,,,,,,,4641,100,100,100
,,,,,,,,4642,100,100,100
,,,,,,,,4643,100,100,100
,,,,,,,,4644,100,100,100
,,,,,,,,4645,100,100,100
,,,,,,,,4646,100,100,100
,,,,,,,,4647,100,100,100
,,,,,,,,4648,100,100,100
,,,,,,,,4649,100,100,100
,,,,,,,,4650,100,100,100
,,,,,,,,4651,100,100,100
,,,,,,,,4652,100,100,100
,,,,,,,,4653,100,100,100
,,,,,,,,4654,100,100,100
,,,,,,,,4655,100,100,100
,,,,,,,,4656,100,100,100
,,,,,,,,4657,100,100,100
,,,,,,,,4658,100,100,100
,,,,,,,,4659,100,100,100
,,,,,,,,4660,100,100,100
,,,,,,,,4661,100,100,100
,,,,,,,,4662,100,100,100
,,,,,,,,4663,100,100,100
,,,,,,,,4664,100,100,100
,,,,,,,,4665,100,100,100
,,,,,,,,4666,100,100,100
,,,,,,,,4667,100,100,100
,,,,,,,,4668,100,100,100
,,,,,,,,4669,100,100,100
,,,,,,,,4670,100,100,100
,,,,,,,,4671,100,100,100
,,,,,,,,4672,100,100,100
,,,,,,,,4673,100,100,100
,,,,,,,,4674,100,100,100
,,,,,,,,4675,100,100,100
,,,,,,,,4676,100,100,100
,,,,,,,,4677,100,100,100
,,,,,,,,4678,100,100,100
,,,,,,,,4679,100,100,100
,,,,,,,,4680,100,100,100
,,,,,,,,4681,100,100,100
,,,,,,,,4682,100,100,100
,,,,,,,,4683,100,100,100
,,,,,,,,4684,100,100,100
,,,,,,,,4685,100,100,100
,,,,,,,,4686,100,100,100
,,,,,,,,4687,100,100,100
,,,,,,,,4688,100,100,100
,,,,,,,,4689,100,100,100
,,,,,,,,4690,100,100,100
,,,,,,,,4691,100,100,100
,,,,,,,,4692,100,100,100
,,,,,,,,4693,100,100,100
,,,,,,,,4694,100,100,100
,,,,,,,,4695,100,100,100
,,,,,,,,4696,100,100,100
,,,,,,,,4697,100,100,100
,,,,,,,,4698,100,100,100
,,,,,,,,4699,100,100,100
,,,,,,,,4700,100,100,100
,,,,,,,,4701,100,100,100
,,,,,,,,4702,100,100,100
,,,,,,,,4703,100,100,100
,,,,,,,,4704,100,100,100
,,,,,,,,4705,100,100,100
,,,,,,,,4706,100,100,100
,,,,,,,,4707,100,100,100
,,,,,,,,4708,100,100,100
,,,,,,,,4709,100,100,100
,,,,,,,,4710,100,100,100
,,,,,,,,4711,100,100,100
,,,,,,,,4712,100,100,100
,,,,,,,,4713,100,100,100
,,,,,,,,4714,100,100,100
,,,,,,,,4715,100,100,100
,,,,,,,,4716,100,100,100
,,,,,,,,4717,100,100,100
,,,,,,,,4718,100,100,100
,,,,,,,,4719,100,100,100
,,,,,,,,4720,100,100,100
,,,,,,,,4721,100,100,100
,,,,,,,,4722,100,100,100
,,,,,,,,4723,100,100,100
,,,,,,,,4724,100,100,100
,,,,,,,,4725,100,100,100
,,,,,,,,4726,100,100,100
,,,,,,,,4727,100,100,100
,,,,,,,,4728,100,100,100
,,,,,,,,4729,100,100,100
,,,,,,,,4730,100,100,100
,,,,,,,,4731,100,100,100
,,,,,,,,4732,100,100,100
,,,,,,,,4733,100,100,100
,,,,,,,,4734,100,100,100
,,,,,,,,4735,100,100,100
,,,,,,,,4736,100,100,100
,,,,,,,,4737,100,100,100
,,,,,,,,4738,100,100,100
,,,,,,,,4739,100,100,100
,,,,,,,,4740,100,100,100
,,,,,,,,4741,100,100,100
,,,,,,,,4742,100,100,100
,,,,,,,,4743,100,100,100
,,,,,,,,4744,100,100,100
,,,,,,,,4745,100,100,100
,,,,,,,,4746,100,100,100
,,,,,,,,4747,100,100,100
,,,,,,,,4748,100,100,100
,,,,,,,,4749,100,100,100
,,,,,,,,4750,100,100,100
,,,,,,,,4751,100,100,100
,,,,,,,,4752,100,100,100
,,,,,,,,4753,100,100,100
,,,,,,,,4754,100,100,100
,,,,,,,,4755,100,100,100
,,,,,,,,4756,100,100,100
,,,,,,,,4757,100,100,100
,,,,,,,,4758,100,100,100
,,,,,,,,4759,100,100,100
,,,,,,,,4760,100,100,100
,,,,,,,,4761,100,100,100
,,,,,,,,4762,100,100,100
,,,,,,,,4763,100,100,100
,,,,,,,,4764,100,100,100
,,,,,,,,4765,100,100,100
,,,,,,,,4766,100,100,100
,,,,,,,,4767,100,100,100
,,,,,,,,4768,100,100,100
,,,,,,,,4769,100,100,100
,,,,,,,,4770,100,100,100
,,,,,,,,4771,100,100,100
,,,,,,,,4772,100,100,100
,,,,,,,,4773,100,100,100
,,,,,,,,4774,100,100,100
,,,,,,,,4775,100,100,100
,,,,,,,,4776,100,100,100
,,,,,,,,4777,100,100,100
,,,,,,,,4778,100,100,100
,,,,,,,,4779,100,100,100
,,,,,,,,4780,100,100,100
,,,,,,,,4781,100,100,100
,,,,,,,,4782,100,100,100
,,,,,,,,4783,100,100,100
,,,,,,,,4784,100,100,100
,,,,,,,,4785,100,100,100
,,,,,,,,4786,100,100,100
,,,,,,,,4787,100,100,100
,,,,,,,,4788,100,100,100
,,,,,,,,4789,100,100,100
,,,,,,,,4790,100,100,100
,,,,,,,,4791,100,100,100
,,,,,,,,4792,100,100,100
,,,,,,,,4793,100,100,100
,,,,,,,,4794,100,100,100
,,,,,,,,4795,100,100,100
,,,,,,,,4796,100,100,100
,,,,,,,,4797,100,100,100
,,,,,,,,4798,100,100,100
,,,,,,,,4799,100,100,100
,,,,,,,,4800,100,100,100
,,,,,,,,4801,100,100,100
,,,,,,,,4802,100,100,100
,,,,,,,,4803,100,100,100
,,,,,,,,4804,100,100,100
,,,,,,,,4805,100,100,100
,,,,,,,,4806,100,100,100
,,,,,,,,4807,100,100,100
,,,,,,,,4808,100,100,100
,,,,,,,,4809,100,100,100
,,,,,,,,4810,100,100,100
,,,,,,,,4811,100,100,100
,,,,,,,,4812,100,100,100
,,,,,,,,4813,100,100,100
,,,,,,,,4814,100,100,100
,,,,,,,,4815,100,100,100
,,,,,,,,4816,100,100,100
,,,,,,,,4817,100,100,100
,,,,,,,,4818,100,100,100
,,,,,,,,4819,100,100,100
,,,,,,,,4820,100,100,100
,,,,,,,,4821,100,100,100
,,,,,,,,4822,100,100,100
,,,,,,,,4823,100,100,100
,,,,,,,,4824,100,100,100
,,,,,,,,4825,100,100,100
,,,,,,,,4826,100,100,100
,,,,,,,,4827,100,100,100
,,,,,,,,4828,100,100,100
,,,,,,,,4829,100,100,100
,,,,,,,,4830,100,100,100
,,,,,,,,4831,100,100,100
,,,,,,,,4832,100,100,100
,,,,,,,,4833,100,100,100
,,,,,,,,4834,100,100,100
,,,,,,,,4835,100,100,100
,,,,,,,,4836,100,100,100
,,,,,,,,4837,100,100,100
,,,,,,,,4838,100,100,100
,,,,,,,,4839,100,100,100
,,,,,,,,4840,100,100,100
,,,,,,,,4841,100,100,100
,,,,,,,,4842,100,100,100
,,,,,,,,4843,100,100,100
,,,,,,,,4844,100,100,100
,,,,,,,,4845,100,100,100
,,,,,,,,4846,100,100,100
,,,,,,,,4847,100,100,100
,,,,,,,,4848,100,100,100
,,,,,,,,4849,100,100,100
,,,,,,,,4850,100,100,100
,,,,,,,,4851,100,100,100
,,,,,,,,4852,100,100,100
,,,,,,,,4853,100,100,100
,,,,,,,,4854,100,100,100
,,,,,,,,4855,100,100,100
,,,,,,,,4856,100,100,100
,,,,,,,,4857,100,100,100
,,,,,,,,4858,100,100,100
,,,,,,,,4859,100,100,100
,,,,,,,,4860,100,100,100
,,,,,,,,4861,100,100,100
,,,,,,,,4862,100,100,100
,,,,,,,,4863,100,100,100
,,,,,,,,4864,100,100,100
,,,,,,,,4865,100,100,100
,,,,,,,,4866,100,100,100
,,,,,,,,4867,100,100,100
,,,,,,,,4868,100,100,100
,,,,,,,,4869,100,100,100
,,,,,,,,4870,100,100,100
,,,,,,,,4871,100,100,100
,,,,,,,,4872,100,100,100
,,,,,,,,4873,100,100,100
,,,,,,,,4874,100,100,100
,,,,,,,,4875,100,100,100
,,,,,,,,4876,100,100,100
,,,,,,,,4877,100,100,100
,,,,,,,,4878,100,100,100
,,,,,,,,4879,100,100,100
,,,,,,,,4880,100,100,100
,,,,,,,,4881,100,100,100
,,,,,,,,4882,100,100,100
,,,,,,,,4883,100,100,100
,,,,,,,,4884,100,100,100
,,,,,,,,4885,100,100,100
,,,,,,,,4886,100,100,100
,,,,,,,,4887,100,100,100
,,,,,,,,4888,100,100,100
,,,,,,,,4889,100,100,100
,,,,,,,,4890,100,100,100
,,,,,,,,4891,100,100,100
,,,,,,,,4892,100,100,100
,,,,,,,,4893,100,100,100
,,,,,,,,4894,100,100,100
,,,,,,,,4895,100,100,100
,,,,,,,,4896,100,100,100
,,,,,,,,4897,100,100,100
,,,,,,,,4898,100,100,100
,,,,,,,,4899,100,100,100
,,,,,,,,4900,100,100,100
,,,,,,,,4901,100,100,100
,,,,,,,,4902,100,100,100
,,,,,,,,4903,100,100,100
,,,,,,,,4904,100,100,100
,,,,,,,,4905,100,100,100
,,,,,,,,4906,100,100,100
,,,,,,,,4907,100,100,100
,,,,,,,,4908,100,100,100
,,,,,,,,4909,100,100,100
,,,,,,,,4910,100,100,100
,,,,,,,,4911,100,100,100
,,,,,,,,4912,100,100,100
,,,,,,,,4913,100,100,100
,,,,,,,,4914,100,100,100
,,,,,,,,4915,100,100,100
,,,,,,,,4916,100,100,100
,,,,,,,,4917,100,100,100
,,,,,,,,4918,100,100,100
,,,,,,,,4919,100,100,100
,,,,,,,,4920,100,100,100
,,,,,,,,4921,100,100,100
,,,,,,,,4922,100,100,100
,,,,,,,,4923,100,100,100
,,,,,,,,4924,100,100,100
,,,,,,,,4925,100,100,100
,,,,,,,,4926,100,100,100
,,,,,,,,4927,100,100,100
,,,,,,,,4928,100,100,100
,,,,,,,,4929,100,100,100
,,,,,,,,4930,100,100,100
,,,,,,,,4931,100,100,100
,,,,,,,,4932,100,100,100
,,,,,,,,4933,100,100,100
,,,,,,,,4934,100,100,100
,,,,,,,,4935,100,100,100
,,,,,,,,4936,100,100,100
,,,,,,,,4937,100,100,100
,,,,,,,,4938,100,100,100
,,,,,,,,4939,100,100,100
,,,,,,,,4940,100,100,100
,,,,,,,,4941,100,100,100
,,,,,,,,4942,100,100,100
,,,,,,,,4943,100,100,100
,,,,,,,,4944,100,100,100
,,,,,,,,4945,100,100,100
,,,,,,,,4946,100,100,100
,,,,,,,,4947,100,100,100
,,,,,,,,4948,100,100,100
,,,,,,,,4949,100,100,100
,,,,,,,,4950,100,100,100
,,,,,,,,4951,100,100,100
,,,,,,,,4952,100,100,100
,,,,,,,,4953,100,100,100
,,,,,,,,4954,100,100,100
,,,,,,,,4955,100,100,100
,,,,,,,,4956,100,100,100
,,,,,,,,4957,100,100,100
,,,,,,,,4958,100,100,100
,,,,,,,,4959,100,100,100
,,,,,,,,4960,100,100,100
,,,,,,,,4961,100,100,100
,,,,,,,,4962,100,100,100
,,,,,,,,4963,100,100,100
,,,,,,,,4964,100,100,100
,,,,,,,,4965,100,100,100
,,,,,,,,4966,100,100,100
,,,,,,,,4967,100,100,100
,,,,,,,,4968,100,100,100
,,,,,,,,4969,100,100,100
,,,,,,,,4970,100,100,100
,,,,,,,,4971,100,100,100
,,,,,,,,4972,100,100,100
,,,,,,,,4973,100,100,100
,,,,,,,,4974,100,100,100
,,,,,,,,4975,100,100,100
,,,,,,,,4976,100,100,100
,,,,,,,,4977,100,100,100
,,,,,,,,4978,100,100,100
,,,,,,,,4979,100,100,100
,,,,,,,,4980,100,100,100
,,,,,,,,4981,100,100,100
,,,,,,,,4982,100,100,100
,,,,,,,,4983,100,100,100
,,,,,,,,4984,100,100,100
,,,,,,,,4985,100,100,100
,,,,,,,,4986,100,100,100
,,,,,,,,4987,100,100,100
,,,,,,,,4988,100,100,100
,,,,,,,,4989,100,100,100
,,,,,,,,4990,100,100,100
,,,,,,,,4991,100,100,100
,,,,,,,,4992,100,100,100
,,,,,,,,4993,100,100,100
,,,,,,,,4994,100,100,100
,,,,,,,,4995,100,100,100
,,,,,,,,4996,100,100,100
,,,,,,,,4997,100,100,100
,,,,,,,,4998,100,100,100
,,,,,,,,4999,100,100,100
,,,,,,,,5000,100,100,100
,,,,,,,,5001,100,100,100
,,,,,,,,5002,100,100,100
,,,,,,,,5003,100,100,100
,,,,,,,,5004,100,100,100
,,,,,,,,5005,100,100,100
,,,,,,,,5006,100,100,100
,,,,,,,,5007,100,100,100
,,,,,,,,5008,100,100,100
,,,,,,,,5009,100,100,100
,,,,,,,,5010,100,100,100
,,,,,,,,5011,100,100,100
,,,,,,,,5012,100,100,100
,,,,,,,,5013,100,100,100
,,,,,,,,5014,100,100,100
,,,,,,,,5015,100,100,100
,,,,,,,,5016,100,100,100
,,,,,,,,5017,100,100,100
,,,,,,,,5018,100,100,100
,,,,,,,,5019,100,100,100
,,,,,,,,5020,100,100,100
,,,,,,,,5021,100,100,100
,,,,,,,,5022,100,100,100
,,,,,,,,5023,100,100,100
,,,,,,,,5024,100,100,100
,,,,,,,,5025,100,100,100
,,,,,,,,5026,100,100,100
,,,,,,,,5027,100,100,100
,,,,,,,,5028,100,100,100
,,,,,,,,5029,100,100,100
,,,,,,,,5030,100,100,100
,,,,,,,,5031,100,100,100
,,,,,,,,5032,100,100,100
,,,,,,,,5033,100,100,100
,,,,,,,,5034,100,100,100
,,,,,,,,5035,100,100,100
,,,,,,,,5036,100,100,100
,,,,,,,,5037,100,100,100
,,,,,,,,5038,100,100,100
,,,,,,,,5039,100,100,100
,,,,,,,,5040,100,100,100
,,,,,,,,5041,100,100,100
,,,,,,,,5042,100,100,100
,,,,,,,,5043,100,100,100
,,,,,,,,5044,100,100,100
,,,,,,,,5045,100,100,100
,,,,,,,,5046,100,100,100
,,,,,,,,5047,100,100,100
,,,,,,,,5048,100,100,100
,,,,,,,,5049,100,100,100
,,,,,,,,5050,100,100,100
,,,,,,,,5051,100,100,100
,,,,,,,,5052,100,100,100
,,,,,,,,5053,100,100,100
,,,,,,,,5054,100,100,100
,,,,,,,,5055,100,100,100
,,,,,,,,5056,100,100,100
,,,,,,,,5057,100,100,100
,,,,,,,,5058,100,100,100
,,,,,,,,5059,100,100,100
,,,,,,,,5060,100,100,100
,,,,,,,,5061,100,100,100
,,,,,,,,5062,100,100,100
,,,,,,,,5063,100,100,100
,,,,,,,,5064,100,100,100
,,,,,,,,5065,100,100,100
,,,,,,,,5066,100,100,100
,,,,,,,,5067,100,100,100
,,,,,,,,5068,100,100,100
,,,,,,,,5069,100,100,100
,,,,,,,,5070,100,100,100
,,,,,,,,5071,100,100,100
,,,,,,,,5072,100,100,100
,,,,,,,,5073,100,100,100
,,,,,,,,5074,100,100,100
,,,,,,,,5075,100,100,100
,,,,,,,,5076,100,100,100
,,,,,,,,5077,100,100,100
,,,,,,,,5078,100,100,100
,,,,,,,,5079,100,100,100
,,,,,,,,5080,100,100,100
,,,,,,,,5081,100,100,100
,,,,,,,,5082,100,100,100
,,,,,,,,5083,100,100,100
,,,,,,,,5084,100,100,100
,,,,,,,,5085,100,100,100
,,,,,,,,5086,100,100,100
,,,,,,,,5087,100,100,100
,,,,,,,,5088,100,100,100
,,,,,,,,5089,100,100,100
,,,,,,,,5090,100,100,100
,,,,,,,,5091,100,100,100
,,,,,,,,5092,100,100,100
,,,,,,,,5093,100,100,100
,,,,,,,,5094,100,100,100
,,,,,,,,5095,100,100,100
,,,,,,,,5096,100,100,100
,,,,,,,,5097,100,100,100
,,,,,,,,5098,100,100,100
,,,,,,,,5099,100,100,100
,,,,,,,,5100,100,100,100
,,,,,,,,5101,100,100,100
,,,,,,,,5102,100,100,100
,,,,,,,,5103,100,100,100
,,,,,,,,5104,100,100,100
,,,,,,,,5105,100,100,100
,,,,,,,,5106,100,100,100
,,,,,,,,5107,100,100,100
,,,,,,,,5108,100,100,100
,,,,,,,,5109,100,100,100
,,,,,,,,5110,100,100,100
,,,,,,,,5111,100,100,100
,,,,,,,,5112,100,100,100
,,,,,,,,5113,100,100,100
,,,,,,,,5114,100,100,100
,,,,,,,,5115,100,100,100
,,,,,,,,5116,100,100,100
,,,,,,,,5117,100,100,100
,,,,,,,,5118,100,100,100
,,,,,,,,5119,100,100,100
,,,,,,,,5120,100,100,100
,,,,,,,,5121,100,100,100
,,,,,,,,5122,100,100,100
,,,,,,,,5123,100,100,100
,,,,,,,,5124,100,100,100
,,,,,,,,5125,100,100,100
,,,,,,,,5126,100,100,100
,,,,,,,,5127,100,100,100
,,,,,,,,5128,100,100,100
,,,,,,,,5129,100,100,100
,,,,,,,,5130,100,100,100
,,,,,,,,5131,100,100,100
,,,,,,,,5132,100,100,100
,,,,,,,,5133,100,100,100
,,,,,,,,5134,100,100,100
,,,,,,,,5135,100,100,100
,,,,,,,,5136,100,100,100
,,,,,,,,5137,100,100,100
,,,,,,,,5138,100,100,100
,,,,,,,,5139,100,100,100
,,,,,,,,5140,100,100,100
,,,,,,,,5141,100,100,100
,,,,,,,,5142,100,100,100
,,,,,,,,5143,100,100,100
,,,,,,,,5144,100,100,100
,,,,,,,,5145,100,100,100
,,,,,,,,5146,100,100,100
,,,,,,,,5147,100,100,100
,,,,,,,,5148,100,100,100
,,,,,,,,5149,100,100,100
,,,,,,,,5150,100,100,100
,,,,,,,,5151,100,100,100
,,,,,,,,5152,100,100,100
,,,,,,,,5153,100,100,100
,,,,,,,,5154,100,100,100
,,,,,,,,5155,100,100,100
,,,,,,,,5156,100,100,100
,,,,,,,,5157,100,100,100
,,,,,,,,5158,100,100,100
,,,,,,,,5159,100,100,100
,,,,,,,,5160,100,100,100
,,,,,,,,5161,100,100,100
,,,,,,,,5162,100,100,100
,,,,,,,,5163,100,100,100
,,,,,,,,5164,100,100,100
,,,,,,,,5165,100,100,100
,,,,,,,,5166,100,100,100
,,,,,,,,5167,100,100,100
,,,,,,,,5168,100,100,100
,,,,,,,,5169,100,100,100
,,,,,,,,5170,100,100,100
,,,,,,,,5171,100,100,100
,,,,,,,,5172,100,100,100
,,,,,,,,5173,100,100,100
,,,,,,,,5174,100,100,100
,,,,,,,,5175,100,100,100
,,,,,,,,5176,100,100,100
,,,,,,,,5177,100,100,100
,,,,,,,,5178,100,100,100
,,,,,,,,5179,100,100,100
,,,,,,,,5180,100,100,100
,,,,,,,,5181,100,100,100
,,,,,,,,5182,100,100,100
,,,,,,,,5183,100,100,100
,,,,,,,,5184,100,100,100
,,,,,,,,5185,100,100,100
,,,,,,,,5186,100,100,100
,,,,,,,,5187,100,100,100
,,,,,,,,5188,100,100,100
,,,,,,,,5189,100,100,100
,,,,,,,,5190,100,100,100
,,,,,,,,5191,100,100,100
,,,,,,,,5192,100,100,100
,,,,,,,,5193,100,100,100
,,,,,,,,5194,100,100,100
,,,,,,,,5195,100,100,100
,,,,,,,,5196,100,100,100
,,,,,,,,5197,100,100,100
,,,,,,,,5198,100,100,100
,,,,,,,,5199,100,100,100
,,,,,,,,5200,100,100,100
,,,,,,,,5201,100,100,100
,,,,,,,,5202,100,100,100
,,,,,,,,5203,100,100,100
,,,,,,,,5204,100,100,100
,,,,,,,,5205,100,100,100
,,,,,,,,5206,100,100,100
,,,,,,,,5207,100,100,100
,,,,,,,,5208,100,100,100
,,,,,,,,5209,100,100,100
,,,,,,,,5210,100,100,100
,,,,,,,,5211,100,100,100
,,,,,,,,5212,100,100,100
,,,,,,,,5213,100,100,100
,,,,,,,,5214,100,100,100
,,,,,,,,5215,100,100,100
,,,,,,,,5216,100,100,100
,,,,,,,,5217,100,100,100
,,,,,,,,5218,100,100,100
,,,,,,,,5219,100,100,100
,,,,,,,,5220,100,100,100
,,,,,,,,5221,100,100,100
,,,,,,,,5222,100,100,100
,,,,,,,,5223,100,100,100
,,,,,,,,5224,100,100,100
,,,,,,,,5225,100,100,100
,,,,,,,,5226,100,100,100
,,,,,,,,5227,100,100,100
,,,,,,,,5228,100,100,100
,,,,,,,,5229,100,100,100
,,,,,,,,5230,100,100,100
,,,,,,,,5231,100,100,100
,,,,,,,,5232,100,100,100
,,,,,,,,5233,100,100,100
,,,,,,,,5234,100,100,100
,,,,,,,,5235,100,100,100
,,,,,,,,5236,100,100,100
,,,,,,,,5237,100,100,100
,,,,,,,,5238,100,100,100
,,,,,,,,5239,100,100,100
,,,,,,,,5240,100,100,100
,,,,,,,,5241,100,100,100
,,,,,,,,5242,100,100,100
,,,,,,,,5243,100,100,100
,,,,,,,,5244,100,100,100
,,,,,,,,5245,100,100,100
,,,,,,,,5246,100,100,100
,,,,,,,,5247,100,100,100
,,,,,,,,5248,100,100,100
,,,,,,,,5249,100,100,100
,,,,,,,,5250,100,100,100
,,,,,,,,5251,100,100,100
,,,,,,,,5252,100,100,100
,,,,,,,,5253,100,100,100
,,,,,,,,5254,100,100,100
,,,,,,,,5255,100,100,100
,,,,,,,,5256,100,100,100
,,,,,,,,5257,100,100,100
,,,,,,,,5258,100,100,100
,,,,,,,,5259,100,100,100
,,,,,,,,5260,100,100,100
,,,,,,,,5261,100,100,100
,,,,,,,,5262,100,100,100
,,,,,,,,5263,100,100,100
,,,,,,,,5264,100,100,100
,,,,,,,,5265,100,100,100
,,,,,,,,5266,100,100,100
,,,,,,,,5267,100,100,100
,,,,,,,,5268,100,100,100
,,,,,,,,5269,100,100,100
,,,,,,,,5270,100,100,100
,,,,,,,,5271,100,100,100
,,,,,,,,5272,100,100,100
,,,,,,,,5273,100,100,100
,,,,,,,,5274,100,100,100
,,,,,,,,5275,100,100,100
,,,,,,,,5276,100,100,100
,,,,,,,,5277,100,100,100
,,,,,,,,5278,100,100,100
,,,,,,,,5279,100,100,100
,,,,,,,,5280,100,100,100
,,,,,,,,5281,100,100,100
,,,,,,,,5282,100,100,100
,,,,,,,,5283,100,100,100
,,,,,,,,5284,100,100,100
,,,,,,,,5285,100,100,100
,,,,,,,,5286,100,100,100
,,,,,,,,5287,100,100,100
,,,,,,,,5288,100,100,100
,,,,,,,,5289,100,100,100
,,,,,,,,5290,100,100,100
,,,,,,,,5291,100,100,100
,,,,,,,,5292,100,100,100
,,,,,,,,5293,100,100,100
,,,,,,,,5294,100,100,100
,,,,,,,,5295,100,100,100
,,,,,,,,5296,100,100,100
,,,,,,,,5297,100,100,100
,,,,,,,,5298,100,100,100
,,,,,,,,5299,100,100,100
,,,,,,,,5300,100,100,100
,,,,,,,,5301,100,100,100
,,,,,,,,5302,100,100,100
,,,,,,,,5303,100,100,100
,,,,,,,,5304,100,100,100
,,,,,,,,5305,100,100,100
,,,,,,,,5306,100,100,100
,,,,,,,,5307,100,100,100
,,,,,,,,5308,100,100,100
,,,,,,,,5309,100,100,100
,,,,,,,,5310,100,100,100
,,,,,,,,5311,100,100,100
,,,,,,,,5312,100,100,100
,,,,,,,,5313,100,100,100
,,,,,,,,5314,100,100,100
,,,,,,,,5315,100,100,100
,,,,,,,,5316,100,100,100
,,,,,,,,5317,100,100,100
,,,,,,,,5318,100,100,100
,,,,,,,,5319,100,100,100
,,,,,,,,5320,100,100,100
,,,,,,,,5321,100,100,100
,,,,,,,,5322,100,100,100
,,,,,,,,5323,100,100,100
,,,,,,,,5324,100,100,100
,,,,,,,,5325,100,100,100
,,,,,,,,5326,100,100,100
,,,,,,,,5327,100,100,100
,,,,,,,,5328,100,100,100
,,,,,,,,5329,100,100,100
,,,,,,,,5330,100,100,100
,,,,,,,,5331,100,100,100
,,,,,,,,5332,100,100,100
,,,,,,,,5333,100,100,100
,,,,,,,,5334,100,100,100
,,,,,,,,5335,100,100,100
,,,,,,,,5336,100,100,100
,,,,,,,,5337,100,100,100
,,,,,,,,5338,100,100,100
,,,,,,,,5339,100,100,100
,,,,,,,,5340,100,100,100
,,,,,,,,5341,100,100,100
,,,,,,,,5342,100,100,100
,,,,,,,,5343,100,100,100
,,,,,,,,5344,100,100,100
,,,,,,,,5345,100,100,100
,,,,,,,,5346,100,100,100
,,,,,,,,5347,100,100,100
,,,,,,,,5348,100,100,100
,,,,,,,,5349,100,100,100
,,,,,,,,5350,100,100,100
,,,,,,,,5351,100,100,100
,,,,,,,,5352,100,100,100
,,,,,,,,5353,100,100,100
,,,,,,,,5354,100,100,100
,,,,,,,,5355,100,100,100
,,,,,,,,5356,100,100,100
,,,,,,,,5357,100,100,100
,,,,,,,,5358,100,100,100
,,,,,,,,5359,100,100,100
,,,,,,,,5360,100,100,100
,,,,,,,,5361,100,100,100
,,,,,,,,5362,100,100,100
,,,,,,,,5363,100,100,100
,,,,,,,,5364,100,100,100
,,,,,,,,5365,100,100,100
,,,,,,,,5366,100,100,100
,,,,,,,,5367,100,100,100
,,,,,,,,5368,100,100,100
,,,,,,,,5369,100,100,100
,,,,,,,,5370,100,100,100
,,,,,,,,5371,100,100,100
,,,,,,,,5372,100,100,100
,,,,,,,,5373,100,100,100
,,,,,,,,5374,100,100,100
,,,,,,,,5375,100,100,100
,,,,,,,,5376,100,100,100
,,,,,,,,5377,100,100,100
,,,,,,,,5378,100,100,100
,,,,,,,,5379,100,100,100
,,,,,,,,5380,100,100,100
,,,,,,,,5381,100,100,100
,,,,,,,,5382,100,100,100
,,,,,,,,5383,100,100,100
,,,,,,,,5384,100,100,100
,,,,,,,,5385,100,100,100
,,,,,,,,5386,100,100,100
,,,,,,,,5387,100,100,100
,,,,,,,,5388,100,100,100
,,,,,,,,5389,100,100,100
,,,,,,,,5390,100,100,100
,,,,,,,,5391,100,100,100
,,,,,,,,5392,100,100,100
,,,,,,,,5393,100,100,100
,,,,,,,,5394,100,100,100
,,,,,,,,5395,100,100,100
,,,,,,,,5396,100,100,100
,,,,,,,,5397,100,100,100
,,,,,,,,5398,100,100,100
,,,,,,,,5399,100,100,100
,,,,,,,,5400,100,100,100
,,,,,,,,5401,100,100,100
,,,,,,,,5402,100,100,100
,,,,,,,,5403,100,100,100
,,,,,,,,5404,100,100,100
,,,,,,,,5405,100,100,100
,,,,,,,,5406,100,100,100
,,,,,,,,5407,100,100,100
,,,,,,,,5408,100,100,100
,,,,,,,,5409,100,100,100
,,,,,,,,5410,100,100,100
,,,,,,,,5411,100,100,100
,,,,,,,,5412,100,100,100
,,,,,,,,5413,100,100,100
,,,,,,,,5414,100,100,100
,,,,,,,,5415,100,100,100
,,,,,,,,5416,100,100,100
,,,,,,,,5417,100,100,100
,,,,,,,,5418,100,100,100
,,,,,,,,5419,100,100,100
,,,,,,,,5420,100,100,100
,,,,,,,,5421,100,100,100
,,,,,,,,5422,100,100,100
,,,,,,,,5423,100,100,100
,,,,,,,,5424,100,100,100
,,,,,,,,5425,100,100,100
,,,,,,,,5426,100,100,100
,,,,,,,,5427,100,100,100
,,,,,,,,5428,100,100,100
,,,,,,,,5429,100,100,100
,,,,,,,,5430,100,100,100
,,,,,,,,5431,100,100,100
,,,,,,,,5432,100,100,100
,,,,,,,,5433,100,100,100
,,,,,,,,5434,100,100,100
,,,,,,,,5435,100,100,100
,,,,,,,,5436,100,100,100
,,,,,,,,5437,100,100,100
,,,,,,,,5438,100,100,100
,,,,,,,,5439,100,100,100
,,,,,,,,5440,100,100,100
,,,,,,,,5441,100,100,100
,,,,,,,,5442,100,100,100
,,,,,,,,5443,100,100,100
,,,,,,,,5444,100,100,100
,,,,,,,,5445,100,100,100
,,,,,,,,5446,100,100,100
,,,,,,,,5447,100,100,100
,,,,,,,,5448,100,100,100
,,,,,,,,5449,100,100,100
,,,,,,,,5450,100,100,100
,,,,,,,,5451,100,100,100
,,,,,,,,5452,100,100,100
,,,,,,,,5453,100,100,100
,,,,,,,,5454,100,100,100
,,,,,,,,5455,100,100,100
,,,,,,,,5456,100,100,100
,,,,,,,,5457,100,100,100
,,,,,,,,5458,100,100,100
,,,,,,,,5459,100,100,100
,,,,,,,,5460,100,100,100
,,,,,,,,5461,100,100,100
,,,,,,,,5462,100,100,100
,,,,,,,,5463,100,100,100
,,,,,,,,5464,100,100,100
,,,,,,,,5465,100,100,100
,,,,,,,,5466,100,100,100
,,,,,,,,5467,100,100,100
,,,,,,,,5468,100,100,100
,,,,,,,,5469,100,100,100
,,,,,,,,5470,100,100,100
,,,,,,,,5471,100,100,100
,,,,,,,,5472,100,100,100
,,,,,,,,5473,100,100,100
,,,,,,,,5474,100,100,100
,,,,,,,,5475,100,100,100
,,,,,,,,5476,100,100,100
,,,,,,,,5477,100,100,100
,,,,,,,,5478,100,100,100
,,,,,,,,5479,100,100,100
,,,,,,,,5480,100,100,100
,,,,,,,,5481,100,100,100
,,,,,,,,5482,100,100,100
,,,,,,,,5483,100,100,100
,,,,,,,,5484,100,100,100
,,,,,,,,5485,100,100,100
,,,,,,,,5486,100,100,100
,,,,,,,,5487,100,100,100
,,,,,,,,5488,100,100,100
,,,,,,,,5489,100,100,100
,,,,,,,,5490,100,100,100
,,,,,,,,5491,100,100,100
,,,,,,,,5492,100,100,100
,,,,,,,,5493,100,100,100
,,,,,,,,5494,100,100,100
,,,,,,,,5495,100,100,100
,,,,,,,,5496,100,100,100
,,,,,,,,5497,100,100,100
,,,,,,,,5498,100,100,100
,,,,,,,,5499,100,100,100
,,,,,,,,5500,100,100,100
,,,,,,,,5501,100,100,100
,,,,,,,,5502,100,100,100
,,,,,,,,5503,100,100,100
,,,,,,,,5504,100,100,100
,,,,,,,,5505,100,100,100
,,,,,,,,5506,100,100,100
,,,,,,,,5507,100,100,100
,,,,,,,,5508,100,100,100
,,,,,,,,5509,100,100,100
,,,,,,,,5510,100,100,100
,,,,,,,,5511,100,100,100
,,,,,,,,5512,100,100,100
,,,,,,,,5513,100,100,100
,,,,,,,,5514,100,100,100
,,,,,,,,5515,100,100,100
,,,,,,,,5516,100,100,100
,,,,,,,,5517,100,100,100
,,,,,,,,5518,100,100,100
,,,,,,,,5519,100,100,100
,,,,,,,,5520,100,100,100
,,,,,,,,5521,100,100,100
,,,,,,,,5522,100,100,100
,,,,,,,,5523,100,100,100
,,,,,,,,5524,100,100,100
,,,,,,,,5525,100,100,100
,,,,,,,,5526,100,100,100
,,,,,,,,5527,100,100,100
,,,,,,,,5528,100,100,100
,,,,,,,,5529,100,100,100
,,,,,,,,5530,100,100,100
,,,,,,,,5531,100,100,100
,,,,,,,,5532,100,100,100
,,,,,,,,5533,100,100,100
,,,,,,,,5534,100,100,100
,,,,,,,,5535,100,100,100
,,,,,,,,5536,100,100,100
,,,,,,,,5537,100,100,100
,,,,,,,,5538,100,100,100
,,,,,,,,5539,100,100,100
,,,,,,,,5540,100,100,100
,,,,,,,,5541,100,100,100
,,,,,,,,5542,100,100,100
,,,,,,,,5543,100,100,100
,,,,,,,,5544,100,100,100
,,,,,,,,5545,100,100,100
,,,,,,,,5546,100,100,100
,,,,,,,,5547,100,100,100
,,,,,,,,5548,100,100,100
,,,,,,,,5549,100,100,100
,,,,,,,,5550,100,100,100
,,,,,,,,5551,100,100,100
,,,,,,,,5552,100,100,100
,,,,,,,,5553,100,100,100
,,,,,,,,5554,100,100,100
,,,,,,,,5555,100,100,100
,,,,,,,,5556,100,100,100
,,,,,,,,5557,100,100,100
,,,,,,,,5558,100,100,100
,,,,,,,,5559,100,100,100
,,,,,,,,5560,100,100,100
,,,,,,,,5561,100,100,100
,,,,,,,,5562,100,100,100
,,,,,,,,5563,100,100,100
,,,,,,,,5564,100,100,100
,,,,,,,,5565,100,100,100
,,,,,,,,5566,100,100,100
,,,,,,,,5567,100,100,100
,,,,,,,,5568,100,100,100
,,,,,,,,5569,100,100,100
,,,,,,,,5570,100,100,100
,,,,,,,,5571,100,100,100
,,,,,,,,5572,100,100,100
,,,,,,,,5573,100,100,100
,,,,,,,,5574,100,100,100
,,,,,,,,5575,100,100,100
,,,,,,,,5576,100,100,100
,,,,,,,,5577,100,100,100
,,,,,,,,5578,100,100,100
,,,,,,,,5579,100,100,100
,,,,,,,,5580,100,100,100
,,,,,,,,5581,100,100,100
,,,,,,,,5582,100,100,100
,,,,,,,,5583,100,100,100
,,,,,,,,5584,100,100,100
,,,,,,,,5585,100,100,100
,,,,,,,,5586,100,100,100
,,,,,,,,5587,100,100,100
,,,,,,,,5588,100,100,100
,,,,,,,,5589,100,100,100
,,,,,,,,5590,100,100,100
,,,,,,,,5591,100,100,100
,,,,,,,,5592,100,100,100
,,,,,,,,5593,100,100,100
,,,,,,,,5594,100,100,100
,,,,,,,,5595,100,100,100
,,,,,,,,5596,100,100,100
,,,,,,,,5597,100,100,100
,,,,,,,,5598,100,100,100
,,,,,,,,5599,100,100,100
,,,,,,,,5600,100,100,100
,,,,,,,,5601,100,100,100
,,,,,,,,5602,100,100,100
,,,,,,,,5603,100,100,100
,,,,,,,,5604,100,100,100
,,,,,,,,5605,100,100,100
,,,,,,,,5606,100,100,100
,,,,,,,,5607,100,100,100
,,,,,,,,5608,100,100,100
,,,,,,,,5609,100,100,100
,,,,,,,,5610,100,100,100
,,,,,,,,5611,100,100,100
,,,,,,,,5612,100,100,100
,,,,,,,,5613,100,100,100
,,,,,,,,5614,100,100,100
,,,,,,,,5615,100,100,100
,,,,,,,,5616,100,100,100
,,,,,,,,5617,100,100,100
,,,,,,,,5618,100,100,100
,,,,,,,,5619,100,100,100
,,,,,,,,5620,100,100,100
,,,,,,,,5621,100,100,100
,,,,,,,,5622,100,100,100
,,,,,,,,5623,100,100,100
,,,,,,,,5624,100,100,100
,,,,,,,,5625,100,100,100
,,,,,,,,5626,100,100,100
,,,,,,,,5627,100,100,100
,,,,,,,,5628,100,100,100
,,,,,,,,5629,100,100,100
,,,,,,,,5630,100,100,100
,,,,,,,,5631,100,100,100
,,,,,,,,5632,100,100,100
,,,,,,,,5633,100,100,100
,,,,,,,,5634,100,100,100
,,,,,,,,5635,100,100,100
,,,,,,,,5636,100,100,100
,,,,,,,,5637,100,100,100
,,,,,,,,5638,100,100,100
,,,,,,,,5639,100,100,100
,,,,,,,,5640,100,100,100
,,,,,,,,5641,100,100,100
,,,,,,,,5642,100,100,100
,,,,,,,,5643,100,100,100
,,,,,,,,5644,100,100,100
,,,,,,,,5645,100,100,100
,,,,,,,,5646,100,100,100
,,,,,,,,5647,100,100,100
,,,,,,,,5648,100,100,100
,,,,,,,,5649,100,100,100
,,,,,,,,5650,100,100,100
,,,,,,,,5651,100,100,100
,,,,,,,,5652,100,100,100
,,,,,,,,5653,100,100,100
,,,,,,,,5654,100,100,100
,,,,,,,,5655,100,100,100
,,,,,,,,5656,100,100,100
,,,,,,,,5657,100,100,100
,,,,,,,,5658,100,100,100
,,,,,,,,5659,100,100,100
,,,,,,,,5660,100,100,100
,,,,,,,,5661,100,100,100
,,,,,,,,5662,100,100,100
,,,,,,,,5663,100,100,100
,,,,,,,,5664,100,100,100
,,,,,,,,5665,100,100,100
,,,,,,,,5666,100,100,100
,,,,,,,,5667,100,100,100
,,,,,,,,5668,100,100,100
,,,,,,,,5669,100,100,100
,,,,,,,,5670,100,100,100
,,,,,,,,5671,100,100,100
,,,,,,,,5672,100,100,100
,,,,,,,,5673,100,100,100
,,,,,,,,5674,100,100,100
,,,,,,,,5675,100,100,100
,,,,,,,,5676,100,100,100
,,,,,,,,5677,100,100,100
,,,,,,,,5678,100,100,100
,,,,,,,,5679,100,100,100
,,,,,,,,5680,100,100,100
,,,,,,,,5681,100,100,100
,,,,,,,,5682,100,100,100
,,,,,,,,5683,100,100,100
,,,,,,,,5684,100,100,100
,,,,,,,,5685,100,100,100
,,,,,,,,5686,100,100,100
,,,,,,,,5687,100,100,100
,,,,,,,,5688,100,100,100
,,,,,,,,5689,100,100,100
,,,,,,,,5690,100,100,100
,,,,,,,,5691,100,100,100
,,,,,,,,5692,100,100,100
,,,,,,,,5693,100,100,100
,,,,,,,,5694,100,100,100
,,,,,,,,5695,100,100,100
,,,,,,,,5696,100,100,100
,,,,,,,,5697,100,100,100
,,,,,,,,5698,100,100,100
,,,,,,,,5699,100,100,100
,,,,,,,,5700,100,100,100
,,,,,,,,5701,100,100,100
,,,,,,,,5702,100,100,100
,,,,,,,,5703,100,100,100
,,,,,,,,5704,100,100,100
,,,,,,,,5705,100,100,100
,,,,,,,,5706,100,100,100
,,,,,,,,5707,100,100,100
,,,,,,,,5708,100,100,100
,,,,,,,,5709,100,100,100
,,,,,,,,5710,100,100,100
,,,,,,,,5711,100,100,100
,,,,,,,,5712,100,100,100
,,,,,,,,5713,100,100,100
,,,,,,,,5714,100,100,100
,,,,,,,,5715,100,100,100
,,,,,,,,5716,100,100,100
,,,,,,,,5717,100,100,100
,,,,,,,,5718,100,100,100
,,,,,,,,5719,100,100,100
,,,,,,,,5720,100,100,100
,,,,,,,,5721,100,100,100
,,,,,,,,5722,100,100,100
,,,,,,,,5723,100,100,100
,,,,,,,,5724,100,100,100
,,,,,,,,5725,100,100,100
,,,,,,,,5726,100,100,100
,,,,,,,,5727,100,100,100
,,,,,,,,5728,100,100,100
,,,,,,,,5729,100,100,100
,,,,,,,,5730,100,100,100
,,,,,,,,5731,100,100,100
,,,,,,,,5732,100,100,100
,,,,,,,,5733,100,100,100
,,,,,,,,5734,100,100,100
,,,,,,,,5735,100,100,100
,,,,,,,,5736,100,100,100
,,,,,,,,5737,100,100,100
,,,,,,,,5738,100,100,100
,,,,,,,,5739,100,100,100
,,,,,,,,5740,100,100,100
,,,,,,,,5741,100,100,100
,,,,,,,,5742,100,100,100
,,,,,,,,5743,100,100,100
,,,,,,,,5744,100,100,100
,,,,,,,,5745,100,100,100
,,,,,,,,5746,100,100,100
,,,,,,,,5747,100,100,100
,,,,,,,,5748,100,100,100
,,,,,,,,5749,100,100,100
,,,,,,,,5750,100,100,100
,,,,,,,,5751,100,100,100
,,,,,,,,5752,100,100,100
,,,,,,,,5753,100,100,100
,,,,,,,,5754,100,100,100
,,,,,,,,5755,100,100,100
,,,,,,,,5756,100,100,100
,,,,,,,,5757,100,100,100
,,,,,,,,5758,100,100,100
,,,,,,,,5759,100,100,100
,,,,,,,,5760,100,100,100
,,,,,,,,5761,100,100,100
,,,,,,,,5762,100,100,100
,,,,,,,,5763,100,100,100
,,,,,,,,5764,100,100,100
,,,,,,,,5765,100,100,100
,,,,,,,,5766,100,100,100
,,,,,,,,5767,100,100,100
,,,,,,,,5768,100,100,100
,,,,,,,,5769,100,100,100
,,,,,,,,5770,100,100,100
,,,,,,,,5771,100,100,100
,,,,,,,,5772,100,100,100
,,,,,,,,5773,100,100,100
,,,,,,,,5774,100,100,100
,,,,,,,,5775,100,100,100
,,,,,,,,5776,100,100,100
,,,,,,,,5777,100,100,100
,,,,,,,,5778,100,100,100
,,,,,,,,5779,100,100,100
,,,,,,,,5780,100,100,100
,,,,,,,,5781,100,100,100
,,,,,,,,5782,100,100,100
,,,,,,,,5783,100,100,100
,,,,,,,,5784,100,100,100
,,,,,,,,5785,100,100,100
,,,,,,,,5786,100,100,100
,,,,,,,,5787,100,100,100
,,,,,,,,5788,100,100,100
,,,,,,,,5789,100,100,100
,,,,,,,,5790,100,100,100
,,,,,,,,5791,100,100,100
,,,,,,,,5792,100,100,100
,,,,,,,,5793,100,100,100
,,,,,,,,5794,100,100,100
,,,,,,,,5795,100,100,100
,,,,,,,,5796,100,100,100
,,,,,,,,5797,100,100,100
,,,,,,,,5798,100,100,100
,,,,,,,,5799,100,100,100
,,,,,,,,5800,100,100,100
,,,,,,,,5801,100,100,100
,,,,,,,,5802,100,100,100
,,,,,,,,5803,100,100,100
,,,,,,,,5804,100,100,100
,,,,,,,,5805,100,100,100
,,,,,,,,5806,100,100,100
,,,,,,,,5807,100,100,100
,,,,,,,,5808,100,100,100
,,,,,,,,5809,100,100,100
,,,,,,,,5810,100,100,100
,,,,,,,,5811,100,100,100
,,,,,,,,5812,100,100,100
,,,,,,,,5813,100,100,100
,,,,,,,,5814,100,100,100
,,,,,,,,5815,100,100,100
,,,,,,,,5816,100,100,100
,,,,,,,,5817,100,100,100
,,,,,,,,5818,100,100,100
,,,,,,,,5819,100,100,100
,,,,,,,,5820,100,100,100
,,,,,,,,5821,100,100,100
,,,,,,,,5822,100,100,100
,,,,,,,,5823,100,100,100
,,,,,,,,5824,100,100,100
,,,,,,,,5825,100,100,100
,,,,,,,,5826,100,100,100
,,,,,,,,5827,100,100,100
,,,,,,,,5828,100,100,100
,,,,,,,,5829,100,100,100
,,,,,,,,5830,100,100,100
,,,,,,,,5831,100,100,100
,,,,,,,,5832,100,100,100
,,,,,,,,5833,100,100,100
,,,,,,,,5834,100,100,100
,,,,,,,,5835,100,100,100
,,,,,,,,5836,100,100,100
,,,,,,,,5837,100,100,100
,,,,,,,,5838,100,100,100
,,,,,,,,5839,100,100,100
,,,,,,,,5840,100,100,100
,,,,,,,,5841,100,100,100
,,,,,,,,5842,100,100,100
,,,,,,,,5843,100,100,100
,,,,,,,,5844,100,100,100
,,,,,,,,5845,100,100,100
,,,,,,,,5846,100,100,100
,,,,,,,,5847,100,100,100
,,,,,,,,5848,100,100,100
,,,,,,,,5849,100,100,100
,,,,,,,,5850,100,100,100
,,,,,,,,5851,100,100,100
,,,,,,,,5852,100,100,100
,,,,,,,,5853,100,100,100
,,,,,,,,5854,100,100,100
,,,,,,,,5855,100,100,100
,,,,,,,,5856,100,100,100
,,,,,,,,5857,100,100,100
,,,,,,,,5858,100,100,100
,,,,,,,,5859,100,100,100
,,,,,,,,5860,100,100,100
,,,,,,,,5861,100,100,100
,,,,,,,,5862,100,100,100
,,,,,,,,5863,100,100,100
,,,,,,,,5864,100,100,100
,,,,,,,,5865,100,100,100
,,,,,,,,5866,100,100,100
,,,,,,,,5867,100,100,100
,,,,,,,,5868,100,100,100
,,,,,,,,5869,100,100,100
,,,,,,,,5870,100,100,100
,,,,,,,,5871,100,100,100
,,,,,,,,5872,100,100,100
,,,,,,,,5873,100,100,100
,,,,,,,,5874,100,100,100
,,,,,,,,5875,100,100,100
,,,,,,,,5876,100,100,100
,,,,,,,,5877,100,100,100
,,,,,,,,5878,100,100,100
,,,,,,,,5879,100,100,100
,,,,,,,,5880,100,100,100
,,,,,,,,5881,100,100,100
,,,,,,,,5882,100,100,100
,,,,,,,,5883,100,100,100
,,,,,,,,5884,100,100,100
,,,,,,,,5885,100,100,100
,,,,,,,,5886,100,100,100
,,,,,,,,5887,100,100,100
,,,,,,,,5888,100,100,100
,,,,,,,,5889,100,100,100
,,,,,,,,5890,100,100,100
,,,,,,,,5891,100,100,100
,,,,,,,,5892,100,100,100
,,,,,,,,5893,100,100,100
,,,,,,,,5894,100,100,100
,,,,,,,,5895,100,100,100
,,,,,,,,5896,100,100,100
,,,,,,,,5897,100,100,100
,,,,,,,,5898,100,100,100
,,,,,,,,5899,100,100,100
,,,,,,,,5900,100,100,100
,,,,,,,,5901,100,100,100
,,,,,,,,5902,100,100,100
,,,,,,,,5903,100,100,100
,,,,,,,,5904,100,100,100
,,,,,,,,5905,100,100,100
,,,,,,,,5906,100,100,100
,,,,,,,,5907,100,100,100
,,,,,,,,5908,100,100,100
,,,,,,,,5909,100,100,100
,,,,,,,,5910,100,100,100
,,,,,,,,5911,100,100,100
,,,,,,,,5912,100,100,100
,,,,,,,,5913,100,100,100
,,,,,,,,5914,100,100,100
,,,,,,,,5915,100,100,100
,,,,,,,,5916,100,100,100
,,,,,,,,5917,100,100,100
,,,,,,,,5918,100,100,100
,,,,,,,,5919,100,100,100
,,,,,,,,5920,100,100,100
,,,,,,,,5921,100,100,100
,,,,,,,,5922,100,100,100
,,,,,,,,5923,100,100,100
,,,,,,,,5924,100,100,100
,,,,,,,,5925,100,100,100
,,,,,,,,5926,100,100,100
,,,,,,,,5927,100,100,100
,,,,,,,,5928,100,100,100
,,,,,,,,5929,100,100,100
,,,,,,,,5930,100,100,100
,,,,,,,,5931,100,100,100
,,,,,,,,5932,100,100,100
,,,,,,,,5933,100,100,100
,,,,,,,,5934,100,100,100
,,,,,,,,5935,100,100,100
,,,,,,,,5936,100,100,100
,,,,,,,,5937,100,100,100
,,,,,,,,5938,100,100,100
,,,,,,,,5939,100,100,100
,,,,,,,,5940,100,100,100
,,,,,,,,5941,100,100,100
,,,,,,,,5942,100,100,100
,,,,,,,,5943,100,100,100
,,,,,,,,5944,100,100,100
,,,,,,,,5945,100,100,100
,,,,,,,,5946,100,100,100
,,,,,,,,5947,100,100,100
,,,,,,,,5948,100,100,100
,,,,,,,,5949,100,100,100
,,,,,,,,5950,100,100,100
,,,,,,,,5951,100,100,100
,,,,,,,,5952,100,100,100
,,,,,,,,5953,100,100,100
,,,,,,,,5954,100,100,100
,,,,,,,,5955,100,100,100
,,,,,,,,5956,100,100,100
,,,,,,,,5957,100,100,100
,,,,,,,,5958,100,100,100
,,,,,,,,5959,100,100,100
,,,,,,,,5960,100,100,100
,,,,,,,,5961,100,100,100
,,,,,,,,5962,100,100,100
,,,,,,,,5963,100,100,100
,,,,,,,,5964,100,100,100
,,,,,,,,5965,100,100,100
,,,,,,,,5966,100,100,100
,,,,,,,,5967,100,100,100
,,,,,,,,5968,100,100,100
,,,,,,,,5969,100,100,100
,,,,,,,,5970,100,100,100
,,,,,,,,5971,100,100,100
,,,,,,,,5972,100,100,100
,,,,,,,,5973,100,100,100
,,,,,,,,5974,100,100,100
,,,,,,,,5975,100,100,100
,,,,,,,,5976,100,100,100
,,,,,,,,5977,100,100,100
,,,,,,,,5978,100,100,100
,,,,,,,,5979,100,100,100
,,,,,,,,5980,100,100,100
,,,,,,,,5981,100,100,100
,,,,,,,,5982,100,100,100
,,,,,,,,5983,100,100,100
,,,,,,,,5984,100,100,100
,,,,,,,,5985,100,100,100
,,,,,,,,5986,100,100,100
,,,,,,,,5987,100,100,100
,,,,,,,,5988,100,100,100
,,,,,,,,5989,100,100,100
,,,,,,,,5990,100,100,100
,,,,,,,,5991,100,100,100
,,,,,,,,5992,100,100,100
,,,,,,,,5993,100,100,100
,,,,,,,,5994,100,100,100
,,,,,,,,5995,100,100,100
,,,,,,,,5996,100,100,100
,,,,,,,,5997,100,100,100
,,,,,,,,5998,100,100,100
,,,,,,,,5999,100,100,100
,,,,,,,,6000,100,100,100
,,,,,,,,6001,100,100,100
,,,,,,,,6002,100,100,100
,,,,,,,,6003,100,100,100
,,,,,,,,6004,100,100,100
,,,,,,,,6005,100,100,100
,,,,,,,,6006,100,100,100
,,,,,,,,6007,100,100,100
,,,,,,,,6008,100,100,100
,,,,,,,,6009,100,100,100
,,,,,,,,6010,100,100,100
,,,,,,,,6011,100,100,100
,,,,,,,,6012,100,100,100
,,,,,,,,6013,100,100,100
,,,,,,,,6014,100,100,100
,,,,,,,,6015,100,100,100
,,,,,,,,6016,100,100,100
,,,,,,,,6017,100,100,100
,,,,,,,,6018,100,100,100
,,,,,,,,6019,100,100,100
,,,,,,,,6020,100,100,100
,,,,,,,,6021,100,100,100
,,,,,,,,6022,100,100,100
,,,,,,,,6023,100,100,100
,,,,,,,,6024,100,100,100
,,,,,,,,6025,100,100,100
,,,,,,,,6026,100,100,100
,,,,,,,,6027,100,100,100
,,,,,,,,6028,100,100,100
,,,,,,,,6029,100,100,100
,,,,,,,,6030,100,100,100
,,,,,,,,6031,100,100,100
,,,,,,,,6032,100,100,100
,,,,,,,,6033,100,100,100
,,,,,,,,6034,100,100,100
,,,,,,,,6035,100,100,100
,,,,,,,,6036,100,100,100
,,,,,,,,6037,100,100,100
,,,,,,,,6038,100,100,100
,,,,,,,,6039,100,100,100
,,,,,,,,6040,100,100,100
,,,,,,,,6041,100,100,100
,,,,,,,,6042,100,100,100
,,,,,,,,6043,100,100,100
,,,,,,,,6044,100,100,100
,,,,,,,,6045,100,100,100
,,,,,,,,6046,100,100,100
,,,,,,,,6047,100,100,100
,,,,,,,,6048,100,100,100
,,,,,,,,6049,100,100,100
,,,,,,,,6050,100,100,100
,,,,,,,,6051,100,100,100
,,,,,,,,6052,100,100,100
,,,,,,,,6053,100,100,100
,,,,,,,,6054,100,100,100
,,,,,,,,6055,100,100,100
,,,,,,,,6056,100,100,100
,,,,,,,,6057,100,100,100
,,,,,,,,6058,100,100,100
,,,,,,,,6059,100,100,100
,,,,,,,,6060,100,100,100
,,,,,,,,6061,100,100,100
,,,,,,,,6062,100,100,100
,,,,,,,,6063,100,100,100
,,,,,,,,6064,100,100,100
,,,,,,,,6065,100,100,100
,,,,,,,,6066,100,100,100
,,,,,,,,6067,100,100,100
,,,,,,,,6068,100,100,100
,,,,,,,,6069,100,100,100
,,,,,,,,6070,100,100,100
,,,,,,,,6071,100,100,100
,,,,,,,,6072,100,100,100
,,,,,,,,6073,100,100,100
,,,,,,,,6074,100,100,100
,,,,,,,,6075,100,100,100
,,,,,,,,6076,100,100,100
,,,,,,,,6077,100,100,100
,,,,,,,,6078,100,100,100
,,,,,,,,6079,100,100,100
,,,,,,,,6080,100,100,100
,,,,,,,,6081,100,100,100
,,,,,,,,6082,100,100,100
,,,,,,,,6083,100,100,100
,,,,,,,,6084,100,100,100
,,,,,,,,6085,100,100,100
,,,,,,,,6086,100,100,100
,,,,,,,,6087,100,100,100
,,,,,,,,6088,100,100,100
,,,,,,,,6089,100,100,100
,,,,,,,,6090,100,100,100
,,,,,,,,6091,100,100,100
,,,,,,,,6092,100,100,100
,,,,,,,,6093,100,100,100
,,,,,,,,6094,100,100,100
,,,,,,,,6095,100,100,100
,,,,,,,,6096,100,100,100
,,,,,,,,6097,100,100,100
,,,,,,,,6098,100,100,100
,,,,,,,,6099,100,100,100
,,,,,,,,6100,100,100,100
,,,,,,,,6101,100,100,100
,,,,,,,,6102,100,100,100
,,,,,,,,6103,100,100,100
,,,,,,,,6104,100,100,100
,,,,,,,,6105,100,100,100
,,,,,,,,6106,100,100,100
,,,,,,,,6107,100,100,100
,,,,,,,,6108,100,100,100
,,,,,,,,6109,100,100,100
,,,,,,,,6110,100,100,100
,,,,,,,,6111,100,100,100
,,,,,,,,6112,100,100,100
,,,,,,,,6113,100,100,100
,,,,,,,,6114,100,100,100
,,,,,,,,6115,100,100,100
,,,,,,,,6116,100,100,100
,,,,,,,,6117,100,100,100
,,,,,,,,6118,100,100,100
,,,,,,,,6119,100,100,100
,,,,,,,,6120,100,100,100
,,,,,,,,6121,100,100,100
,,,,,,,,6122,100,100,100
,,,,,,,,6123,100,100,100
,,,,,,,,6124,100,100,100
,,,,,,,,6125,100,100,100
,,,,,,,,6126,100,100,100
,,,,,,,,6127,100,100,100
,,,,,,,,6128,100,100,100
,,,,,,,,6129,100,100,100
,,,,,,,,6130,100,100,100
,,,,,,,,6131,100,100,100
,,,,,,,,6132,100,100,100
,,,,,,,,6133,100,100,100
,,,,,,,,6134,100,100,100
,,,,,,,,6135,100,100,100
,,,,,,,,6136,100,100,100
,,,,,,,,6137,100,100,100
,,,,,,,,6138,100,100,100
,,,,,,,,6139,100,100,100
,,,,,,,,6140,100,100,100
,,,,,,,,6141,100,100,100
,,,,,,,,6142,100,100,100
,,,,,,,,6143,100,100,100
,,,,,,,,6144,100,100,100
,,,,,,,,6145,100,100,100
,,,,,,,,6146,100,100,100
,,,,,,,,6147,100,100,100
,,,,,,,,6148,100,100,100
,,,,,,,,6149,100,100,100
,,,,,,,,6150,100,100,100
,,,,,,,,6151,100,100,100
,,,,,,,,6152,100,100,100
,,,,,,,,6153,100,100,100
,,,,,,,,6154,100,100,100
,,,,,,,,6155,100,100,100
,,,,,,,,6156,100,100,100
,,,,,,,,6157,100,100,100
,,,,,,,,6158,100,100,100
,,,,,,,,6159,100,100,100
,,,,,,,,6160,100,100,100
,,,,,,,,6161,100,100,100
,,,,,,,,6162,100,100,100
,,,,,,,,6163,100,100,100
,,,,,,,,6164,100,100,100
,,,,,,,,6165,100,100,100
,,,,,,,,6166,100,100,100
,,,,,,,,6167,100,100,100
,,,,,,,,6168,100,100,100
,,,,,,,,6169,100,100,100
,,,,,,,,6170,100,100,100
,,,,,,,,6171,100,100,100
,,,,,,,,6172,100,100,100
,,,,,,,,6173,100,100,100
,,,,,,,,6174,100,100,100
,,,,,,,,6175,100,100,100
,,,,,,,,6176,100,100,100
,,,,,,,,6177,100,100,100
,,,,,,,,6178,100,100,100
,,,,,,,,6179,100,100,100
,,,,,,,,6180,100,100,100
,,,,,,,,6181,100,100,100
,,,,,,,,6182,100,100,100
,,,,,,,,6183,100,100,100
,,,,,,,,6184,100,100,100
,,,,,,,,6185,100,100,100
,,,,,,,,6186,100,100,100
,,,,,,,,6187,100,100,100
,,,,,,,,6188,100,100,100
,,,,,,,,6189,100,100,100
,,,,,,,,6190,100,100,100
,,,,,,,,6191,100,100,100
,,,,,,,,6192,100,100,100
,,,,,,,,6193,100,100,100
,,,,,,,,6194,100,100,100
,,,,,,,,6195,100,100,100
,,,,,,,,6196,100,100,100
,,,,,,,,6197,100,100,100
,,,,,,,,6198,100,100,100
,,,,,,,,6199,100,100,100
,,,,,,,,6200,100,100,100
,,,,,,,,6201,100,100,100
,,,,,,,,6202,100,100,100
,,,,,,,,6203,100,100,100
,,,,,,,,6204,100,100,100
,,,,,,,,6205,100,100,100
,,,,,,,,6206,100,100,100
,,,,,,,,6207,100,100,100
,,,,,,,,6208,100,100,100
,,,,,,,,6209,100,100,100
,,,,,,,,6210,100,100,100
,,,,,,,,6211,100,100,100
,,,,,,,,6212,100,100,100
,,,,,,,,6213,100,100,100
,,,,,,,,6214,100,100,100
,,,,,,,,6215,100,100,100
,,,,,,,,6216,100,100,100
,,,,,,,,6217,100,100,100
,,,,,,,,6218,100,100,100
,,,,,,,,6219,100,100,100
,,,,,,,,6220,100,100,100
,,,,,,,,6221,100,100,100
,,,,,,,,6222,100,100,100
,,,,,,,,6223,100,100,100
,,,,,,,,6224,100,100,100
,,,,,,,,6225,100,100,100
,,,,,,,,6226,100,100,100
,,,,,,,,6227,100,100,100
,,,,,,,,6228,100,100,100
,,,,,,,,6229,100,100,100
,,,,,,,,6230,100,100,100
,,,,,,,,6231,100,100,100
,,,,,,,,6232,100,100,100
,,,,,,,,6233,100,100,100
,,,,,,,,6234,100,100,100
,,,,,,,,6235,100,100,100
,,,,,,,,6236,100,100,100
,,,,,,,,6237,100,100,100
,,,,,,,,6238,100,100,100
,,,,,,,,6239,100,100,100
,,,,,,,,6240,100,100,100
,,,,,,,,6241,100,100,100
,,,,,,,,6242,100,100,100
,,,,,,,,6243,100,100,100
,,,,,,,,6244,100,100,100
,,,,,,,,6245,100,100,100
,,,,,,,,6246,100,100,100
,,,,,,,,6247,100,100,100
,,,,,,,,6248,100,100,100
,,,,,,,,6249,100,100,100
,,,,,,,,6250,100,100,100
,,,,,,,,6251,100,100,100
,,,,,,,,6252,100,100,100
,,,,,,,,6253,100,100,100
,,,,,,,,6254,100,100,100
,,,,,,,,6255,100,100,100
,,,,,,,,6256,100,100,100
,,,,,,,,6257,100,100,100
,,,,,,,,6258,100,100,100
,,,,,,,,6259,100,100,100
,,,,,,,,6260,100,100,100
,,,,,,,,6261,100,100,100
,,,,,,,,6262,100,100,100
,,,,,,,,6263,100,100,100
,,,,,,,,6264,100,100,100
,,,,,,,,6265,100,100,100
,,,,,,,,6266,100,100,100
,,,,,,,,6267,100,100,100
,,,,,,,,6268,100,100,100
,,,,,,,,6269,100,100,100
,,,,,,,,6270,100,100,100
,,,,,,,,6271,100,100,100
,,,,,,,,6272,100,100,100
,,,,,,,,6273,100,100,100
,,,,,,,,6274,100,100,100
,,,,,,,,6275,100,100,100
,,,,,,,,6276,100,100,100
,,,,,,,,6277,100,100,100
,,,,,,,,6278,100,100,100
,,,,,,,,6279,100,100,100
,,,,,,,,6280,100,100,100
,,,,,,,,6281,100,100,100
,,,,,,,,6282,100,100,100
,,,,,,,,6283,100,100,100
,,,,,,,,6284,100,100,100
,,,,,,,,6285,100,100,100
,,,,,,,,6286,100,100,100
,,,,,,,,6287,100,100,100
,,,,,,,,6288,100,100,100
,,,,,,,,6289,100,100,100
,,,,,,,,6290,100,100,100
,,,,,,,,6291,100,100,100
,,,,,,,,6292,100,100,100
,,,,,,,,6293,100,100,100
,,,,,,,,6294,100,100,100
,,,,,,,,6295,100,100,100
,,,,,,,,6296,100,100,100
,,,,,,,,6297,100,100,100
,,,,,,,,6298,100,100,100
,,,,,,,,6299,100,100,100
,,,,,,,,6300,100,100,100
,,,,,,,,6301,100,100,100
,,,,,,,,6302,100,100,100
,,,,,,,,6303,100,100,100
,,,,,,,,6304,100,100,100
,,,,,,,,6305,100,100,100
,,,,,,,,6306,100,100,100
,,,,,,,,6307,100,100,100
,,,,,,,,6308,100,100,100
,,,,,,,,6309,100,100,100
,,,,,,,,6310,100,100,100
,,,,,,,,6311,100,100,100
,,,,,,,,6312,100,100,100
,,,,,,,,6313,100,100,100
,,,,,,,,6314,100,100,100
,,,,,,,,6315,100,100,100
,,,,,,,,6316,100,100,100
,,,,,,,,6317,100,100,100
,,,,,,,,6318,100,100,100
,,,,,,,,6319,100,100,100
,,,,,,,,6320,100,100,100
,,,,,,,,6321,100,100,100
,,,,,,,,6322,100,100,100
,,,,,,,,6323,100,100,100
,,,,,,,,6324,100,100,100
,,,,,,,,6325,100,100,100
,,,,,,,,6326,100,100,100
,,,,,,,,6327,100,100,100
,,,,,,,,6328,100,100,100
,,,,,,,,6329,100,100,100
,,,,,,,,6330,100,100,100
,,,,,,,,6331,100,100,100
,,,,,,,,6332,100,100,100
,,,,,,,,6333,100,100,100
,,,,,,,,6334,100,100,100
,,,,,,,,6335,100,100,100
,,,,,,,,6336,100,100,100
,,,,,,,,6337,100,100,100
,,,,,,,,6338,100,100,100
,,,,,,,,6339,100,100,100
,,,,,,,,6340,100,100,100
,,,,,,,,6341,100,100,100
,,,,,,,,6342,100,100,100
,,,,,,,,6343,100,100,100
,,,,,,,,6344,100,100,100
,,,,,,,,6345,100,100,100
,,,,,,,,6346,100,100,100
,,,,,,,,6347,100,100,100
,,,,,,,,6348,100,100,100
,,,,,,,,6349,100,100,100
,,,,,,,,6350,100,100,100
,,,,,,,,6351,100,100,100
,,,,,,,,6352,100,100,100
,,,,,,,,6353,100,100,100
,,,,,,,,6354,100,100,100
,,,,,,,,6355,100,100,100
,,,,,,,,6356,100,100,100
,,,,,,,,6357,100,100,100
,,,,,,,,6358,100,100,100
,,,,,,,,6359,100,100,100
,,,,,,,,6360,100,100,100
,,,,,,,,6361,100,100,100
,,,,,,,,6362,100,100,100
,,,,,,,,6363,100,100,100
,,,,,,,,6364,100,100,100
,,,,,,,,6365,100,100,100
,,,,,,,,6366,100,100,100
,,,,,,,,6367,100,100,100
,,,,,,,,6368,100,100,100
,,,,,,,,6369,100,100,100
,,,,,,,,6370,100,100,100
,,,,,,,,6371,100,100,100
,,,,,,,,6372,100,100,100
,,,,,,,,6373,100,100,100
,,,,,,,,6374,100,100,100
,,,,,,,,6375,100,100,100
,,,,,,,,6376,100,100,100
,,,,,,,,6377,100,100,100
,,,,,,,,6378,100,100,100
,,,,,,,,6379,100,100,100
,,,,,,,,6380,100,100,100
,,,,,,,,6381,100,100,100
,,,,,,,,6382,100,100,100
,,,,,,,,6383,100,100,100
,,,,,,,,6384,100,100,100
,,,,,,,,6385,100,100,100
,,,,,,,,6386,100,100,100
,,,,,,,,6387,100,100,100
,,,,,,,,6388,100,100,100
,,,,,,,,6389,100,100,100
,,,,,,,,6390,100,100,100
,,,,,,,,6391,100,100,100
,,,,,,,,6392,100,100,100
,,,,,,,,6393,100,100,100
,,,,,,,,6394,100,100,100
,,,,,,,,6395,100,100,100
,,,,,,,,6396,100,100,100
,,,,,,,,6397,100,100,100
,,,,,,,,6398,100,100,100
,,,,,,,,6399,100,100,100
,,,,,,,,6400,100,100,100
,,,,,,,,6401,100,100,100
,,,,,,,,6402,100,100,100
,,,,,,,,6403,100,100,100
,,,,,,,,6404,100,100,100
,,,,,,,,6405,100,100,100
,,,,,,,,6406,100,100,100
,,,,,,,,6407,100,100,100
,,,,,,,,6408,100,100,100
,,,,,,,,6409,100,100,100
,,,,,,,,6410,100,100,100
,,,,,,,,6411,100,100,100
,,,,,,,,6412,100,100,100
,,,,,,,,6413,100,100,100
,,,,,,,,6414,100,100,100
,,,,,,,,6415,100,100,100
,,,,,,,,6416,100,100,100
,,,,,,,,6417,100,100,100
,,,,,,,,6418,100,100,100
,,,,,,,,6419,100,100,100
,,,,,,,,6420,100,100,100
,,,,,,,,6421,100,100,100
,,,,,,,,6422,100,100,100
,,,,,,,,6423,100,100,100
,,,,,,,,6424,100,100,100
,,,,,,,,6425,100,100,100
,,,,,,,,6426,100,100,100
,,,,,,,,6427,100,100,100
,,,,,,,,6428,100,100,100
,,,,,,,,6429,100,100,100
,,,,,,,,6430,100,100,100
,,,,,,,,6431,100,100,100
,,,,,,,,6432,100,100,100
,,,,,,,,6433,100,100,100
,,,,,,,,6434,100,100,100
,,,,,,,,6435,100,100,100
,,,,,,,,6436,100,100,100
,,,,,,,,6437,100,100,100
,,,,,,,,6438,100,100,100
,,,,,,,,6439,100,100,100
,,,,,,,,6440,100,100,100
,,,,,,,,6441,100,100,100
,,,,,,,,6442,100,100,100
,,,,,,,,6443,100,100,100
,,,,,,,,6444,100,100,100
,,,,,,,,6445,100,100,100
,,,,,,,,6446,100,100,100
,,,,,,,,6447,100,100,100
,,,,,,,,6448,100,100,100
,,,,,,,,6449,100,100,100
,,,,,,,,6450,100,100,100
,,,,,,,,6451,100,100,100
,,,,,,,,6452,100,100,100
,,,,,,,,6453,100,100,100
,,,,,,,,6454,100,100,100
,,,,,,,,6455,100,100,100
,,,,,,,,6456,100,100,100
,,,,,,,,6457,100,100,100
,,,,,,,,6458,100,100,100
,,,,,,,,6459,100,100,100
,,,,,,,,6460,100,100,100
,,,,,,,,6461,100,100,100
,,,,,,,,6462,100,100,100
,,,,,,,,6463,100,100,100
,,,,,,,,6464,100,100,100
,,,,,,,,6465,100,100,100
,,,,,,,,6466,100,100,100
,,,,,,,,6467,100,100,100
,,,,,,,,6468,100,100,100
,,,,,,,,6469,100,100,100
,,,,,,,,6470,100,100,100
,,,,,,,,6471,100,100,100
,,,,,,,,6472,100,100,100
,,,,,,,,6473,100,100,100
,,,,,,,,6474,100,100,100
,,,,,,,,6475,100,100,100
,,,,,,,,6476,100,100,100
,,,,,,,,6477,100,100,100
,,,,,,,,6478,100,100,100
,,,,,,,,6479,100,100,100
,,,,,,,,6480,100,100,100
,,,,,,,,6481,100,100,100
,,,,,,,,6482,100,100,100
,,,,,,,,6483,100,100,100
,,,,,,,,6484,100,100,100
,,,,,,,,6485,100,100,100
,,,,,,,,6486,100,100,100
,,,,,,,,6487,100,100,100
,,,,,,,,6488,100,100,100
,,,,,,,,6489,100,100,100
,,,,,,,,6490,100,100,100
,,,,,,,,6491,100,100,100
,,,,,,,,6492,100,100,100
,,,,,,,,6493,100,100,100
,,,,,,,,6494,100,100,100
,,,,,,,,6495,100,100,100
,,,,,,,,6496,100,100,100
,,,,,,,,6497,100,100,100
,,,,,,,,6498,100,100,100
,,,,,,,,6499,100,100,100
,,,,,,,,6500,100,100,100
,,,,,,,,6501,100,100,100
,,,,,,,,6502,100,100,100
,,,,,,,,6503,100,100,100
,,,,,,,,6504,100,100,100
,,,,,,,,6505,100,100,100
,,,,,,,,6506,100,100,100
,,,,,,,,6507,100,100,100
,,,,,,,,6508,100,100,100
,,,,,,,,6509,100,100,100
,,,,,,,,6510,100,100,100
,,,,,,,,6511,100,100,100
,,,,,,,,6512,100,100,100
,,,,,,,,6513,100,100,100
,,,,,,,,6514,100,100,100
,,,,,,,,6515,100,100,100
,,,,,,,,6516,100,100,100
,,,,,,,,6517,100,100,100
,,,,,,,,6518,100,100,100
,,,,,,,,6519,100,100,100
,,,,,,,,6520,100,100,100
,,,,,,,,6521,100,100,100
,,,,,,,,6522,100,100,100
,,,,,,,,6523,100,100,100
,,,,,,,,6524,100,100,100
,,,,,,,,6525,100,100,100
,,,,,,,,6526,100,100,100
,,,,,,,,6527,100,100,100
,,,,,,,,6528,100,100,100
,,,,,,,,6529,100,100,100
,,,,,,,,6530,100,100,100
,,,,,,,,6531,100,100,100
,,,,,,,,6532,100,100,100
,,,,,,,,6533,100,100,100
,,,,,,,,6534,100,100,100
,,,,,,,,6535,100,100,100
,,,,,,,,6536,100,100,100
,,,,,,,,6537,100,100,100
,,,,,,,,6538,100,100,100
,,,,,,,,6539,100,100,100
,,,,,,,,6540,100,100,100
,,,,,,,,6541,100,100,100
,,,,,,,,6542,100,100,100
,,,,,,,,6543,100,100,100
,,,,,,,,6544,100,100,100
,,,,,,,,6545,100,100,100
,,,,,,,,6546,100,100,100
,,,,,,,,6547,100,100,100
,,,,,,,,6548,100,100,100
,,,,,,,,6549,100,100,100
,,,,,,,,6550,100,100,100
,,,,,,,,6551,100,100,100
,,,,,,,,6552,100,100,100
,,,,,,,,6553,100,100,100
,,,,,,,,6554,100,100,100
,,,,,,,,6555,100,100,100
,,,,,,,,6556,100,100,100
,,,,,,,,6557,100,100,100
,,,,,,,,6558,100,100,100
,,,,,,,,6559,100,100,100
,,,,,,,,6560,100,100,100
,,,,,,,,6561,100,100,100
,,,,,,,,6562,100,100,100
,,,,,,,,6563,100,100,100
,,,,,,,,6564,100,100,100
,,,,,,,,6565,100,100,100
,,,,,,,,6566,100,100,100
,,,,,,,,6567,100,100,100
,,,,,,,,6568,100,100,100
,,,,,,,,6569,100,100,100
,,,,,,,,6570,100,100,100
,,,,,,,,6571,100,100,100
,,,,,,,,6572,100,100,100
,,,,,,,,6573,100,100,100
,,,,,,,,6574,100,100,100
,,,,,,,,6575,100,100,100
,,,,,,,,6576,100,100,100
,,,,,,,,6577,100,100,100
,,,,,,,,6578,100,100,100
,,,,,,,,6579,100,100,100
,,,,,,,,6580,100,100,100
,,,,,,,,6581,100,100,100
,,,,,,,,6582,100,100,100
,,,,,,,,6583,100,100,100
,,,,,,,,6584,100,100,100
,,,,,,,,6585,100,100,100
,,,,,,,,6586,100,100,100
,,,,,,,,6587,100,100,100
,,,,,,,,6588,100,100,100
,,,,,,,,6589,100,100,100
,,,,,,,,6590,100,100,100
,,,,,,,,6591,100,100,100
,,,,,,,,6592,100,100,100
,,,,,,,,6593,100,100,100
,,,,,,,,6594,100,100,100
,,,,,,,,6595,100,100,100
,,,,,,,,6596,100,100,100
,,,,,,,,6597,100,100,100
,,,,,,,,6598,100,100,100
,,,,,,,,6599,100,100,100
,,,,,,,,6600,100,100,100
,,,,,,,,6601,100,100,100
,,,,,,,,6602,100,100,100
,,,,,,,,6603,100,100,100
,,,,,,,,6604,100,100,100
,,,,,,,,6605,100,100,100
,,,,,,,,6606,100,100,100
,,,,,,,,6607,100,100,100
,,,,,,,,6608,100,100,100
,,,,,,,,6609,100,100,100
,,,,,,,,6610,100,100,100
,,,,,,,,6611,100,100,100
,,,,,,,,6612,100,100,100
,,,,,,,,6613,100,100,100
,,,,,,,,6614,100,100,100
,,,,,,,,6615,100,100,100
,,,,,,,,6616,100,100,100
,,,,,,,,6617,100,100,100
,,,,,,,,6618,100,100,100
,,,,,,,,6619,100,100,100
,,,,,,,,6620,100,100,100
,,,,,,,,6621,100,100,100
,,,,,,,,6622,100,100,100
,,,,,,,,6623,100,100,100
,,,,,,,,6624,100,100,100
,,,,,,,,6625,100,100,100
,,,,,,,,6626,100,100,100
,,,,,,,,6627,100,100,100
,,,,,,,,6628,100,100,100
,,,,,,,,6629,100,100,100
,,,,,,,,6630,100,100,100
,,,,,,,,6631,100,100,100
,,,,,,,,6632,100,100,100
,,,,,,,,6633,100,100,100
,,,,,,,,6634,100,100,100
,,,,,,,,6635,100,100,100
,,,,,,,,6636,100,100,100
,,,,,,,,6637,100,100,100
,,,,,,,,6638,100,100,100
,,,,,,,,6639,100,100,100
,,,,,,,,6640,100,100,100
,,,,,,,,6641,100,100,100
,,,,,,,,6642,100,100,100
,,,,,,,,6643,100,100,100
,,,,,,,,6644,100,100,100
,,,,,,,,6645,100,100,100
,,,,,,,,6646,100,100,100
,,,,,,,,6647,100,100,100
,,,,,,,,6648,100,100,100
,,,,,,,,6649,100,100,100
,,,,,,,,6650,100,100,100
,,,,,,,,6651,100,100,100
,,,,,,,,6652,100,100,100
,,,,,,,,6653,100,100,100
,,,,,,,,6654,100,100,100
,,,,,,,,6655,100,100,100
,,,,,,,,6656,100,100,100
,,,,,,,,6657,100,100,100
,,,,,,,,6658,100,100,100
,,,,,,,,6659,100,100,100
,,,,,,,,6660,100,100,100
,,,,,,,,6661,100,100,100
,,,,,,,,6662,100,100,100
,,,,,,,,6663,100,100,100
,,,,,,,,6664,100,100,100
,,,,,,,,6665,100,100,100
,,,,,,,,6666,100,100,100
,,,,,,,,6667,100,100,100
,,,,,,,,6668,100,100,100
,,,,,,,,6669,100,100,100
,,,,,,,,6670,100,100,100
,,,,,,,,6671,100,100,100
,,,,,,,,6672,100,100,100
,,,,,,,,6673,100,100,100
,,,,,,,,6674,100,100,100
,,,,,,,,6675,100,100,100
,,,,,,,,6676,100,100,100
,,,,,,,,6677,100,100,100
,,,,,,,,6678,100,100,100
,,,,,,,,6679,100,100,100
,,,,,,,,6680,100,100,100
,,,,,,,,6681,100,100,100
,,,,,,,,6682,100,100,100
,,,,,,,,6683,100,100,100
,,,,,,,,6684,100,100,100
,,,,,,,,6685,100,100,100
,,,,,,,,6686,100,100,100
,,,,,,,,6687,100,100,100
,,,,,,,,6688,100,100,100
,,,,,,,,6689,100,100,100
,,,,,,,,6690,100,100,100
,,,,,,,,6691,100,100,100
,,,,,,,,6692,100,100,100
,,,,,,,,6693,100,100,100
,,,,,,,,6694,100,100,100
,,,,,,,,6695,100,100,100
,,,,,,,,6696,100,100,100
,,,,,,,,6697,100,100,100
,,,,,,,,6698,100,100,100
,,,,,,,,6699,100,100,100
,,,,,,,,6700,100,100,100
,,,,,,,,6701,100,100,100
,,,,,,,,6702,100,100,100
,,,,,,,,6703,100,100,100
,,,,,,,,6704,100,100,100
,,,,,,,,6705,100,100,100
,,,,,,,,6706,100,100,100
,,,,,,,,6707,100,100,100
,,,,,,,,6708,100,100,100
,,,,,,,,6709,100,100,100
,,,,,,,,6710,100,100,100
,,,,,,,,6711,100,100,100
,,,,,,,,6712,100,100,100
,,,,,,,,6713,100,100,100
,,,,,,,,6714,100,100,100
,,,,,,,,6715,100,100,100
,,,,,,,,6716,100,100,100
,,,,,,,,6717,100,100,100
,,,,,,,,6718,100,100,100
,,,,,,,,6719,100,100,100
,,,,,,,,6720,100,100,100
,,,,,,,,6721,100,100,100
,,,,,,,,6722,100,100,100
,,,,,,,,6723,100,100,100
,,,,,,,,6724,100,100,100
,,,,,,,,6725,100,100,100
,,,,,,,,6726,100,100,100
,,,,,,,,6727,100,100,100
,,,,,,,,6728,100,100,100
,,,,,,,,6729,100,100,100
,,,,,,,,6730,100,100,100
,,,,,,,,6731,100,100,100
,,,,,,,,6732,100,100,100
,,,,,,,,6733,100,100,100
,,,,,,,,6734,100,100,100
,,,,,,,,6735,100,100,100
,,,,,,,,6736,100,100,100
,,,,,,,,6737,100,100,100
,,,,,,,,6738,100,100,100
,,,,,,,,6739,100,100,100
,,,,,,,,6740,100,100,100
,,,,,,,,6741,100,100,100
,,,,,,,,6742,100,100,100
,,,,,,,,6743,100,100,100
,,,,,,,,6744,100,100,100
,,,,,,,,6745,100,100,100
,,,,,,,,6746,100,100,100
,,,,,,,,6747,100,100,100
,,,,,,,,6748,100,100,100
,,,,,,,,6749,100,100,100
,,,,,,,,6750,100,100,100
,,,,,,,,6751,100,100,100
,,,,,,,,6752,100,100,100
,,,,,,,,6753,100,100,100
,,,,,,,,6754,100,100,100
,,,,,,,,6755,100,100,100
,,,,,,,,6756,100,100,100
,,,,,,,,6757,100,100,100
,,,,,,,,6758,100,100,100
,,,,,,,,6759,100,100,100
,,,,,,,,6760,100,100,100
,,,,,,,,6761,100,100,100
,,,,,,,,6762,100,100,100
,,,,,,,,6763,100,100,100
,,,,,,,,6764,100,100,100
,,,,,,,,6765,100,100,100
,,,,,,,,6766,100,100,100
,,,,,,,,6767,100,100,100
,,,,,,,,6768,100,100,100
,,,,,,,,6769,100,100,100
,,,,,,,,6770,100,100,100
,,,,,,,,6771,100,100,100
,,,,,,,,6772,100,100,100
,,,,,,,,6773,100,100,100
,,,,,,,,6774,100,100,100
,,,,,,,,6775,100,100,100
,,,,,,,,6776,100,100,100
,,,,,,,,6777,100,100,100
,,,,,,,,6778,100,100,100
,,,,,,,,6779,100,100,100
,,,,,,,,6780,100,100,100
,,,,,,,,6781,100,100,100
,,,,,,,,6782,100,100,100
,,,,,,,,6783,100,100,100
,,,,,,,,6784,100,100,100
,,,,,,,,6785,100,100,100
,,,,,,,,6786,100,100,100
,,,,,,,,6787,100,100,100
,,,,,,,,6788,100,100,100
,,,,,,,,6789,100,100,100
,,,,,,,,6790,100,100,100
,,,,,,,,6791,100,100,100
,,,,,,,,6792,100,100,100
,,,,,,,,6793,100,100,100
,,,,,,,,6794,100,100,100
,,,,,,,,6795,100,100,100
,,,,,,,,6796,100,100,100
,,,,,,,,6797,100,100,100
,,,,,,,,6798,100,100,100
,,,,,,,,6799,100,100,100
,,,,,,,,6800,100,100,100
,,,,,,,,6801,100,100,100
,,,,,,,,6802,100,100,100
,,,,,,,,6803,100,100,100
,,,,,,,,6804,100,100,100
,,,,,,,,6805,100,100,100
,,,,,,,,6806,100,100,100
,,,,,,,,6807,100,100,100
,,,,,,,,6808,100,100,100
,,,,,,,,6809,100,100,100
,,,,,,,,6810,100,100,100
,,,,,,,,6811,100,100,100
,,,,,,,,6812,100,100,100
,,,,,,,,6813,100,100,100
,,,,,,,,6814,100,100,100
,,,,,,,,6815,100,100,100
,,,,,,,,6816,100,100,100
,,,,,,,,6817,100,100,100
,,,,,,,,6818,100,100,100
,,,,,,,,6819,100,100,100
,,,,,,,,6820,100,100,100
,,,,,,,,6821,100,100,100
,,,,,,,,6822,100,100,100
,,,,,,,,6823,100,100,100
,,,,,,,,6824,100,100,100
,,,,,,,,6825,100,100,100
,,,,,,,,6826,100,100,100
,,,,,,,,6827,100,100,100
,,,,,,,,6828,100,100,100
,,,,,,,,6829,100,100,100
,,,,,,,,6830,100,100,100
,,,,,,,,6831,100,100,100
,,,,,,,,6832,100,100,100
,,,,,,,,6833,100,100,100
,,,,,,,,6834,100,100,100
,,,,,,,,6835,100,100,100
,,,,,,,,6836,100,100,100
,,,,,,,,6837,100,100,100
,,,,,,,,6838,100,100,100
,,,,,,,,6839,100,100,100
,,,,,,,,6840,100,100,100
,,,,,,,,6841,100,100,100
,,,,,,,,6842,100,100,100
,,,,,,,,6843,100,100,100
,,,,,,,,6844,100,100,100
,,,,,,,,6845,100,100,100
,,,,,,,,6846,100,100,100
,,,,,,,,6847,100,100,100
,,,,,,,,6848,100,100,100
,,,,,,,,6849,100,100,100
,,,,,,,,6850,100,100,100
,,,,,,,,6851,100,100,100
,,,,,,,,6852,100,100,100
,,,,,,,,6853,100,100,100
,,,,,,,,6854,100,100,100
,,,,,,,,6855,100,100,100
,,,,,,,,6856,100,100,100
,,,,,,,,6857,100,100,100
,,,,,,,,6858,100,100,100
,,,,,,,,6859,100,100,100
,,,,,,,,6860,100,100,100
,,,,,,,,6861,100,100,100
,,,,,,,,6862,100,100,100
,,,,,,,,6863,100,100,100
,,,,,,,,6864,100,100,100
,,,,,,,,6865,100,100,100
,,,,,,,,6866,100,100,100
,,,,,,,,6867,100,100,100
,,,,,,,,6868,100,100,100
,,,,,,,,6869,100,100,100
,,,,,,,,6870,100,100,100
,,,,,,,,6871,100,100,100
,,,,,,,,6872,100,100,100
,,,,,,,,6873,100,100,100
,,,,,,,,6874,100,100,100
,,,,,,,,6875,100,100,100
,,,,,,,,6876,100,100,100
,,,,,,,,6877,100,100,100
,,,,,,,,6878,100,100,100
,,,,,,,,6879,100,100,100
,,,,,,,,6880,100,100,100
,,,,,,,,6881,100,100,100
,,,,,,,,6882,100,100,100
,,,,,,,,6883,100,100,100
,,,,,,,,6884,100,100,100
,,,,,,,,6885,100,100,100
,,,,,,,,6886,100,100,100
,,,,,,,,6887,100,100,100
,,,,,,,,6888,100,100,100
,,,,,,,,6889,100,100,100
,,,,,,,,6890,100,100,100
,,,,,,,,6891,100,100,100
,,,,,,,,6892,100,100,100
,,,,,,,,6893,100,100,100
,,,,,,,,6894,100,100,100
,,,,,,,,6895,100,100,100
,,,,,,,,6896,100,100,100
,,,,,,,,6897,100,100,100
,,,,,,,,6898,100,100,100
,,,,,,,,6899,100,100,100
,,,,,,,,6900,100,100,100
,,,,,,,,6901,100,100,100
,,,,,,,,6902,100,100,100
,,,,,,,,6903,100,100,100
,,,,,,,,6904,100,100,100
,,,,,,,,6905,100,100,100
,,,,,,,,6906,100,100,100
,,,,,,,,6907,100,100,100
,,,,,,,,6908,100,100,100
,,,,,,,,6909,100,100,100
,,,,,,,,6910,100,100,100
,,,,,,,,6911,100,100,100
,,,,,,,,6912,100,100,100
,,,,,,,,6913,100,100,100
,,,,,,,,6914,100,100,100
,,,,,,,,6915,100,100,100
,,,,,,,,6916,100,100,100
,,,,,,,,6917,100,100,100
,,,,,,,,6918,100,100,100
,,,,,,,,6919,100,100,100
,,,,,,,,6920,100,100,100
,,,,,,,,6921,100,100,100
,,,,,,,,6922,100,100,100
,,,,,,,,6923,100,100,100
,,,,,,,,6924,100,100,100
,,,,,,,,6925,100,100,100
,,,,,,,,6926,100,100,100
,,,,,,,,6927,100,100,100
,,,,,,,,6928,100,100,100
,,,,,,,,6929,100,100,100
,,,,,,,,6930,100,100,100
,,,,,,,,6931,100,100,100
,,,,,,,,6932,100,100,100
,,,,,,,,6933,100,100,100
,,,,,,,,6934,100,100,100
,,,,,,,,6935,100,100,100
,,,,,,,,6936,100,100,100
,,,,,,,,6937,100,100,100
,,,,,,,,6938,100,100,100
,,,,,,,,6939,100,100,100
,,,,,,,,6940,100,100,100
,,,,,,,,6941,100,100,100
,,,,,,,,6942,100,100,100
,,,,,,,,6943,100,100,100
,,,,,,,,6944,100,100,100
,,,,,,,,6945,100,100,100
,,,,,,,,6946,100,100,100
,,,,,,,,6947,100,100,100
,,,,,,,,6948,100,100,100
,,,,,,,,6949,100,100,100
,,,,,,,,6950,100,100,100
,,,,,,,,6951,100,100,100
,,,,,,,,6952,100,100,100
,,,,,,,,6953,100,100,100
,,,,,,,,6954,100,100,100
,,,,,,,,6955,100,100,100
,,,,,,,,6956,100,100,100
,,,,,,,,6957,100,100,100
,,,,,,,,6958,100,100,100
,,,,,,,,6959,100,100,100
,,,,,,,,6960,100,100,100
,,,,,,,,6961,100,100,100
,,,,,,,,6962,100,100,100
,,,,,,,,6963,100,100,100
,,,,,,,,6964,100,100,100
,,,,,,,,6965,100,100,100
,,,,,,,,6966,100,100,100
,,,,,,,,6967,100,100,100
,,,,,,,,6968,100,100,100
,,,,,,,,6969,100,100,100
,,,,,,,,6970,100,100,100
,,,,,,,,6971,100,100,100
,,,,,,,,6972,100,100,100
,,,,,,,,6973,100,100,100
,,,,,,,,6974,100,100,100
,,,,,,,,6975,100,100,100
,,,,,,,,6976,100,100,100
,,,,,,,,6977,100,100,100
,,,,,,,,6978,100,100,100
,,,,,,,,6979,100,100,100
,,,,,,,,6980,100,100,100
,,,,,,,,6981,100,100,100
,,,,,,,,6982,100,100,100
,,,,,,,,6983,100,100,100
,,,,,,,,6984,100,100,100
,,,,,,,,6985,100,100,100
,,,,,,,,6986,100,100,100
,,,,,,,,6987,100,100,100
,,,,,,,,6988,100,100,100
,,,,,,,,6989,100,100,100
,,,,,,,,6990,100,100,100
,,,,,,,,6991,100,100,100
,,,,,,,,6992,100,100,100
,,,,,,,,6993,100,100,100
,,,,,,,,6994,100,100,100
,,,,,,,,6995,100,100,100
,,,,,,,,6996,100,100,100
,,,,,,,,6997,100,100,100
,,,,,,,,6998,100,100,100
,,,,,,,,6999,100,100,100
,,,,,,,,7000,100,100,100
,,,,,,,,7001,100,100,100
,,,,,,,,7002,100,100,100
,,,,,,,,7003,100,100,100
,,,,,,,,7004,100,100,100
,,,,,,,,7005,100,100,100
,,,,,,,,7006,100,100,100
,,,,,,,,7007,100,100,100
,,,,,,,,7008,100,100,100
,,,,,,,,7009,100,100,100
,,,,,,,,7010,100,100,100
,,,,,,,,7011,100,100,100
,,,,,,,,7012,100,100,100
,,,,,,,,7013,100,100,100
,,,,,,,,7014,100,100,100
,,,,,,,,7015,100,100,100
,,,,,,,,7016,100,100,100
,,,,,,,,7017,100,100,100
,,,,,,,,7018,100,100,100
,,,,,,,,7019,100,100,100
,,,,,,,,7020,100,100,100
,,,,,,,,7021,100,100,100
,,,,,,,,7022,100,100,100
,,,,,,,,7023,100,100,100
,,,,,,,,7024,100,100,100
,,,,,,,,7025,100,100,100
,,,,,,,,7026,100,100,100
,,,,,,,,7027,100,100,100
,,,,,,,,7028,100,100,100
,,,,,,,,7029,100,100,100
,,,,,,,,7030,100,100,100
,,,,,,,,7031,100,100,100
,,,,,,,,7032,100,100,100
,,,,,,,,7033,100,100,100
,,,,,,,,7034,100,100,100
,,,,,,,,7035,100,100,100
,,,,,,,,7036,100,100,100
,,,,,,,,7037,100,100,100
,,,,,,,,7038,100,100,100
,,,,,,,,7039,100,100,100
,,,,,,,,7040,100,100,100
,,,,,,,,7041,100,100,100
,,,,,,,,7042,100,100,100
,,,,,,,,7043,100,100,100
,,,,,,,,7044,100,100,100
,,,,,,,,7045,100,100,100
,,,,,,,,7046,100,100,100
,,,,,,,,7047,100,100,100
,,,,,,,,7048,100,100,100
,,,,,,,,7049,100,100,100
,,,,,,,,7050,100,100,100
,,,,,,,,7051,100,100,100
,,,,,,,,7052,100,100,100
,,,,,,,,7053,100,100,100
,,,,,,,,7054,100,100,100
,,,,,,,,7055,100,100,100
,,,,,,,,7056,100,100,100
,,,,,,,,7057,100,100,100
,,,,,,,,7058,100,100,100
,,,,,,,,7059,100,100,100
,,,,,,,,7060,100,100,100
,,,,,,,,7061,100,100,100
,,,,,,,,7062,100,100,100
,,,,,,,,7063,100,100,100
,,,,,,,,7064,100,100,100
,,,,,,,,7065,100,100,100
,,,,,,,,7066,100,100,100
,,,,,,,,7067,100,100,100
,,,,,,,,7068,100,100,100
,,,,,,,,7069,100,100,100
,,,,,,,,7070,100,100,100
,,,,,,,,7071,100,100,100
,,,,,,,,7072,100,100,100
,,,,,,,,7073,100,100,100
,,,,,,,,7074,100,100,100
,,,,,,,,7075,100,100,100
,,,,,,,,7076,100,100,100
,,,,,,,,7077,100,100,100
,,,,,,,,7078,100,100,100
,,,,,,,,7079,100,100,100
,,,,,,,,7080,100,100,100
,,,,,,,,7081,100,100,100
,,,,,,,,7082,100,100,100
,,,,,,,,7083,100,100,100
,,,,,,,,7084,100,100,100
,,,,,,,,7085,100,100,100
,,,,,,,,7086,100,100,100
,,,,,,,,7087,100,100,100
,,,,,,,,7088,100,100,100
,,,,,,,,7089,100,100,100
,,,,,,,,7090,100,100,100
,,,,,,,,7091,100,100,100
,,,,,,,,7092,100,100,100
,,,,,,,,7093,100,100,100
,,,,,,,,7094,100,100,100
,,,,,,,,7095,100,100,100
,,,,,,,,7096,100,100,100
,,,,,,,,7097,100,100,100
,,,,,,,,7098,100,100,100
,,,,,,,,7099,100,100,100
,,,,,,,,7100,100,100,100
,,,,,,,,7101,100,100,100
,,,,,,,,7102,100,100,100
,,,,,,,,7103,100,100,100
,,,,,,,,7104,100,100,100
,,,,,,,,7105,100,100,100
,,,,,,,,7106,100,100,100
,,,,,,,,7107,100,100,100
,,,,,,,,7108,100,100,100
,,,,,,,,7109,100,100,100
,,,,,,,,7110,100,100,100
,,,,,,,,7111,100,100,100
,,,,,,,,7112,100,100,100
,,,,,,,,7113,100,100,100
,,,,,,,,7114,100,100,100
,,,,,,,,7115,100,100,100
,,,,,,,,7116,100,100,100
,,,,,,,,7117,100,100,100
,,,,,,,,7118,100,100,100
,,,,,,,,7119,100,100,100
,,,,,,,,7120,100,100,100
,,,,,,,,7121,100,100,100
,,,,,,,,7122,100,100,100
,,,,,,,,7123,100,100,100
,,,,,,,,7124,100,100,100
,,,,,,,,7125,100,100,100
,,,,,,,,7126,100,100,100
,,,,,,,,7127,100,100,100
,,,,,,,,7128,100,100,100
,,,,,,,,7129,100,100,100
,,,,,,,,7130,100,100,100
,,,,,,,,7131,100,100,100
,,,,,,,,7132,100,100,100
,,,,,,,,7133,100,100,100
,,,,,,,,7134,100,100,100
,,,,,,,,7135,100,100,100
,,,,,,,,7136,100,100,100
,,,,,,,,7137,100,100,100
,,,,,,,,7138,100,100,100
,,,,,,,,7139,100,100,100
,,,,,,,,7140,100,100,100
,,,,,,,,7141,100,100,100
,,,,,,,,7142,100,100,100
,,,,,,,,7143,100,100,100
,,,,,,,,7144,100,100,100
,,,,,,,,7145,100,100,100
,,,,,,,,7146,100,100,100
,,,,,,,,7147,100,100,100
,,,,,,,,7148,100,100,100
,,,,,,,,7149,100,100,100
,,,,,,,,7150,100,100,100
,,,,,,,,7151,100,100,100
,,,,,,,,7152,100,100,100
,,,,,,,,7153,100,100,100
,,,,,,,,7154,100,100,100
,,,,,,,,7155,100,100,100
,,,,,,,,7156,100,100,100
,,,,,,,,7157,100,100,100
,,,,,,,,7158,100,100,100
,,,,,,,,7159,100,100,100
,,,,,,,,7160,100,100,100
,,,,,,,,7161,100,100,100
,,,,,,,,7162,100,100,100
,,,,,,,,7163,100,100,100
,,,,,,,,7164,100,100,100
,,,,,,,,7165,100,100,100
,,,,,,,,7166,100,100,100
,,,,,,,,7167,100,100,100
,,,,,,,,7168,100,100,100
,,,,,,,,7169,100,100,100
,,,,,,,,7170,100,100,100
,,,,,,,,7171,100,100,100
,,,,,,,,7172,100,100,100
,,,,,,,,7173,100,100,100
,,,,,,,,7174,100,100,100
,,,,,,,,7175,100,100,100
,,,,,,,,7176,100,100,100
,,,,,,,,7177,100,100,100
,,,,,,,,7178,100,100,100
,,,,,,,,7179,100,100,100
,,,,,,,,7180,100,100,100
,,,,,,,,7181,100,100,100
,,,,,,,,7182,100,100,100
,,,,,,,,7183,100,100,100
,,,,,,,,7184,100,100,100
,,,,,,,,7185,100,100,100
,,,,,,,,7186,100,100,100
,,,,,,,,7187,100,100,100
,,,,,,,,7188,100,100,100
,,,,,,,,7189,100,100,100
,,,,,,,,7190,100,100,100
,,,,,,,,7191,100,100,100
,,,,,,,,7192,100,100,100
,,,,,,,,7193,100,100,100
,,,,,,,,7194,100,100,100
,,,,,,,,7195,100,100,100
,,,,,,,,7196,100,100,100
,,,,,,,,7197,100,100,100
,,,,,,,,7198,100,100,100
,,,,,,,,7199,100,100,100
,,,,,,,,7200,100,100,100
,,,,,,,,7201,100,100,100
,,,,,,,,7202,100,100,100
,,,,,,,,7203,100,100,100
,,,,,,,,7204,100,100,100
,,,,,,,,7205,100,100,100
,,,,,,,,7206,100,100,100
,,,,,,,,7207,100,100,100
,,,,,,,,7208,100,100,100
,,,,,,,,7209,100,100,100
,,,,,,,,7210,100,100,100
,,,,,,,,7211,100,100,100
,,,,,,,,7212,100,100,100
,,,,,,,,7213,100,100,100
,,,,,,,,7214,100,100,100
,,,,,,,,7215,100,100,100
,,,,,,,,7216,100,100,100
,,,,,,,,7217,100,100,100
,,,,,,,,7218,100,100,100
,,,,,,,,7219,100,100,100
,,,,,,,,7220,100,100,100
,,,,,,,,7221,100,100,100
,,,,,,,,7222,100,100,100
,,,,,,,,7223,100,100,100
,,,,,,,,7224,100,100,100
,,,,,,,,7225,100,100,100
,,,,,,,,7226,100,100,100
,,,,,,,,7227,100,100,100
,,,,,,,,7228,100,100,100
,,,,,,,,7229,100,100,100
,,,,,,,,7230,100,100,100
,,,,,,,,7231,100,100,100
,,,,,,,,7232,100,100,100
,,,,,,,,7233,100,100,100
,,,,,,,,7234,100,100,100
,,,,,,,,7235,100,100,100
,,,,,,,,7236,100,100,100
,,,,,,,,7237,100,100,100
,,,,,,,,7238,100,100,100
,,,,,,,,7239,100,100,100
,,,,,,,,7240,100,100,100
,,,,,,,,7241,100,100,100
,,,,,,,,7242,100,100,100
,,,,,,,,7243,100,100,100
,,,,,,,,7244,100,100,100
,,,,,,,,7245,100,100,100
,,,,,,,,7246,100,100,100
,,,,,,,,7247,100,100,100
,,,,,,,,7248,100,100,100
,,,,,,,,7249,100,100,100
,,,,,,,,7250,100,100,100
,,,,,,,,7251,100,100,100
,,,,,,,,7252,100,100,100
,,,,,,,,7253,100,100,100
,,,,,,,,7254,100,100,100
,,,,,,,,7255,100,100,100
,,,,,,,,7256,100,100,100
,,,,,,,,7257,100,100,100
,,,,,,,,7258,100,100,100
,,,,,,,,7259,100,100,100
,,,,,,,,7260,100,100,100
,,,,,,,,7261,100,100,100
,,,,,,,,7262,100,100,100
,,,,,,,,7263,100,100,100
,,,,,,,,7264,100,100,100
,,,,,,,,7265,100,100,100
,,,,,,,,7266,100,100,100
,,,,,,,,7267,100,100,100
,,,,,,,,7268,100,100,100
,,,,,,,,7269,100,100,100
,,,,,,,,7270,100,100,100
,,,,,,,,7271,100,100,100
,,,,,,,,7272,100,100,100
,,,,,,,,7273,100,100,100
,,,,,,,,7274,100,100,100
,,,,,,,,7275,100,100,100
,,,,,,,,7276,100,100,100
,,,,,,,,7277,100,100,100
,,,,,,,,7278,100,100,100
,,,,,,,,7279,100,100,100
,,,,,,,,7280,100,100,100
,,,,,,,,7281,100,100,100
,,,,,,,,7282,100,100,100
,,,,,,,,7283,100,100,100
,,,,,,,,7284,100,100,100
,,,,,,,,7285,100,100,100
,,,,,,,,7286,100,100,100
,,,,,,,,7287,100,100,100
,,,,,,,,7288,100,100,100
,,,,,,,,7289,100,100,100
,,,,,,,,7290,100,100,100
,,,,,,,,7291,100,100,100
,,,,,,,,7292,100,100,100
,,,,,,,,7293,100,100,100
,,,,,,,,7294,100,100,100
,,,,,,,,7295,100,100,100
,,,,,,,,7296,100,100,100
,,,,,,,,7297,100,100,100
,,,,,,,,7298,100,100,100
,,,,,,,,7299,100,100,100
,,,,,,,,7300,100,100,100
,,,,,,,,7301,100,100,100
,,,,,,,,7302,100,100,100
,,,,,,,,7303,100,100,100
,,,,,,,,7304,100,100,100
,,,,,,,,7305,100,100,100
,,,,,,,,7306,100,100,100
,,,,,,,,7307,100,100,100
,,,,,,,,7308,100,100,100
,,,,,,,,7309,100,100,100
,,,,,,,,7310,100,100,100
,,,,,,,,7311,100,100,100
,,,,,,,,7312,100,100,100
,,,,,,,,7313,100,100,100
,,,,,,,,7314,100,100,100
,,,,,,,,7315,100,100,100
,,,,,,,,7316,100,100,100
,,,,,,,,7317,100,100,100
,,,,,,,,7318,100,100,100
,,,,,,,,7319,100,100,100
,,,,,,,,7320,100,100,100
,,,,,,,,7321,100,100,100
,,,,,,,,7322,100,100,100
,,,,,,,,7323,100,100,100
,,,,,,,,7324,100,100,100
,,,,,,,,7325,100,100,100
,,,,,,,,7326,100,100,100
,,,,,,,,7327,100,100,100
,,,,,,,,7328,100,100,100
,,,,,,,,7329,100,100,100
,,,,,,,,7330,100,100,100
,,,,,,,,7331,100,100,100
,,,,,,,,7332,100,100,100
,,,,,,,,7333,100,100,100
,,,,,,,,7334,100,100,100
,,,,,,,,7335,100,100,100
,,,,,,,,7336,100,100,100
,,,,,,,,7337,100,100,100
,,,,,,,,7338,100,100,100
,,,,,,,,7339,100,100,100
,,,,,,,,7340,100,100,100
,,,,,,,,7341,100,100,100
,,,,,,,,7342,100,100,100
,,,,,,,,7343,100,100,100
,,,,,,,,7344,100,100,100
,,,,,,,,7345,100,100,100
,,,,,,,,7346,100,100,100
,,,,,,,,7347,100,100,100
,,,,,,,,7348,100,100,100
,,,,,,,,7349,100,100,100
,,,,,,,,7350,100,100,100
,,,,,,,,7351,100,100,100
,,,,,,,,7352,100,100,100
,,,,,,,,7353,100,100,100
,,,,,,,,7354,100,100,100
,,,,,,,,7355,100,100,100
,,,,,,,,7356,100,100,100
,,,,,,,,7357,100,100,100
,,,,,,,,7358,100,100,100
,,,,,,,,7359,100,100,100
,,,,,,,,7360,100,100,100
,,,,,,,,7361,100,100,100
,,,,,,,,7362,100,100,100
,,,,,,,,7363,100,100,100
,,,,,,,,7364,100,100,100
,,,,,,,,7365,100,100,100
,,,,,,,,7366,100,100,100
,,,,,,,,7367,100,100,100
,,,,,,,,7368,100,100,100
,,,,,,,,7369,100,100,100
,,,,,,,,7370,100,100,100
,,,,,,,,7371,100,100,100
,,,,,,,,7372,100,100,100
,,,,,,,,7373,100,100,100
,,,,,,,,7374,100,100,100
,,,,,,,,7375,100,100,100
,,,,,,,,7376,100,100,100
,,,,,,,,7377,100,100,100
,,,,,,,,7378,100,100,100
,,,,,,,,7379,100,100,100
,,,,,,,,7380,100,100,100
,,,,,,,,7381,100,100,100
,,,,,,,,7382,100,100,100
,,,,,,,,7383,100,100,100
,,,,,,,,7384,100,100,100
,,,,,,,,7385,100,100,100
,,,,,,,,7386,100,100,100
,,,,,,,,7387,100,100,100
,,,,,,,,7388,100,100,100
,,,,,,,,7389,100,100,100
,,,,,,,,7390,100,100,100
,,,,,,,,7391,100,100,100
,,,,,,,,7392,100,100,100
,,,,,,,,7393,100,100,100
,,,,,,,,7394,100,100,100
,,,,,,,,7395,100,100,100
,,,,,,,,7396,100,100,100
,,,,,,,,7397,100,100,100
,,,,,,,,7398,100,100,100
,,,,,,,,7399,100,100,100
,,,,,,,,7400,100,100,100
,,,,,,,,7401,100,100,100
,,,,,,,,7402,100,100,100
,,,,,,,,7403,100,100,100
,,,,,,,,7404,100,100,100
,,,,,,,,7405,100,100,100
,,,,,,,,7406,100,100,100
,,,,,,,,7407,100,100,100
,,,,,,,,7408,100,100,100
,,,,,,,,7409,100,100,100
,,,,,,,,7410,100,100,100
,,,,,,,,7411,100,100,100
,,,,,,,,7412,100,100,100
,,,,,,,,7413,100,100,100
,,,,,,,,7414,100,100,100
,,,,,,,,7415,100,100,100
,,,,,,,,7416,100,100,100
,,,,,,,,7417,100,100,100
,,,,,,,,7418,100,100,100
,,,,,,,,7419,100,100,100
,,,,,,,,7420,100,100,100
,,,,,,,,7421,100,100,100
,,,,,,,,7422,100,100,100
,,,,,,,,7423,100,100,100
,,,,,,,,7424,100,100,100
,,,,,,,,7425,100,100,100
,,,,,,,,7426,100,100,100
,,,,,,,,7427,100,100,100
,,,,,,,,7428,100,100,100
,,,,,,,,7429,100,100,100
,,,,,,,,7430,100,100,100
,,,,,,,,7431,100,100,100
,,,,,,,,7432,100,100,100
,,,,,,,,7433,100,100,100
,,,,,,,,7434,100,100,100
,,,,,,,,7435,100,100,100
,,,,,,,,7436,100,100,100
,,,,,,,,7437,100,100,100
,,,,,,,,7438,100,100,100
,,,,,,,,7439,100,100,100
,,,,,,,,7440,100,100,100
,,,,,,,,7441,100,100,100
,,,,,,,,7442,100,100,100
,,,,,,,,7443,100,100,100
,,,,,,,,7444,100,100,100
,,,,,,,,7445,100,100,100
,,,,,,,,7446,100,100,100
,,,,,,,,7447,100,100,100
,,,,,,,,7448,100,100,100
,,,,,,,,7449,100,100,100
,,,,,,,,7450,100,100,100
,,,,,,,,7451,100,100,100
,,,,,,,,7452,100,100,100
,,,,,,,,7453,100,100,100
,,,,,,,,7454,100,100,100
,,,,,,,,7455,100,100,100
,,,,,,,,7456,100,100,100
,,,,,,,,7457,100,100,100
,,,,,,,,7458,100,100,100
,,,,,,,,7459,100,100,100
,,,,,,,,7460,100,100,100
,,,,,,,,7461,100,100,100
,,,,,,,,7462,100,100,100
,,,,,,,,7463,100,100,100
,,,,,,,,7464,100,100,100
,,,,,,,,7465,100,100,100
,,,,,,,,7466,100,100,100
,,,,,,,,7467,100,100,100
,,,,,,,,7468,100,100,100
,,,,,,,,7469,100,100,100
,,,,,,,,7470,100,100,100
,,,,,,,,7471,100,100,100
,,,,,,,,7472,100,100,100
,,,,,,,,7473,100,100,100
,,,,,,,,7474,100,100,100
,,,,,,,,7475,100,100,100
,,,,,,,,7476,100,100,100
,,,,,,,,7477,100,100,100
,,,,,,,,7478,100,100,100
,,,,,,,,7479,100,100,100
,,,,,,,,7480,100,100,100
,,,,,,,,7481,100,100,100
,,,,,,,,7482,100,100,100
,,,,,,,,7483,100,100,100
,,,,,,,,7484,100,100,100
,,,,,,,,7485,100,100,100
,,,,,,,,7486,100,100,100
,,,,,,,,7487,100,100,100
,,,,,,,,7488,100,100,100
,,,,,,,,7489,100,100,100
,,,,,,,,7490,100,100,100
,,,,,,,,7491,100,100,100
,,,,,,,,7492,100,100,100
,,,,,,,,7493,100,100,100
,,,,,,,,7494,100,100,100
,,,,,,,,7495,100,100,100
,,,,,,,,7496,100,100,100
,,,,,,,,7497,100,100,100
,,,,,,,,7498,100,100,100
,,,,,,,,7499,100,100,100
,,,,,,,,7500,100,100,100
,,,,,,,,7501,100,100,100
,,,,,,,,7502,100,100,100
,,,,,,,,7503,100,100,100
,,,,,,,,7504,100,100,100
,,,,,,,,7505,100,100,100
,,,,,,,,7506,100,100,100
,,,,,,,,7507,100,100,100
,,,,,,,,7508,100,100,100
,,,,,,,,7509,100,100,100
,,,,,,,,7510,100,100,100
,,,,,,,,7511,100,100,100
,,,,,,,,7512,100,100,100
,,,,,,,,7513,100,100,100
,,,,,,,,7514,100,100,100
,,,,,,,,7515,100,100,100
,,,,,,,,7516,100,100,100
,,,,,,,,7517,100,100,100
,,,,,,,,7518,100,100,100
,,,,,,,,7519,100,100,100
,,,,,,,,7520,100,100,100
,,,,,,,,7521,100,100,100
,,,,,,,,7522,100,100,100
,,,,,,,,7523,100,100,100
,,,,,,,,7524,100,100,100
,,,,,,,,7525,100,100,100
,,,,,,,,7526,100,100,100
,,,,,,,,7527,100,100,100
,,,,,,,,7528,100,100,100
,,,,,,,,7529,100,100,100
,,,,,,,,7530,100,100,100
,,,,,,,,7531,100,100,100
,,,,,,,,7532,100,100,100
,,,,,,,,7533,100,100,100
,,,,,,,,7534,100,100,100
,,,,,,,,7535,100,100,100
,,,,,,,,7536,100,100,100
,,,,,,,,7537,100,100,100
,,,,,,,,7538,100,100,100
,,,,,,,,7539,100,100,100
,,,,,,,,7540,100,100,100
,,,,,,,,7541,100,100,100
,,,,,,,,7542,100,100,100
,,,,,,,,7543,100,100,100
,,,,,,,,7544,100,100,100
,,,,,,,,7545,100,100,100
,,,,,,,,7546,100,100,100
,,,,,,,,7547,100,100,100
,,,,,,,,7548,100,100,100
,,,,,,,,7549,100,100,100
,,,,,,,,7550,100,100,100
,,,,,,,,7551,100,100,100
,,,,,,,,7552,100,100,100
,,,,,,,,7553,100,100,100
,,,,,,,,7554,100,100,100
,,,,,,,,7555,100,100,100
,,,,,,,,7556,100,100,100
,,,,,,,,7557,100,100,100
,,,,,,,,7558,100,100,100
,,,,,,,,7559,100,100,100
,,,,,,,,7560,100,100,100
,,,,,,,,7561,100,100,100
,,,,,,,,7562,100,100,100
,,,,,,,,7563,100,100,100
,,,,,,,,7564,100,100,100
,,,,,,,,7565,100,100,100
,,,,,,,,7566,100,100,100
,,,,,,,,7567,100,100,100
,,,,,,,,7568,100,100,100
,,,,,,,,7569,100,100,100
,,,,,,,,7570,100,100,100
,,,,,,,,7571,100,100,100
,,,,,,,,7572,100,100,100
,,,,,,,,7573,100,100,100
,,,,,,,,7574,100,100,100
,,,,,,,,7575,100,100,100
,,,,,,,,7576,100,100,100
,,,,,,,,7577,100,100,100
,,,,,,,,7578,100,100,100
,,,,,,,,7579,100,100,100
,,,,,,,,7580,100,100,100
,,,,,,,,7581,100,100,100
,,,,,,,,7582,100,100,100
,,,,,,,,7583,100,100,100
,,,,,,,,7584,100,100,100
,,,,,,,,7585,100,100,100
,,,,,,,,7586,100,100,100
,,,,,,,,7587,100,100,100
,,,,,,,,7588,100,100,100
,,,,,,,,7589,100,100,100
,,,,,,,,7590,100,100,100
,,,,,,,,7591,100,100,100
,,,,,,,,7592,100,100,100
,,,,,,,,7593,100,100,100
,,,,,,,,7594,100,100,100
,,,,,,,,7595,100,100,100
,,,,,,,,7596,100,100,100
,,,,,,,,7597,100,100,100
,,,,,,,,7598,100,100,100
,,,,,,,,7599,100,100,100
,,,,,,,,7600,100,100,100
,,,,,,,,7601,100,100,100
,,,,,,,,7602,100,100,100
,,,,,,,,7603,100,100,100
,,,,,,,,7604,100,100,100
,,,,,,,,7605,100,100,100
,,,,,,,,7606,100,100,100
,,,,,,,,7607,100,100,100
,,,,,,,,7608,100,100,100
,,,,,,,,7609,100,100,100
,,,,,,,,7610,100,100,100
,,,,,,,,7611,100,100,100
,,,,,,,,7612,100,100,100
,,,,,,,,7613,100,100,100
,,,,,,,,7614,100,100,100
,,,,,,,,7615,100,100,100
,,,,,,,,7616,100,100,100
,,,,,,,,7617,100,100,100
,,,,,,,,7618,100,100,100
,,,,,,,,7619,100,100,100
,,,,,,,,7620,100,100,100
,,,,,,,,7621,100,100,100
,,,,,,,,7622,100,100,100
,,,,,,,,7623,100,100,100
,,,,,,,,7624,100,100,100
,,,,,,,,7625,100,100,100
,,,,,,,,7626,100,100,100
,,,,,,,,7627,100,100,100
,,,,,,,,7628,100,100,100
,,,,,,,,7629,100,100,100
,,,,,,,,7630,100,100,100
,,,,,,,,7631,100,100,100
,,,,,,,,7632,100,100,100
,,,,,,,,7633,100,100,100
,,,,,,,,7634,100,100,100
,,,,,,,,7635,100,100,100
,,,,,,,,7636,100,100,100
,,,,,,,,7637,100,100,100
,,,,,,,,7638,100,100,100
,,,,,,,,7639,100,100,100
,,,,,,,,7640,100,100,100
,,,,,,,,7641,100,100,100
,,,,,,,,7642,100,100,100
,,,,,,,,7643,100,100,100
,,,,,,,,7644,100,100,100
,,,,,,,,7645,100,100,100
,,,,,,,,7646,100,100,100
,,,,,,,,7647,100,100,100
,,,,,,,,7648,100,100,100
,,,,,,,,7649,100,100,100
,,,,,,,,7650,100,100,100
,,,,,,,,7651,100,100,100
,,,,,,,,7652,100,100,100
,,,,,,,,7653,100,100,100
,,,,,,,,7654,100,100,100
,,,,,,,,7655,100,100,100
,,,,,,,,7656,100,100,100
,,,,,,,,7657,100,100,100
,,,,,,,,7658,100,100,100
,,,,,,,,7659,100,100,100
,,,,,,,,7660,100,100,100
,,,,,,,,7661,100,100,100
,,,,,,,,7662,100,100,100
,,,,,,,,7663,100,100,100
,,,,,,,,7664,100,100,100
,,,,,,,,7665,100,100,100
,,,,,,,,7666,100,100,100
,,,,,,,,7667,100,100,100
,,,,,,,,7668,100,100,100
,,,,,,,,7669,100,100,100
,,,,,,,,7670,100,100,100
,,,,,,,,7671,100,100,100
,,,,,,,,7672,100,100,100
,,,,,,,,7673,100,100,100
,,,,,,,,7674,100,100,100
,,,,,,,,7675,100,100,100
,,,,,,,,7676,100,100,100
,,,,,,,,7677,100,100,100
,,,,,,,,7678,100,100,100
,,,,,,,,7679,100,100,100
,,,,,,,,7680,100,100,100
,,,,,,,,7681,100,100,100
,,,,,,,,7682,100,100,100
,,,,,,,,7683,100,100,100
,,,,,,,,7684,100,100,100
,,,,,,,,7685,100,100,100
,,,,,,,,7686,100,100,100
,,,,,,,,7687,100,100,100
,,,,,,,,7688,100,100,100
,,,,,,,,7689,100,100,100
,,,,,,,,7690,100,100,100
,,,,,,,,7691,100,100,100
,,,,,,,,7692,100,100,100
,,,,,,,,7693,100,100,100
,,,,,,,,7694,100,100,100
,,,,,,,,7695,100,100,100
,,,,,,,,7696,100,100,100
,,,,,,,,7697,100,100,100
,,,,,,,,7698,100,100,100
,,,,,,,,7699,100,100,100
,,,,,,,,7700,100,100,100
,,,,,,,,7701,100,100,100
,,,,,,,,7702,100,100,100
,,,,,,,,7703,100,100,100
,,,,,,,,7704,100,100,100
,,,,,,,,7705,100,100,100
,,,,,,,,7706,100,100,100
,,,,,,,,7707,100,100,100
,,,,,,,,7708,100,100,100
,,,,,,,,7709,100,100,100
,,,,,,,,7710,100,100,100
,,,,,,,,7711,100,100,100
,,,,,,,,7712,100,100,100
,,,,,,,,7713,100,100,100
,,,,,,,,7714,100,100,100
,,,,,,,,7715,100,100,100
,,,,,,,,7716,100,100,100
,,,,,,,,7717,100,100,100
,,,,,,,,7718,100,100,100
,,,,,,,,7719,100,100,100
,,,,,,,,7720,100,100,100
,,,,,,,,7721,100,100,100
,,,,,,,,7722,100,100,100
,,,,,,,,7723,100,100,100
,,,,,,,,7724,100,100,100
,,,,,,,,7725,100,100,100
,,,,,,,,7726,100,100,100
,,,,,,,,7727,100,100,100
,,,,,,,,7728,100,100,100
,,,,,,,,7729,100,100,100
,,,,,,,,7730,100,100,100
,,,,,,,,7731,100,100,100
,,,,,,,,7732,100,100,100
,,,,,,,,7733,100,100,100
,,,,,,,,7734,100,100,100
,,,,,,,,7735,100,100,100
,,,,,,,,7736,100,100,100
,,,,,,,,7737,100,100,100
,,,,,,,,7738,100,100,100
,,,,,,,,7739,100,100,100
,,,,,,,,7740,100,100,100
,,,,,,,,7741,100,100,100
,,,,,,,,7742,100,100,100
,,,,,,,,7743,100,100,100
,,,,,,,,7744,100,100,100
,,,,,,,,7745,100,100,100
,,,,,,,,7746,100,100,100
,,,,,,,,7747,100,100,100
,,,,,,,,7748,100,100,100
,,,,,,,,7749,100,100,100
,,,,,,,,7750,100,100,100
,,,,,,,,7751,100,100,100
,,,,,,,,7752,100,100,100
,,,,,,,,7753,100,100,100
,,,,,,,,7754,100,100,100
,,,,,,,,7755,100,100,100
,,,,,,,,7756,100,100,100
,,,,,,,,7757,100,100,100
,,,,,,,,7758,100,100,100
,,,,,,,,7759,100,100,100
,,,,,,,,7760,100,100,100
,,,,,,,,7761,100,100,100
,,,,,,,,7762,100,100,100
,,,,,,,,7763,100,100,100
,,,,,,,,7764,100,100,100
,,,,,,,,7765,100,100,100
,,,,,,,,7766,100,100,100
,,,,,,,,7767,100,100,100
,,,,,,,,7768,100,100,100
,,,,,,,,7769,100,100,100
,,,,,,,,7770,100,100,100
,,,,,,,,7771,100,100,100
,,,,,,,,7772,100,100,100
,,,,,,,,7773,100,100,100
,,,,,,,,7774,100,100,100
,,,,,,,,7775,100,100,100
,,,,,,,,7776,100,100,100
,,,,,,,,7777,100,100,100
,,,,,,,,7778,100,100,100
,,,,,,,,7779,100,100,100
,,,,,,,,7780,100,100,100
,,,,,,,,7781,100,100,100
,,,,,,,,7782,100,100,100
,,,,,,,,7783,100,100,100
,,,,,,,,7784,100,100,100
,,,,,,,,7785,100,100,100
,,,,,,,,7786,100,100,100
,,,,,,,,7787,100,100,100
,,,,,,,,7788,100,100,100
,,,,,,,,7789,100,100,100
,,,,,,,,7790,100,100,100
,,,,,,,,7791,100,100,100
,,,,,,,,7792,100,100,100
,,,,,,,,7793,100,100,100
,,,,,,,,7794,100,100,100
,,,,,,,,7795,100,100,100
,,,,,,,,7796,100,100,100
,,,,,,,,7797,100,100,100
,,,,,,,,7798,100,100,100
,,,,,,,,7799,100,100,100
,,,,,,,,7800,100,100,100
,,,,,,,,7801,100,100,100
,,,,,,,,7802,100,100,100
,,,,,,,,7803,100,100,100
,,,,,,,,7804,100,100,100
,,,,,,,,7805,100,100,100
,,,,,,,,7806,100,100,100
,,,,,,,,7807,100,100,100
,,,,,,,,7808,100,100,100
,,,,,,,,7809,100,100,100
,,,,,,,,7810,100,100,100
,,,,,,,,7811,100,100,100
,,,,,,,,7812,100,100,100
,,,,,,,,7813,100,100,100
,,,,,,,,7814,100,100,100
,,,,,,,,7815,100,100,100
,,,,,,,,7816,100,100,100
,,,,,,,,7817,100,100,100
,,,,,,,,7818,100,100,100
,,,,,,,,7819,100,100,100
,,,,,,,,7820,100,100,100
,,,,,,,,7821,100,100,100
,,,,,,,,7822,100,100,100
,,,,,,,,7823,100,100,100
,,,,,,,,7824,100,100,100
,,,,,,,,7825,100,100,100
,,,,,,,,7826,100,100,100
,,,,,,,,7827,100,100,100
,,,,,,,,7828,100,100,100
,,,,,,,,7829,100,100,100
,,,,,,,,7830,100,100,100
,,,,,,,,7831,100,100,100
,,,,,,,,7832,100,100,100
,,,,,,,,7833,100,100,100
,,,,,,,,7834,100,100,100
,,,,,,,,7835,100,100,100
,,,,,,,,7836,100,100,100
,,,,,,,,7837,100,100,100
,,,,,,,,7838,100,100,100
,,,,,,,,7839,100,100,100
,,,,,,,,7840,100,100,100
,,,,,,,,7841,100,100,100
,,,,,,,,7842,100,100,100
,,,,,,,,7843,100,100,100
,,,,,,,,7844,100,100,100
,,,,,,,,7845,100,100,100
,,,,,,,,7846,100,100,100
,,,,,,,,7847,100,100,100
,,,,,,,,7848,100,100,100
,,,,,,,,7849,100,100,100
,,,,,,,,7850,100,100,100
,,,,,,,,7851,100,100,100
,,,,,,,,7852,100,100,100
,,,,,,,,7853,100,100,100
,,,,,,,,7854,100,100,100
,,,,,,,,7855,100,100,100
,,,,,,,,7856,100,100,100
,,,,,,,,7857,100,100,100
,,,,,,,,7858,100,100,100
,,,,,,,,7859,100,100,100
,,,,,,,,7860,100,100,100
,,,,,,,,7861,100,100,100
,,,,,,,,7862,100,100,100
,,,,,,,,7863,100,100,100
,,,,,,,,7864,100,100,100
,,,,,,,,7865,100,100,100
,,,,,,,,7866,100,100,100
,,,,,,,,7867,100,100,100
,,,,,,,,7868,100,100,100
,,,,,,,,7869,100,100,100
,,,,,,,,7870,100,100,100
,,,,,,,,7871,100,100,100
,,,,,,,,7872,100,100,100
,,,,,,,,7873,100,100,100
,,,,,,,,7874,100,100,100
,,,,,,,,7875,100,100,100
,,,,,,,,7876,100,100,100
,,,,,,,,7877,100,100,100
,,,,,,,,7878,100,100,100
,,,,,,,,7879,100,100,100
,,,,,,,,7880,100,100,100
,,,,,,,,7881,100,100,100
,,,,,,,,7882,100,100,100
,,,,,,,,7883,100,100,100
,,,,,,,,7884,100,100,100
,,,,,,,,7885,100,100,100
,,,,,,,,7886,100,100,100
,,,,,,,,7887,100,100,100
,,,,,,,,7888,100,100,100
,,,,,,,,7889,100,100,100
,,,,,,,,7890,100,100,100
,,,,,,,,7891,100,100,100
,,,,,,,,7892,100,100,100
,,,,,,,,7893,100,100,100
,,,,,,,,7894,100,100,100
,,,,,,,,7895,100,100,100
,,,,,,,,7896,100,100,100
,,,,,,,,7897,100,100,100
,,,,,,,,7898,100,100,100
,,,,,,,,7899,100,100,100
,,,,,,,,7900,100,100,100
,,,,,,,,7901,100,100,100
,,,,,,,,7902,100,100,100
,,,,,,,,7903,100,100,100
,,,,,,,,7904,100,100,100
,,,,,,,,7905,100,100,100
,,,,,,,,7906,100,100,100
,,,,,,,,7907,100,100,100
,,,,,,,,7908,100,100,100
,,,,,,,,7909,100,100,100
,,,,,,,,7910,100,100,100
,,,,,,,,7911,100,100,100
,,,,,,,,7912,100,100,100
,,,,,,,,7913,100,100,100
,,,,,,,,7914,100,100,100
,,,,,,,,7915,100,100,100
,,,,,,,,7916,100,100,100
,,,,,,,,7917,100,100,100
,,,,,,,,7918,100,100,100
,,,,,,,,7919,100,100,100
,,,,,,,,7920,100,100,100
,,,,,,,,7921,100,100,100
,,,,,,,,7922,100,100,100
,,,,,,,,7923,100,100,100
,,,,,,,,7924,100,100,100
,,,,,,,,7925,100,100,100
,,,,,,,,7926,100,100,100
,,,,,,,,7927,100,100,100
,,,,,,,,7928,100,100,100
,,,,,,,,7929,100,100,100
,,,,,,,,7930,100,100,100
,,,,,,,,7931,100,100,100
,,,,,,,,7932,100,100,100
,,,,,,,,7933,100,100,100
,,,,,,,,7934,100,100,100
,,,,,,,,7935,100,100,100
,,,,,,,,7936,100,100,100
,,,,,,,,7937,100,100,100
,,,,,,,,7938,100,100,100
,,,,,,,,7939,100,100,100
,,,,,,,,7940,100,100,100
,,,,,,,,7941,100,100,100
,,,,,,,,7942,100,100,100
,,,,,,,,7943,100,100,100
,,,,,,,,7944,100,100,100
,,,,,,,,7945,100,100,100
,,,,,,,,7946,100,100,100
,,,,,,,,7947,100,100,100
,,,,,,,,7948,100,100,100
,,,,,,,,7949,100,100,100
,,,,,,,,7950,100,100,100
,,,,,,,,7951,100,100,100
,,,,,,,,7952,100,100,100
,,,,,,,,7953,100,100,100
,,,,,,,,7954,100,100,100
,,,,,,,,7955,100,100,100
,,,,,,,,7956,100,100,100
,,,,,,,,7957,100,100,100
,,,,,,,,7958,100,100,100
,,,,,,,,7959,100,100,100
,,,,,,,,7960,100,100,100
,,,,,,,,7961,100,100,100
,,,,,,,,7962,100,100,100
,,,,,,,,7963,100,100,100
,,,,,,,,7964,100,100,100
,,,,,,,,7965,100,100,100
,,,,,,,,7966,100,100,100
,,,,,,,,7967,100,100,100
,,,,,,,,7968,100,100,100
,,,,,,,,7969,100,100,100
,,,,,,,,7970,100,100,100
,,,,,,,,7971,100,100,100
,,,,,,,,7972,100,100,100
,,,,,,,,7973,100,100,100
,,,,,,,,7974,100,100,100
,,,,,,,,7975,100,100,100
,,,,,,,,7976,100,100,100
,,,,,,,,7977,100,100,100
,,,,,,,,7978,100,100,100
,,,,,,,,7979,100,100,100
,,,,,,,,7980,100,100,100
,,,,,,,,7981,100,100,100
,,,,,,,,7982,100,100,100
,,,,,,,,7983,100,100,100
,,,,,,,,7984,100,100,100
,,,,,,,,7985,100,100,100
,,,,,,,,7986,100,100,100
,,,,,,,,7987,100,100,100
,,,,,,,,7988,100,100,100
,,,,,,,,7989,100,100,100
,,,,,,,,7990,100,100,100
,,,,,,,,7991,100,100,100
,,,,,,,,7992,100,100,100
,,,,,,,,7993,100,100,100
,,,,,,,,7994,100,100,100
,,,,,,,,7995,100,100,100
,,,,,,,,7996,100,100,100
,,,,,,,,7997,100,100,100
,,,,,,,,7998,100,100,100
,,,,,,,,7999,100,100,100
,,,,,,,,8000,100,100,100
,,,,,,,,8001,100,100,100
,,,,,,,,8002,100,100,100
,,,,,,,,8003,100,100,100
,,,,,,,,8004,100,100,100
,,,,,,,,8005,100,100,100
,,,,,,,,8006,100,100,100
,,,,,,,,8007,100,100,100
,,,,,,,,8008,100,100,100
,,,,,,,,8009,100,100,100
,,,,,,,,8010,100,100,100
,,,,,,,,8011,100,100,100
,,,,,,,,8012,100,100,100
,,,,,,,,8013,100,100,100
,,,,,,,,8014,100,100,100
,,,,,,,,8015,100,100,100
,,,,,,,,8016,100,100,100
,,,,,,,,8017,100,100,100
,,,,,,,,8018,100,100,100
,,,,,,,,8019,100,100,100
,,,,,,,,8020,100,100,100
,,,,,,,,8021,100,100,100
,,,,,,,,8022,100,100,100
,,,,,,,,8023,100,100,100
,,,,,,,,8024,100,100,100
,,,,,,,,8025,100,100,100
,,,,,,,,8026,100,100,100
,,,,,,,,8027,100,100,100
,,,,,,,,8028,100,100,100
,,,,,,,,8029,100,100,100
,,,,,,,,8030,100,100,100
,,,,,,,,8031,100,100,100
,,,,,,,,8032,100,100,100
,,,,,,,,8033,100,100,100
,,,,,,,,8034,100,100,100
,,,,,,,,8035,100,100,100
,,,,,,,,8036,100,100,100
,,,,,,,,8037,100,100,100
,,,,,,,,8038,100,100,100
,,,,,,,,8039,100,100,100
,,,,,,,,8040,100,100,100
,,,,,,,,8041,100,100,100
,,,,,,,,8042,100,100,100
,,,,,,,,8043,100,100,100
,,,,,,,,8044,100,100,100
,,,,,,,,8045,100,100,100
,,,,,,,,8046,100,100,100
,,,,,,,,8047,100,100,100
,,,,,,,,8048,100,100,100
,,,,,,,,8049,100,100,100
,,,,,,,,8050,100,100,100
,,,,,,,,8051,100,100,100
,,,,,,,,8052,100,100,100
,,,,,,,,8053,100,100,100
,,,,,,,,8054,100,100,100
,,,,,,,,8055,100,100,100
,,,,,,,,8056,100,100,100
,,,,,,,,8057,100,100,100
,,,,,,,,8058,100,100,100
,,,,,,,,8059,100,100,100
,,,,,,,,8060,100,100,100
,,,,,,,,8061,100,100,100
,,,,,,,,8062,100,100,100
,,,,,,,,8063,100,100,100
,,,,,,,,8064,100,100,100
,,,,,,,,8065,100,100,100
,,,,,,,,8066,100,100,100
,,,,,,,,8067,100,100,100
,,,,,,,,8068,100,100,100
,,,,,,,,8069,100,100,100
,,,,,,,,8070,100,100,100
,,,,,,,,8071,100,100,100
,,,,,,,,8072,100,100,100
,,,,,,,,8073,100,100,100
,,,,,,,,8074,100,100,100
,,,,,,,,8075,100,100,100
,,,,,,,,8076,100,100,100
,,,,,,,,8077,100,100,100
,,,,,,,,8078,100,100,100
,,,,,,,,8079,100,100,100
,,,,,,,,8080,100,100,100
,,,,,,,,8081,100,100,100
,,,,,,,,8082,100,100,100
,,,,,,,,8083,100,100,100
,,,,,,,,8084,100,100,100
,,,,,,,,8085,100,100,100
,,,,,,,,8086,100,100,100
,,,,,,,,8087,100,100,100
,,,,,,,,8088,100,100,100
,,,,,,,,8089,100,100,100
,,,,,,,,8090,100,100,100
,,,,,,,,8091,100,100,100
,,,,,,,,8092,100,100,100
,,,,,,,,8093,100,100,100
,,,,,,,,8094,100,100,100
,,,,,,,,8095,100,100,100
,,,,,,,,8096,100,100,100
,,,,,,,,8097,100,100,100
,,,,,,,,8098,100,100,100
,,,,,,,,8099,100,100,100
,,,,,,,,8100,100,100,100
,,,,,,,,8101,100,100,100
,,,,,,,,8102,100,100,100
,,,,,,,,8103,100,100,100
,,,,,,,,8104,100,100,100
,,,,,,,,8105,100,100,100
,,,,,,,,8106,100,100,100
,,,,,,,,8107,100,100,100
,,,,,,,,8108,100,100,100
,,,,,,,,8109,100,100,100
,,,,,,,,8110,100,100,100
,,,,,,,,8111,100,100,100
,,,,,,,,8112,100,100,100
,,,,,,,,8113,100,100,100
,,,,,,,,8114,100,100,100
,,,,,,,,8115,100,100,100
,,,,,,,,8116,100,100,100
,,,,,,,,8117,100,100,100
,,,,,,,,8118,100,100,100
,,,,,,,,8119,100,100,100
,,,,,,,,8120,100,100,100
,,,,,,,,8121,100,100,100
,,,,,,,,8122,100,100,100
,,,,,,,,8123,100,100,100
,,,,,,,,8124,100,100,100
,,,,,,,,8125,100,100,100
,,,,,,,,8126,100,100,100
,,,,,,,,8127,100,100,100
,,,,,,,,8128,100,100,100
,,,,,,,,8129,100,100,100
,,,,,,,,8130,100,100,100
,,,,,,,,8131,100,100,100
,,,,,,,,8132,100,100,100
,,,,,,,,8133,100,100,100
,,,,,,,,8134,100,100,100
,,,,,,,,8135,100,100,100
,,,,,,,,8136,100,100,100
,,,,,,,,8137,100,100,100
,,,,,,,,8138,100,100,100
,,,,,,,,8139,100,100,100
,,,,,,,,8140,100,100,100
,,,,,,,,8141,100,100,100
,,,,,,,,8142,100,100,100
,,,,,,,,8143,100,100,100
,,,,,,,,8144,100,100,100
,,,,,,,,8145,100,100,100
,,,,,,,,8146,100,100,100
,,,,,,,,8147,100,100,100
,,,,,,,,8148,100,100,100
,,,,,,,,8149,100,100,100
,,,,,,,,8150,100,100,100
,,,,,,,,8151,100,100,100
,,,,,,,,8152,100,100,100
,,,,,,,,8153,100,100,100
,,,,,,,,8154,100,100,100
,,,,,,,,8155,100,100,100
,,,,,,,,8156,100,100,100
,,,,,,,,8157,100,100,100
,,,,,,,,8158,100,100,100
,,,,,,,,8159,100,100,100
,,,,,,,,8160,100,100,100
,,,,,,,,8161,100,100,100
,,,,,,,,8162,100,100,100
,,,,,,,,8163,100,100,100
,,,,,,,,8164,100,100,100
,,,,,,,,8165,100,100,100
,,,,,,,,8166,100,100,100
,,,,,,,,8167,100,100,100
,,,,,,,,8168,100,100,100
,,,,,,,,8169,100,100,100
,,,,,,,,8170,100,100,100
,,,,,,,,8171,100,100,100
,,,,,,,,8172,100,100,100
,,,,,,,,8173,100,100,100
,,,,,,,,8174,100,100,100
,,,,,,,,8175,100,100,100
,,,,,,,,8176,100,100,100
,,,,,,,,8177,100,100,100
,,,,,,,,8178,100,100,100
,,,,,,,,8179,100,100,100
,,,,,,,,8180,100,100,100
,,,,,,,,8181,100,100,100
,,,,,,,,8182,100,100,100
,,,,,,,,8183,100,100,100
,,,,,,,,8184,100,100,100
,,,,,,,,8185,100,100,100
,,,,,,,,8186,100,100,100
,,,,,,,,8187,100,100,100
,,,,,,,,8188,100,100,100
,,,,,,,,8189,100,100,100
,,,,,,,,8190,100,100,100
,,,,,,,,8191,100,100,100
,,,,,,,,8192,100,100,100
,,,,,,,,8193,100,100,100
,,,,,,,,8194,100,100,100
,,,,,,,,8195,100,100,100
,,,,,,,,8196,100,100,100
,,,,,,,,8197,100,100,100
,,,,,,,,8198,100,100,100
,,,,,,,,8199,100,100,100
,,,,,,,,8200,100,100,100
,,,,,,,,8201,100,100,100
,,,,,,,,8202,100,100,100
,,,,,,,,8203,100,100,100
,,,,,,,,8204,100,100,100
,,,,,,,,8205,100,100,100
,,,,,,,,8206,100,100,100
,,,,,,,,8207,100,100,100
,,,,,,,,8208,100,100,100
,,,,,,,,8209,100,100,100
,,,,,,,,8210,100,100,100
,,,,,,,,8211,100,100,100
,,,,,,,,8212,100,100,100
,,,,,,,,8213,100,100,100
,,,,,,,,8214,100,100,100
,,,,,,,,8215,100,100,100
,,,,,,,,8216,100,100,100
,,,,,,,,8217,100,100,100
,,,,,,,,8218,100,100,100
,,,,,,,,8219,100,100,100
,,,,,,,,8220,100,100,100
,,,,,,,,8221,100,100,100
,,,,,,,,8222,100,100,100
,,,,,,,,8223,100,100,100
,,,,,,,,8224,100,100,100
,,,,,,,,8225,100,100,100
,,,,,,,,8226,100,100,100
,,,,,,,,8227,100,100,100
,,,,,,,,8228,100,100,100
,,,,,,,,8229,100,100,100
,,,,,,,,8230,100,100,100
,,,,,,,,8231,100,100,100
,,,,,,,,8232,100,100,100
,,,,,,,,8233,100,100,100
,,,,,,,,8234,100,100,100
,,,,,,,,8235,100,100,100
,,,,,,,,8236,100,100,100
,,,,,,,,8237,100,100,100
,,,,,,,,8238,100,100,100
,,,,,,,,8239,100,100,100
,,,,,,,,8240,100,100,100
,,,,,,,,8241,100,100,100
,,,,,,,,8242,100,100,100
,,,,,,,,8243,100,100,100
,,,,,,,,8244,100,100,100
,,,,,,,,8245,100,100,100
,,,,,,,,8246,100,100,100
,,,,,,,,8247,100,100,100
,,,,,,,,8248,100,100,100
,,,,,,,,8249,100,100,100
,,,,,,,,8250,100,100,100
,,,,,,,,8251,100,100,100
,,,,,,,,8252,100,100,100
,,,,,,,,8253,100,100,100
,,,,,,,,8254,100,100,100
,,,,,,,,8255,100,100,100
,,,,,,,,8256,100,100,100
,,,,,,,,8257,100,100,100
,,,,,,,,8258,100,100,100
,,,,,,,,8259,100,100,100
,,,,,,,,8260,100,100,100
,,,,,,,,8261,100,100,100
,,,,,,,,8262,100,100,100
,,,,,,,,8263,100,100,100
,,,,,,,,8264,100,100,100
,,,,,,,,8265,100,100,100
,,,,,,,,8266,100,100,100
,,,,,,,,8267,100,100,100
,,,,,,,,8268,100,100,100
,,,,,,,,8269,100,100,100
,,,,,,,,8270,100,100,100
,,,,,,,,8271,100,100,100
,,,,,,,,8272,100,100,100
,,,,,,,,8273,100,100,100
,,,,,,,,8274,100,100,100
,,,,,,,,8275,100,100,100
,,,,,,,,8276,100,100,100
,,,,,,,,8277,100,100,100
,,,,,,,,8278,100,100,100
,,,,,,,,8279,100,100,100
,,,,,,,,8280,100,100,100
,,,,,,,,8281,100,100,100
,,,,,,,,8282,100,100,100
,,,,,,,,8283,100,100,100
,,,,,,,,8284,100,100,100
,,,,,,,,8285,100,100,100
,,,,,,,,8286,100,100,100
,,,,,,,,8287,100,100,100
,,,,,,,,8288,100,100,100
,,,,,,,,8289,100,100,100
,,,,,,,,8290,100,100,100
,,,,,,,,8291,100,100,100
,,,,,,,,8292,100,100,100
,,,,,,,,8293,100,100,100
,,,,,,,,8294,100,100,100
,,,,,,,,8295,100,100,100
,,,,,,,,8296,100,100,100
,,,,,,,,8297,100,100,100
,,,,,,,,8298,100,100,100
,,,,,,,,8299,100,100,100
,,,,,,,,8300,100,100,100
,,,,,,,,8301,100,100,100
,,,,,,,,8302,100,100,100
,,,,,,,,8303,100,100,100
,,,,,,,,8304,100,100,100
,,,,,,,,8305,100,100,100
,,,,,,,,8306,100,100,100
,,,,,,,,8307,100,100,100
,,,,,,,,8308,100,100,100
,,,,,,,,8309,100,100,100
,,,,,,,,8310,100,100,100
,,,,,,,,8311,100,100,100
,,,,,,,,8312,100,100,100
,,,,,,,,8313,100,100,100
,,,,,,,,8314,100,100,100
,,,,,,,,8315,100,100,100
,,,,,,,,8316,100,100,100
,,,,,,,,8317,100,100,100
,,,,,,,,8318,100,100,100
,,,,,,,,8319,100,100,100
,,,,,,,,8320,100,100,100
,,,,,,,,8321,100,100,100
,,,,,,,,8322,100,100,100
,,,,,,,,8323,100,100,100
,,,,,,,,8324,100,100,100
,,,,,,,,8325,100,100,100
,,,,,,,,8326,100,100,100
,,,,,,,,8327,100,100,100
,,,,,,,,8328,100,100,100
,,,,,,,,8329,100,100,100
,,,,,,,,8330,100,100,100
,,,,,,,,8331,100,100,100
,,,,,,,,8332,100,100,100
,,,,,,,,8333,100,100,100
,,,,,,,,8334,100,100,100
,,,,,,,,8335,100,100,100
,,,,,,,,8336,100,100,100
,,,,,,,,8337,100,100,100
,,,,,,,,8338,100,100,100
,,,,,,,,8339,100,100,100
,,,,,,,,8340,100,100,100
,,,,,,,,8341,100,100,100
,,,,,,,,8342,100,100,100
,,,,,,,,8343,100,100,100
,,,,,,,,8344,100,100,100
,,,,,,,,8345,100,100,100
,,,,,,,,8346,100,100,100
,,,,,,,,8347,100,100,100
,,,,,,,,8348,100,100,100
,,,,,,,,8349,100,100,100
,,,,,,,,8350,100,100,100
,,,,,,,,8351,100,100,100
,,,,,,,,8352,100,100,100
,,,,,,,,8353,100,100,100
,,,,,,,,8354,100,100,100
,,,,,,,,8355,100,100,100
,,,,,,,,8356,100,100,100
,,,,,,,,8357,100,100,100
,,,,,,,,8358,100,100,100
,,,,,,,,8359,100,100,100
,,,,,,,,8360,100,100,100
,,,,,,,,8361,100,100,100
,,,,,,,,8362,100,100,100
,,,,,,,,8363,100,100,100
,,,,,,,,8364,100,100,100
,,,,,,,,8365,100,100,100
,,,,,,,,8366,100,100,100
,,,,,,,,8367,100,100,100
,,,,,,,,8368,100,100,100
,,,,,,,,8369,100,100,100
,,,,,,,,8370,100,100,100
,,,,,,,,8371,100,100,100
,,,,,,,,8372,100,100,100
,,,,,,,,8373,100,100,100
,,,,,,,,8374,100,100,100
,,,,,,,,8375,100,100,100
,,,,,,,,8376,100,100,100
,,,,,,,,8377,100,100,100
,,,,,,,,8378,100,100,100
,,,,,,,,8379,100,100,100
,,,,,,,,8380,100,100,100
,,,,,,,,8381,100,100,100
,,,,,,,,8382,100,100,100
,,,,,,,,8383,100,100,100
,,,,,,,,8384,100,100,100
,,,,,,,,8385,100,100,100
,,,,,,,,8386,100,100,100
,,,,,,,,8387,100,100,100
,,,,,,,,8388,100,100,100
,,,,,,,,8389,100,100,100
,,,,,,,,8390,100,100,100
,,,,,,,,8391,100,100,100
,,,,,,,,8392,100,100,100
,,,,,,,,8393,100,100,100
,,,,,,,,8394,100,100,100
,,,,,,,,8395,100,100,100
,,,,,,,,8396,100,100,100
,,,,,,,,8397,100,100,100
,,,,,,,,8398,100,100,100
,,,,,,,,8399,100,100,100
,,,,,,,,8400,100,100,100
,,,,,,,,8401,100,100,100
,,,,,,,,8402,100,100,100
,,,,,,,,8403,100,100,100
,,,,,,,,8404,100,100,100
,,,,,,,,8405,100,100,100
,,,,,,,,8406,100,100,100
,,,,,,,,8407,100,100,100
,,,,,,,,8408,100,100,100
,,,,,,,,8409,100,100,100
,,,,,,,,8410,100,100,100
,,,,,,,,8411,100,100,100
,,,,,,,,8412,100,100,100
,,,,,,,,8413,100,100,100
,,,,,,,,8414,100,100,100
,,,,,,,,8415,100,100,100
,,,,,,,,8416,100,100,100
,,,,,,,,8417,100,100,100
,,,,,,,,8418,100,100,100
,,,,,,,,8419,100,100,100
,,,,,,,,8420,100,100,100
,,,,,,,,8421,100,100,100
,,,,,,,,8422,100,100,100
,,,,,,,,8423,100,100,100
,,,,,,,,8424,100,100,100
,,,,,,,,8425,100,100,100
,,,,,,,,8426,100,100,100
,,,,,,,,8427,100,100,100
,,,,,,,,8428,100,100,100
,,,,,,,,8429,100,100,100
,,,,,,,,8430,100,100,100
,,,,,,,,8431,100,100,100
,,,,,,,,8432,100,100,100
,,,,,,,,8433,100,100,100
,,,,,,,,8434,100,100,100
,,,,,,,,8435,100,100,100
,,,,,,,,8436,100,100,100
,,,,,,,,8437,100,100,100
,,,,,,,,8438,100,100,100
,,,,,,,,8439,100,100,100
,,,,,,,,8440,100,100,100
,,,,,,,,8441,100,100,100
,,,,,,,,8442,100,100,100
,,,,,,,,8443,100,100,100
,,,,,,,,8444,100,100,100
,,,,,,,,8445,100,100,100
,,,,,,,,8446,100,100,100
,,,,,,,,8447,100,100,100
,,,,,,,,8448,100,100,100
,,,,,,,,8449,100,100,100
,,,,,,,,8450,100,100,100
,,,,,,,,8451,100,100,100
,,,,,,,,8452,100,100,100
,,,,,,,,8453,100,100,100
,,,,,,,,8454,100,100,100
,,,,,,,,8455,100,100,100
,,,,,,,,8456,100,100,100
,,,,,,,,8457,100,100,100
,,,,,,,,8458,100,100,100
,,,,,,,,8459,100,100,100
,,,,,,,,8460,100,100,100
,,,,,,,,8461,100,100,100
,,,,,,,,8462,100,100,100
,,,,,,,,8463,100,100,100
,,,,,,,,8464,100,100,100
,,,,,,,,8465,100,100,100
,,,,,,,,8466,100,100,100
,,,,,,,,8467,100,100,100
,,,,,,,,8468,100,100,100
,,,,,,,,8469,100,100,100
,,,,,,,,8470,100,100,100
,,,,,,,,8471,100,100,100
,,,,,,,,8472,100,100,100
,,,,,,,,8473,100,100,100
,,,,,,,,8474,100,100,100
,,,,,,,,8475,100,100,100
,,,,,,,,8476,100,100,100
,,,,,,,,8477,100,100,100
,,,,,,,,8478,100,100,100
,,,,,,,,8479,100,100,100
,,,,,,,,8480,100,100,100
,,,,,,,,8481,100,100,100
,,,,,,,,8482,100,100,100
,,,,,,,,8483,100,100,100
,,,,,,,,8484,100,100,100
,,,,,,,,8485,100,100,100
,,,,,,,,8486,100,100,100
,,,,,,,,8487,100,100,100
,,,,,,,,8488,100,100,100
,,,,,,,,8489,100,100,100
,,,,,,,,8490,100,100,100
,,,,,,,,8491,100,100,100
,,,,,,,,8492,100,100,100
,,,,,,,,8493,100,100,100
,,,,,,,,8494,100,100,100
,,,,,,,,8495,100,100,100
,,,,,,,,8496,100,100,100
,,,,,,,,8497,100,100,100
,,,,,,,,8498,100,100,100
,,,,,,,,8499,100,100,100
,,,,,,,,8500,100,100,100
,,,,,,,,8501,100,100,100
,,,,,,,,8502,100,100,100
,,,,,,,,8503,100,100,100
,,,,,,,,8504,100,100,100
,,,,,,,,8505,100,100,100
,,,,,,,,8506,100,100,100
,,,,,,,,8507,100,100,100
,,,,,,,,8508,100,100,100
,,,,,,,,8509,100,100,100
,,,,,,,,8510,100,100,100
,,,,,,,,8511,100,100,100
,,,,,,,,8512,100,100,100
,,,,,,,,8513,100,100,100
,,,,,,,,8514,100,100,100
,,,,,,,,8515,100,100,100
,,,,,,,,8516,100,100,100
,,,,,,,,8517,100,100,100
,,,,,,,,8518,100,100,100
,,,,,,,,8519,100,100,100
,,,,,,,,8520,100,100,100
,,,,,,,,8521,100,100,100
,,,,,,,,8522,100,100,100
,,,,,,,,8523,100,100,100
,,,,,,,,8524,100,100,100
,,,,,,,,8525,100,100,100
,,,,,,,,8526,100,100,100
,,,,,,,,8527,100,100,100
,,,,,,,,8528,100,100,100
,,,,,,,,8529,100,100,100
,,,,,,,,8530,100,100,100
,,,,,,,,8531,100,100,100
,,,,,,,,8532,100,100,100
,,,,,,,,8533,100,100,100
,,,,,,,,8534,100,100,100
,,,,,,,,8535,100,100,100
,,,,,,,,8536,100,100,100
,,,,,,,,8537,100,100,100
,,,,,,,,8538,100,100,100
,,,,,,,,8539,100,100,100
,,,,,,,,8540,100,100,100
,,,,,,,,8541,100,100,100
,,,,,,,,8542,100,100,100
,,,,,,,,8543,100,100,100
,,,,,,,,8544,100,100,100
,,,,,,,,8545,100,100,100
,,,,,,,,8546,100,100,100
,,,,,,,,8547,100,100,100
,,,,,,,,8548,100,100,100
,,,,,,,,8549,100,100,100
,,,,,,,,8550,100,100,100
,,,,,,,,8551,100,100,100
,,,,,,,,8552,100,100,100
,,,,,,,,8553,100,100,100
,,,,,,,,8554,100,100,100
,,,,,,,,8555,100,100,100
,,,,,,,,8556,100,100,100
,,,,,,,,8557,100,100,100
,,,,,,,,8558,100,100,100
,,,,,,,,8559,100,100,100
,,,,,,,,8560,100,100,100
,,,,,,,,8561,100,100,100
,,,,,,,,8562,100,100,100
,,,,,,,,8563,100,100,100
,,,,,,,,8564,100,100,100
,,,,,,,,8565,100,100,100
,,,,,,,,8566,100,100,100
,,,,,,,,8567,100,100,100
,,,,,,,,8568,100,100,100
,,,,,,,,8569,100,100,100
,,,,,,,,8570,100,100,100
,,,,,,,,8571,100,100,100
,,,,,,,,8572,100,100,100
,,,,,,,,8573,100,100,100
,,,,,,,,8574,100,100,100
,,,,,,,,8575,100,100,100
,,,,,,,,8576,100,100,100
,,,,,,,,8577,100,100,100
,,,,,,,,8578,100,100,100
,,,,,,,,8579,100,100,100
,,,,,,,,8580,100,100,100
,,,,,,,,8581,100,100,100
,,,,,,,,8582,100,100,100
,,,,,,,,8583,100,100,100
,,,,,,,,8584,100,100,100
,,,,,,,,8585,100,100,100
,,,,,,,,8586,100,100,100
,,,,,,,,8587,100,100,100
,,,,,,,,8588,100,100,100
,,,,,,,,8589,100,100,100
,,,,,,,,8590,100,100,100
,,,,,,,,8591,100,100,100
,,,,,,,,8592,100,100,100
,,,,,,,,8593,100,100,100
,,,,,,,,8594,100,100,100
,,,,,,,,8595,100,100,100
,,,,,,,,8596,100,100,100
,,,,,,,,8597,100,100,100
,,,,,,,,8598,100,100,100
,,,,,,,,8599,100,100,100
,,,,,,,,8600,100,100,100
,,,,,,,,8601,100,100,100
,,,,,,,,8602,100,100,100
,,,,,,,,8603,100,100,100
,,,,,,,,8604,100,100,100
,,,,,,,,8605,100,100,100
,,,,,,,,8606,100,100,100
,,,,,,,,8607,100,100,100
,,,,,,,,8608,100,100,100
,,,,,,,,8609,100,100,100
,,,,,,,,8610,100,100,100
,,,,,,,,8611,100,100,100
,,,,,,,,8612,100,100,100
,,,,,,,,8613,100,100,100
,,,,,,,,8614,100,100,100
,,,,,,,,8615,100,100,100
,,,,,,,,8616,100,100,100
,,,,,,,,8617,100,100,100
,,,,,,,,8618,100,100,100
,,,,,,,,8619,100,100,100
,,,,,,,,8620,100,100,100
,,,,,,,,8621,100,100,100
,,,,,,,,8622,100,100,100
,,,,,,,,8623,100,100,100
,,,,,,,,8624,100,100,100
,,,,,,,,8625,100,100,100
,,,,,,,,8626,100,100,100
,,,,,,,,8627,100,100,100
,,,,,,,,8628,100,100,100
,,,,,,,,8629,100,100,100
,,,,,,,,8630,100,100,100
,,,,,,,,8631,100,100,100
,,,,,,,,8632,100,100,100
,,,,,,,,8633,100,100,100
,,,,,,,,8634,100,100,100
,,,,,,,,8635,100,100,100
,,,,,,,,8636,100,100,100
,,,,,,,,8637,100,100,100
,,,,,,,,8638,100,100,100
,,,,,,,,8639,100,100,100
,,,,,,,,8640,100,100,100
,,,,,,,,8641,100,100,100
,,,,,,,,8642,100,100,100
,,,,,,,,8643,100,100,100
,,,,,,,,8644,100,100,100
,,,,,,,,8645,100,100,100
,,,,,,,,8646,100,100,100
,,,,,,,,8647,100,100,100
,,,,,,,,8648,100,100,100
,,,,,,,,8649,100,100,100
,,,,,,,,8650,100,100,100
,,,,,,,,8651,100,100,100
,,,,,,,,8652,100,100,100
,,,,,,,,8653,100,100,100
,,,,,,,,8654,100,100,100
,,,,,,,,8655,100,100,100
,,,,,,,,8656,100,100,100
,,,,,,,,8657,100,100,100
,,,,,,,,8658,100,100,100
,,,,,,,,8659,100,100,100
,,,,,,,,8660,100,100,100
,,,,,,,,8661,100,100,100
,,,,,,,,8662,100,100,100
,,,,,,,,8663,100,100,100
,,,,,,,,8664,100,100,100
,,,,,,,,8665,100,100,100
,,,,,,,,8666,100,100,100
,,,,,,,,8667,100,100,100
,,,,,,,,8668,100,100,100
,,,,,,,,8669,100,100,100
,,,,,,,,8670,100,100,100
,,,,,,,,8671,100,100,100
,,,,,,,,8672,100,100,100
,,,,,,,,8673,100,100,100
,,,,,,,,8674,100,100,100
,,,,,,,,8675,100,100,100
,,,,,,,,8676,100,100,100
,,,,,,,,8677,100,100,100
,,,,,,,,8678,100,100,100
,,,,,,,,8679,100,100,100
,,,,,,,,8680,100,100,100
,,,,,,,,8681,100,100,100
,,,,,,,,8682,100,100,100
,,,,,,,,8683,100,100,100
,,,,,,,,8684,100,100,100
,,,,,,,,8685,100,100,100
,,,,,,,,8686,100,100,100
,,,,,,,,8687,100,100,100
,,,,,,,,8688,100,100,100
,,,,,,,,8689,100,100,100
,,,,,,,,8690,100,100,100
,,,,,,,,8691,100,100,100
,,,,,,,,8692,100,100,100
,,,,,,,,8693,100,100,100
,,,,,,,,8694,100,100,100
,,,,,,,,8695,100,100,100
,,,,,,,,8696,100,100,100
,,,,,,,,8697,100,100,100
,,,,,,,,8698,100,100,100
,,,,,,,,8699,100,100,100
,,,,,,,,8700,100,100,100
,,,,,,,,8701,100,100,100
,,,,,,,,8702,100,100,100
,,,,,,,,8703,100,100,100
,,,,,,,,8704,100,100,100
,,,,,,,,8705,100,100,100
,,,,,,,,8706,100,100,100
,,,,,,,,8707,100,100,100
,,,,,,,,8708,100,100,100
,,,,,,,,8709,100,100,100
,,,,,,,,8710,100,100,100
,,,,,,,,8711,100,100,100
,,,,,,,,8712,100,100,100
,,,,,,,,8713,100,100,100
,,,,,,,,8714,100,100,100
,,,,,,,,8715,100,100,100
,,,,,,,,8716,100,100,100
,,,,,,,,8717,100,100,100
,,,,,,,,8718,100,100,100
,,,,,,,,8719,100,100,100
,,,,,,,,8720,100,100,100
,,,,,,,,8721,100,100,100
,,,,,,,,8722,100,100,100
,,,,,,,,8723,100,100,100
,,,,,,,,8724,100,100,100
,,,,,,,,8725,100,100,100
,,,,,,,,8726,100,100,100
,,,,,,,,8727,100,100,100
,,,,,,,,8728,100,100,100
,,,,,,,,8729,100,100,100
,,,,,,,,8730,100,100,100
,,,,,,,,8731,100,100,100
,,,,,,,,8732,100,100,100
,,,,,,,,8733,100,100,100
,,,,,,,,8734,100,100,100
,,,,,,,,8735,100,100,100
,,,,,,,,8736,100,100,100
,,,,,,,,8737,100,100,100
,,,,,,,,8738,100,100,100
,,,,,,,,8739,100,100,100
,,,,,,,,8740,100,100,100
,,,,,,,,8741,100,100,100
,,,,,,,,8742,100,100,100
,,,,,,,,8743,100,100,100
,,,,,,,,8744,100,100,100
,,,,,,,,8745,100,100,100
,,,,,,,,8746,100,100,100
,,,,,,,,8747,100,100,100
,,,,,,,,8748,100,100,100
,,,,,,,,8749,100,100,100
,,,,,,,,8750,100,100,100
,,,,,,,,8751,100,100,100
,,,,,,,,8752,100,100,100
,,,,,,,,8753,100,100,100
,,,,,,,,8754,100,100,100
,,,,,,,,8755,100,100,100
,,,,,,,,8756,100,100,100
,,,,,,,,8757,100,100,100
,,,,,,,,8758,100,100,100
,,,,,,,,8759,100,100,100
,,,,,,,,8760,100,100,100