Status,Solve,Objval
OPTIMAL,1.125999927520752,9166.497986504626
