Costs,Total,Zone1,Zone2,Zone3
cTotal,7.442048595982817e10,1.1508657533113878e10,1.0783611436043915e10,7.224130841666456e9
cFix,2.7896940459920883e10,1.0006450101291094e10,9.64936691505309e9,8.241123443576702e9
cVar,2.758988583381681e9,1.5022074318227847e9,1.254591980796251e9,2.1891707626110488e6
cNSE,0.0,0.0,0.0,0.0
cStart,0.0,0.0,0.0,0.0
cUnmetRsv,0.0,-,-,-
cNetworkExp,7.932258543588086e8,-,-,-
