Status,Solve,Objval
OPTIMAL,0.5169999599456787,22953.228296386424
