Status,Solve,Objval
OPTIMAL,3.1660001277923584,74420.48595982818
