Status,Solve,Objval
OPTIMAL,4.817999839782715,66437.1646156902
