Status,Solve,Objval
OPTIMAL,9.780999898910522,49856.39201738807
