Status,Solve,Objval
LOCALLY_SOLVED,743.433000087738,70854.11912134882
