Status,Solve,Objval
OPTIMAL,97.1340000629425,16013.09017153442
