Status,Solve,Objval
OPTIMAL,59.550999879837036,8205.19220451373
