Status,Solve,Objval
OPTIMAL,6.019000053405762,49856.39201738807
