Status,Solve,Objval
OPTIMAL,65.26200008392334,4.051403259566375e10
