Status,Solve,Objval
OPTIMAL,3.427999973297119,74420.48595982818
