Status,Solve,Objval
OPTIMAL,0.5350000858306885,22953.228296386424
