Status,Solve,Objval
OPTIMAL,5.121999979019165,66437.1646156902
