Costs,Total,Zone1,Zone2,Zone3
cTotal,5.3777164840964516e10,1.751548320285487e9,9.276673968519443e8,2.7941776415422123e7
cFix,1.781324659738657e9,1.0393045074810839e9,7.100015297914248e8,3.2018622466148272e7
cVar,9.361969495693934e8,7.122438128044031e8,2.176658670605196e8,6.287269704453666e6
cNSE,0.0,0.0,0.0,0.0
cStart,0.0,0,0,0
cUnmetRsv,0.0,-,-,-
cNetworkExp,0.0,-,-,-
