Status,Solve,Objval
OPTIMAL,2.0839998722076416,5.3777164840964516e10
