Fuel,AnnualSum
CT_NG,10637.969219430914
ME_NG,0.0
MA_NG,22174143.515632745
None,0.0
