Status,Solve,Objval
OPTIMAL,110.43488097190857,3336.0604390653443
