Status,Solve,Objval
LOCALLY_SOLVED,460.81300020217896,47714.13399489239
