Time_Index,natural_gas,coal,nuclear,None
0,0.05306,0.05306,0.05306,0.05306
1,0.05306,0.05306,0.05306,0.05306