Status,Solve,Objval
OPTIMAL,58.82599997520447,7.523025307083634e9
