Status,Solve,Objval
OPTIMAL,11.372375011444092,1.2103281216775963e10
