Status,Solve,Objval
OPTIMAL,25.818000078201294,3.4520460149300545e10
