Costs,Total,Zone1,Zone2,Zone3
cTotal,2.314663307820917e9,0.0,0.0,0.0
cFix,0.0,0.0,0.0,0.0
cVar,0.0,0.0,0.0,0.0
cNSE,6.751055025000008e8,4.747871700000006e8,1.3559247000000003e8,6.472586250000001e7
cStart,0.0,0.0,0.0,0.0
cUnmetRsv,0.0,-,-,-
cNetworkExp,0.0,-,-,-
