Status,Solve,Objval
OPTIMAL,3.9760000705718994,2314.663307820917
