Status,Solve,Objval
OPTIMAL,0.4049999713897705,41848.478870911036
