Status,Solve,Objval
LOCALLY_SOLVED,425.6229999065399,46953.34076807963
