Costs,Total,Zone1,Zone2,Zone3
cTotal,6.0884818653831764e10,1.0662115822906115e10,9.151344076266775e9,2.695219457398642e9
cFix,2.2415390523088623e10,1.0762337597121477e10,8.958045648237331e9,2.6950072777298155e9
cVar,8.648018480652407e8,4.262598821459713e8,4.383297862504464e8,212179.6688266762
cNSE,0.0,0.0,0.0,0.0
cStart,0.0,0.0,0.0,0.0
cUnmetRsv,0.0,-,-,-
cNetworkExp,4.153529511959015e8,-,-,-
