Status,Solve,Objval
OPTIMAL,8.835999965667725,2.2923953771913536e10
