Status,Solve,Objval
OPTIMAL,2.562000036239624,60884.81865383177
