Status,Solve,Objval
OPTIMAL,48.31699991226196,7142.895196640564
