Status,Solve,Objval
OPTIMAL,53.6010000705719,8205.19220451373
