Status,Solve,Objval
OPTIMAL,64.33000016212463,8.276708983719569e9
