Status,Solve,Objval
OPTIMAL,5.810999870300293,6.530887247147645e10
