Status,Solve,Objval
OPTIMAL,3.378999948501587,1.8950791941981018e10
