Status,Solve,Objval
OPTIMAL,7.313000202178955,5.531225651963051e6
