Costs,Total,Zone1
cTotal,2.4645474910509884e10,1.4664704854517294e10
cFix,2.4631538189172424e10,2.4631538189172424e10
cVar,1.3936721337448502e7,1.3936721337448511e7
cNSE,0.0,0.0
cStart,0.0,0.0
cUnmetRsv,0.0,-
cNetworkExp,0.0,-
