Status,Solve,Objval
OPTIMAL,9.802886009216309,24645.474910509885
