Status,Solve,Objval
OPTIMAL,61.575000047683716,7142.895196640564
