Status,Solve,Objval
OPTIMAL,0.14499998092651367,53626.75737192478
