Status,Solve,Objval
OPTIMAL,0.7970001697540283,2890.963349905248
