Status,Solve,Objval
OPTIMAL,6.106000185012817,5.531202110786544e6
