Status,Solve,Objval
OPTIMAL,107.8659999370575,5804.981475654747
