Status,Solve,Objval
OPTIMAL,107.5789999961853,5.202655634808255e9
