Iteration_Number,Seconds,Upper_Bound,Lower_Bound,Relative_Gap
1,64.39400005340576,6.705226978414371e10,6.644328256810501e10,0.009165519710957665
