Fuel,AnnualSum
NG,0.0
None,0.0
coal,39186.87293436917
blue_ammonia,5.841974613001934e8
