Status,Solve,Objval
OPTIMAL,0.26600003242492676,4632.212246323032
