Iteration_Number,Seconds,Upper_Bound,Lower_Bound,Relative_Gap
1,146.99000000953674,45190.068046340006,45021.57773584427,0.003742434605120225
