Status,Solve,Objval
OPTIMAL,0.3900001049041748,41848.478870911036
