Status,Solve,Objval
OPTIMAL,4.144999980926514,2314.663307820917
