Status,Solve,Objval
OPTIMAL,55.926570892333984,21761.979199203688
