Status,Solve,Objval
OPTIMAL,0.14400005340576172,4.980869709798807e10
