Costs,Total,Zone1
cTotal,2.4645474910509872e10,1.4664704854517294e10
cFix,2.4631538189172417e10,2.4631538189172417e10
cVar,1.3936721337448504e7,1.3936721337448508e7
cNSE,0.0,0.0
cStart,0.0,0.0
cUnmetRsv,0.0,-
cNetworkExp,0.0,-
