Costs,Total,Zone1
cTotal,2.2179053741877623e9,2.216583214873476e9
cFix,1.7975662500000002e9,1.7975662500000002e9
cVar,4.190169648734765e8,4.190169648734761e8
cNSE,1.0027472527472316e6,1.0027472527472316e6
cStart,319412.0615384616,319412.0615384616
cUnmetRsv,0.0,-
cNetworkExp,0.0,-
