Costs,Total,Zone1
cTotal,2.4114611740578914e9,2.1319208783995914e9
cFix,1.9916041831232293e9,1.9916041831232293e9
cVar,4.198569909346629e8,4.1985699093466324e8
cNSE,0.0,0.0
cStart,0.0,0.0
cUnmetRsv,0.0,-
cNetworkExp,0.0,-
