Costs,Total,Zone1
cTotal,2.1820847779058156e9,2.174724962150942e9
cFix,1.7557087644465723e9,1.7557087644465723e9
cVar,4.1901654000545657e8,4.1901654000545853e8
cNSE,7.068618720640498e6,7.068618720640499e6
cStart,290854.7331455659,290854.7331455666
cUnmetRsv,0.0,-
cNetworkExp,0.0,-
