region,Resource,zone,Cluster,R_ID,Inv_cost_MW,Inv_cost_MWh,Fixed_OM_cost_MW,Fixed_OM_cost_MWh,Var_OM_cost_out,Fuel_cost,Var_OM_cost_in,StartCost,Charge_cost,EnergyRevenue,SubsidyRevenue,ReserveMarginRevenue,ESRRevenue,EmissionsCost,RegSubsidyRevenue,Revenue,Cost,Profit
NE,natural_gas_combined_cycle,1,1,1,691296.1189348986,0.0,108736.43999209943,0.0,162085.73359375,1041.6959693447673,0.0,0.0,0.0,1.9044908e7,0.0,0.0,0.0,1.8081748138056807e7,0.0,1.9044908e7,1.90449081265469e7,-0.12654690071940422
NE,solar_pv,1,1,2,9.821598119279589e9,0.0,2.1600607352600837e9,0.0,0.0,0.0,0.0,0.0,0.0,1.1981659e10,0.0,0.0,0.0,0.0,0.0,1.1981659136e10,1.1981658854539673e10,281.4603271484375
NE,onshore_wind,1,1,3,1.0476740045122628e9,0.0,4.656867835900444e8,0.0,2.1414724e6,0.0,0.0,0.0,0.0,1.5155022e9,0.0,0.0,0.0,0.0,0.0,1.515502208e9,1.5155022605023074e9,-52.502307415008545
NE,battery,1,0,4,9.2399651133868e8,7.985042027297515e9,2.3095194664025933e8,1.9957280286950576e9,5.3322288e6,0.0,6.299892448720047e6,0.0,6.9009787e9,1.804833e10,0.0,0.0,0.0,0.0,0.0,1.8048329728e10,1.804832932322023e10,404.77976989746094
