region,Resource,zone,Cluster,R_ID,Inv_cost_MW,Inv_cost_MWh,Fixed_OM_cost_MW,Fixed_OM_cost_MWh,Var_OM_cost_out,Fuel_cost,Var_OM_cost_in,StartCost,Charge_cost,EnergyRevenue,SubsidyRevenue,ReserveMarginRevenue,ESRRevenue,EmissionsCost,RegSubsidyRevenue,Revenue,Cost,Profit
NE,ngcc,1,1,1,0.0,0.0,5.143500000317731e6,0.0,9.396739062499998e6,59633.67355826829,0.0,21767.682543683008,0.0,4.732162e7,0.0,0.0,0.0,0.0,0.0,4.732162e7,1.4621640418919683e7,3.2699979581080317e7
NE,natural_gas_combined_cycle,1,1,2,1.5126365838732355e9,0.0,2.379280204633635e8,0.0,4.06980094e8,2.580077227077313e6,0.0,269087.0506018836,0.0,2.1603937e9,0.0,0.0,0.0,0.0,0.0,2.160393728e9,2.1603938626142783e9,-134.6142783164978
NE,solar_pv,1,1,3,10.636333983606928,0.0,2.339245316910504,0.0,0.0,0.0,0.0,0.0,0.0,4.0227814,0.0,0.0,0.0,0.0,0.0,4.0227813720703125,12.975579300517431,-8.952797928447119
NE,onshore_wind,1,1,4,22.27176289253866,0.0,9.899706952388197,0.0,0.03985624015331269,0.0,0.0,0.0,0.0,14.322255,0.0,0.0,0.0,0.0,0.0,14.32225513458252,32.211326085080174,-17.889070950497654
NE,battery,1,0,5,218.13812403475694,273.8554814163003,54.52339241983942,68.44560845214014,1.491396188735962,0.0,1.7620412428822327,0.0,39.919006,591.9219,0.0,0.0,0.0,0.0,0.0,591.921875,658.1350501023112,-66.2131751023112
