region,Resource,zone,Cluster,R_ID,Inv_cost_MW,Inv_cost_MWh,Fixed_OM_cost_MW,Fixed_OM_cost_MWh,Var_OM_cost_out,Fuel_cost,Var_OM_cost_in,StartCost,Charge_cost,EnergyRevenue,SubsidyRevenue,ReserveMarginRevenue,ESRRevenue,EmissionsCost,RegSubsidyRevenue,Revenue,Cost,Profit
NE,natural_gas_combined_cycle,1,1,1,6.912961189348987e8,0.0,1.0873643999209943e8,0.0,3.684543959960937e7,1.0416959693447673e21,0.0,0.0,0.0,1.9044908e7,0.0,0.0,0.0,1.8081748138056807e7,0.0,1.9044908e7,1.041695969344931e21,-1.041695969344912e21
NE,solar_pv,1,1,2,9.82159811927959e12,0.0,2.1600607352600837e12,0.0,0.0,0.0,0.0,0.0,0.0,1.1981659e10,0.0,0.0,0.0,0.0,0.0,1.1981659136e10,2.1600607352600837e12,-2.1480790761240837e12
NE,onshore_wind,1,1,3,1.047674004512263e12,0.0,4.656867835900444e11,0.0,4.784495e8,0.0,0.0,0.0,0.0,1.5155022e9,0.0,0.0,0.0,0.0,0.0,1.515502208e9,4.661652330900444e11,-4.646497308820444e11
NE,battery,1,0,4,9.2399651133868e11,7.985042027297515e12,2.3095194664025934e11,1.9957280286950576e12,1.3135343999999998e9,0.0,1.5519074102542626e6,0.0,6.9009787e9,1.804833e10,0.0,0.0,0.0,0.0,0.0,1.8048329728e10,2.234896040330727e12,-2.216847710602727e12
