Status,Solve,Objval
OPTIMAL,7.964809894561768,24645.474910509867
