Status,Solve,Objval
OPTIMAL,13.61231780052185,2411.461174057891
