Status,Solve,Objval
OPTIMAL,1.4448480606079102,24645.47491050987
