Status,Solve,Objval
OPTIMAL,7.106225967407227,24645.47491050987
