Status,Solve,Objval
OPTIMAL,13.367942810058594,24645.47491050987
