Status,Solve,Objval
OPTIMAL,8.001920938491821,24645.474910509867
