Status,Solve,Objval
OPTIMAL,12.11696982383728,2411.461174057891
