Status,Solve,Objval
OPTIMAL,14.38841199874878,24645.47491050987
