Status,Solve,Objval,Objbound,FinalMIPGap
OPTIMAL,16.11591601371765,2217.9053741877624,2217.9053741877624,0.0
