Status,Solve,Objval
OPTIMAL,12.814981937408447,24645.47491050987
