Status,Solve,Objval
OPTIMAL,0.9872400760650635,24645.474910509867
