Status,Solve,Objval
OPTIMAL,12.359266996383667,24645.47491050987
