Status,Solve,Objval
OPTIMAL,7.865687847137451,24645.474910509867
