Status,Solve,Objval
OPTIMAL,12.854819059371948,24645.47491050987
