Status,Solve,Objval,Objbound,FinalMIPGap
OPTIMAL,15.445796966552734,2217.9053741877624,2217.9053741877624,0.0
