Status,Solve,Objval
OPTIMAL,15.38013219833374,2182.084777905816
