Status,Solve,Objval
OPTIMAL,4.187999963760376,5825.169108078972
