Iteration_Number,Seconds,Upper_Bound,Lower_Bound,Relative_Gap
1,32.26400017738342,22953.228296386427,22953.228296386424,1.5849530009965734e-16
