Status,Solve,Objval
OPTIMAL,53.42900013923645,1.269452805299316e10
