Status,Solve,Objval
OPTIMAL,12.0239999294281,66437.1646156902
