Status,Solve,Objval
OPTIMAL,21.986000061035156,14738.277777289499
