Status,Solve,Objval,Objbound,FinalMIPGap
OPTIMAL,12.845754146575928,7239.593582983932,7239.593582983932,0.0
