Status,Solve,Objval
OPTIMAL,7.748999834060669,4.8611950640098206e10
