Status,Solve,Objval
OPTIMAL,41.48799991607666,5311.304962888373
