Status,Solve,Objval
OPTIMAL,7.846999883651733,5.5058987526272535e6
