Status,Solve,Objval
LOCALLY_SOLVED,1007.3280000686646,61151.392109021835
