Status,Solve,Objval
OPTIMAL,6.759000062942505,49856.39201738807
