Status,Solve,Objval
OPTIMAL,81.20299983024597,7.142895195939082e9
