Status,Solve,Objval
OPTIMAL,1.0469999313354492,4902.527179223731
